epoch,train_loss,train_acc,val_loss,val_acc,val_macro_f1,lr,epoch_time_s
0,0.7008,0.7359,1.2537,0.5789,0.5400,1.00e-04,3.00
1,0.2736,0.9029,0.3227,0.8872,0.8892,1.00e-04,3.08
2,0.1473,0.9438,2.5753,0.6842,0.6743,1.00e-04,3.06
3,0.2065,0.9302,0.3473,0.8647,0.8711,1.00e-04,1.65
4,0.1379,0.9489,0.1707,0.9323,0.9339,1.00e-04,3.02
5,0.0684,0.9779,0.3807,0.8647,0.8675,1.00e-04,3.06
6,0.0655,0.9796,0.2938,0.9098,0.9145,1.00e-04,3.05
7,0.1070,0.9608,0.2317,0.9023,0.9069,1.00e-04,3.06
8,0.0438,0.9864,0.2215,0.9173,0.9196,1.00e-04,3.03
9,0.0232,0.9864,0.2284,0.9398,0.9412,1.00e-04,3.05
10,0.1464,0.9642,0.3535,0.8647,0.8707,1.00e-04,3.03
11,0.0786,0.9710,0.1674,0.9474,0.9498,1.00e-04,3.04
12,0.1477,0.9455,0.3990,0.8872,0.8948,1.00e-04,3.06
13,0.0693,0.9761,0.3380,0.9173,0.9189,1.00e-04,1.64
14,0.0580,0.9847,0.4920,0.8797,0.8872,1.00e-04,3.04
15,0.0743,0.9710,0.1101,0.9624,0.9639,1.00e-04,3.04
16,0.0361,0.9898,0.0920,0.9699,0.9720,1.00e-04,3.02
17,0.0409,0.9830,0.5028,0.8872,0.8880,1.00e-04,3.07
18,0.0563,0.9915,0.1756,0.9323,0.9367,1.00e-04,3.09
19,0.0087,1.0000,0.1537,0.9474,0.9497,1.00e-04,3.07
20,0.0022,0.9983,0.1529,0.9549,0.9570,1.00e-04,3.04
21,0.0007,1.0000,0.1699,0.9624,0.9650,1.00e-04,3.07
22,0.0722,0.9864,0.2151,0.9323,0.9349,1.00e-04,3.06
23,0.0625,0.9796,0.1584,0.9398,0.9417,1.00e-04,3.01
24,0.0551,0.9779,0.4310,0.9023,0.9001,5.00e-05,1.60
25,0.0630,0.9898,0.1759,0.9173,0.9199,5.00e-05,3.07
26,0.0103,0.9966,0.1111,0.9624,0.9652,5.00e-05,3.05
27,0.0039,0.9983,0.0881,0.9624,0.9638,5.00e-05,3.06
28,0.0008,1.0000,0.0881,0.9624,0.9638,5.00e-05,3.06
29,0.0015,1.0000,0.1112,0.9474,0.9488,5.00e-05,3.07
30,0.0203,0.9983,0.1126,0.9624,0.9638,5.00e-05,3.06
31,0.0099,0.9983,0.1566,0.9549,0.9571,5.00e-05,3.08
32,0.0215,0.9932,0.1928,0.9549,0.9550,2.50e-05,3.05
33,0.0051,0.9983,0.1399,0.9699,0.9707,2.50e-05,3.06
34,0.0009,1.0000,0.1201,0.9549,0.9566,2.50e-05,1.67
35,0.0009,1.0000,0.1136,0.9624,0.9636,2.50e-05,3.03
36,0.0007,1.0000,0.1067,0.9624,0.9636,2.50e-05,3.05
