task,run_id,group,dur_s
task1_iei,msthgr-clahe__aug__inception_v3__fold0__seed0,msthgr-clahe|aug|inception_v3,87
task1_iei,msthgr-clahe__aug__inception_v3__fold0__seed1,msthgr-clahe|aug|inception_v3,71
task1_iei,msthgr-clahe__aug__inception_v3__fold0__seed2,msthgr-clahe|aug|inception_v3,64
task1_iei,msthgr-clahe__aug__inception_v3__fold1__seed0,msthgr-clahe|aug|inception_v3,68
task1_iei,msthgr-clahe__aug__inception_v3__fold1__seed1,msthgr-clahe|aug|inception_v3,104
task1_iei,msthgr-clahe__aug__inception_v3__fold1__seed2,msthgr-clahe|aug|inception_v3,52
task1_iei,msthgr-clahe__aug__inception_v3__fold2__seed0,msthgr-clahe|aug|inception_v3,115
task1_iei,msthgr-clahe__aug__inception_v3__fold2__seed1,msthgr-clahe|aug|inception_v3,115
task1_iei,msthgr-clahe__aug__inception_v3__fold2__seed2,msthgr-clahe|aug|inception_v3,97
task1_iei,msthgr-clahe__aug__inception_v3__fold3__seed0,msthgr-clahe|aug|inception_v3,78
task1_iei,msthgr-clahe__aug__inception_v3__fold3__seed1,msthgr-clahe|aug|inception_v3,68
task1_iei,msthgr-clahe__aug__inception_v3__fold3__seed2,msthgr-clahe|aug|inception_v3,56
task1_iei,msthgr-clahe__aug__inception_v3__fold4__seed0,msthgr-clahe|aug|inception_v3,69
task1_iei,msthgr-clahe__aug__inception_v3__fold4__seed1,msthgr-clahe|aug|inception_v3,58
task1_iei,msthgr-clahe__aug__inception_v3__fold4__seed2,msthgr-clahe|aug|inception_v3,97
task1_iei,msthgr-clahe__aug__inception_v3__seed0,msthgr-clahe|aug|inception_v3,96
task1_iei,msthgr-clahe__aug__inception_v3__seed1,msthgr-clahe|aug|inception_v3,91
task1_iei,msthgr-clahe__aug__inception_v3__seed2,msthgr-clahe|aug|inception_v3,79
task1_iei,msthgr-clahe__aug__resnetv2_50__fold0__seed0,msthgr-clahe|aug|resnetv2_50,155
task1_iei,msthgr-clahe__aug__resnetv2_50__fold0__seed1,msthgr-clahe|aug|resnetv2_50,140
task1_iei,msthgr-clahe__aug__resnetv2_50__fold0__seed2,msthgr-clahe|aug|resnetv2_50,91
task1_iei,msthgr-clahe__aug__resnetv2_50__fold1__seed0,msthgr-clahe|aug|resnetv2_50,127
task1_iei,msthgr-clahe__aug__resnetv2_50__fold1__seed1,msthgr-clahe|aug|resnetv2_50,97
task1_iei,msthgr-clahe__aug__resnetv2_50__fold1__seed2,msthgr-clahe|aug|resnetv2_50,112
task1_iei,msthgr-clahe__aug__resnetv2_50__fold2__seed0,msthgr-clahe|aug|resnetv2_50,109
task1_iei,msthgr-clahe__aug__resnetv2_50__fold2__seed1,msthgr-clahe|aug|resnetv2_50,108
task1_iei,msthgr-clahe__aug__resnetv2_50__fold2__seed2,msthgr-clahe|aug|resnetv2_50,94
task1_iei,msthgr-clahe__aug__resnetv2_50__fold3__seed0,msthgr-clahe|aug|resnetv2_50,110
task1_iei,msthgr-clahe__aug__resnetv2_50__fold3__seed1,msthgr-clahe|aug|resnetv2_50,84
task1_iei,msthgr-clahe__aug__resnetv2_50__fold3__seed2,msthgr-clahe|aug|resnetv2_50,106
task1_iei,msthgr-clahe__aug__resnetv2_50__fold4__seed0,msthgr-clahe|aug|resnetv2_50,109
task1_iei,msthgr-clahe__aug__resnetv2_50__fold4__seed1,msthgr-clahe|aug|resnetv2_50,101
task1_iei,msthgr-clahe__aug__resnetv2_50__fold4__seed2,msthgr-clahe|aug|resnetv2_50,81
task1_iei,msthgr-clahe__aug__resnetv2_50__seed0,msthgr-clahe|aug|resnetv2_50,103
task1_iei,msthgr-clahe__aug__resnetv2_50__seed1,msthgr-clahe|aug|resnetv2_50,66
task1_iei,msthgr-clahe__aug__resnetv2_50__seed2,msthgr-clahe|aug|resnetv2_50,119
task1_iei,msthgr-clahe__aug__vgg16__fold0__seed0,msthgr-clahe|aug|vgg16,83
task1_iei,msthgr-clahe__aug__vgg16__fold0__seed1,msthgr-clahe|aug|vgg16,99
task1_iei,msthgr-clahe__aug__vgg16__fold0__seed2,msthgr-clahe|aug|vgg16,136
task1_iei,msthgr-clahe__aug__vgg16__fold1__seed0,msthgr-clahe|aug|vgg16,98
task1_iei,msthgr-clahe__aug__vgg16__fold1__seed1,msthgr-clahe|aug|vgg16,131
task1_iei,msthgr-clahe__aug__vgg16__fold1__seed2,msthgr-clahe|aug|vgg16,154
task1_iei,msthgr-clahe__aug__vgg16__fold2__seed0,msthgr-clahe|aug|vgg16,67
task1_iei,msthgr-clahe__aug__vgg16__fold2__seed1,msthgr-clahe|aug|vgg16,155
task1_iei,msthgr-clahe__aug__vgg16__fold2__seed2,msthgr-clahe|aug|vgg16,123
task1_iei,msthgr-clahe__aug__vgg16__fold3__seed0,msthgr-clahe|aug|vgg16,183
task1_iei,msthgr-clahe__aug__vgg16__fold3__seed1,msthgr-clahe|aug|vgg16,130
task1_iei,msthgr-clahe__aug__vgg16__fold3__seed2,msthgr-clahe|aug|vgg16,150
task1_iei,msthgr-clahe__aug__vgg16__fold4__seed0,msthgr-clahe|aug|vgg16,174
task1_iei,msthgr-clahe__aug__vgg16__fold4__seed1,msthgr-clahe|aug|vgg16,111
task1_iei,msthgr-clahe__aug__vgg16__fold4__seed2,msthgr-clahe|aug|vgg16,109
task1_iei,msthgr-clahe__aug__vgg16__seed0,msthgr-clahe|aug|vgg16,93
task1_iei,msthgr-clahe__aug__vgg16__seed1,msthgr-clahe|aug|vgg16,128
task1_iei,msthgr-clahe__aug__vgg16__seed2,msthgr-clahe|aug|vgg16,89
task1_iei,msthgr-clahe__noaug__inception_v3__fold0__seed0,msthgr-clahe|noaug|inception_v3,142
task1_iei,msthgr-clahe__noaug__inception_v3__fold0__seed1,msthgr-clahe|noaug|inception_v3,140
task1_iei,msthgr-clahe__noaug__inception_v3__fold0__seed2,msthgr-clahe|noaug|inception_v3,61
task1_iei,msthgr-clahe__noaug__inception_v3__fold1__seed0,msthgr-clahe|noaug|inception_v3,83
task1_iei,msthgr-clahe__noaug__inception_v3__fold1__seed1,msthgr-clahe|noaug|inception_v3,103
task1_iei,msthgr-clahe__noaug__inception_v3__fold1__seed2,msthgr-clahe|noaug|inception_v3,59
task1_iei,msthgr-clahe__noaug__inception_v3__fold2__seed0,msthgr-clahe|noaug|inception_v3,53
task1_iei,msthgr-clahe__noaug__inception_v3__fold2__seed1,msthgr-clahe|noaug|inception_v3,121
task1_iei,msthgr-clahe__noaug__inception_v3__fold2__seed2,msthgr-clahe|noaug|inception_v3,74
task1_iei,msthgr-clahe__noaug__inception_v3__fold3__seed0,msthgr-clahe|noaug|inception_v3,95
task1_iei,msthgr-clahe__noaug__inception_v3__fold3__seed1,msthgr-clahe|noaug|inception_v3,71
task1_iei,msthgr-clahe__noaug__inception_v3__fold3__seed2,msthgr-clahe|noaug|inception_v3,98
task1_iei,msthgr-clahe__noaug__inception_v3__fold4__seed0,msthgr-clahe|noaug|inception_v3,61
task1_iei,msthgr-clahe__noaug__inception_v3__fold4__seed1,msthgr-clahe|noaug|inception_v3,57
task1_iei,msthgr-clahe__noaug__inception_v3__fold4__seed2,msthgr-clahe|noaug|inception_v3,159
task1_iei,msthgr-clahe__noaug__inception_v3__seed0,msthgr-clahe|noaug|inception_v3,57
task1_iei,msthgr-clahe__noaug__inception_v3__seed1,msthgr-clahe|noaug|inception_v3,73
task1_iei,msthgr-clahe__noaug__inception_v3__seed2,msthgr-clahe|noaug|inception_v3,121
task1_iei,msthgr-clahe__noaug__resnetv2_50__fold0__seed0,msthgr-clahe|noaug|resnetv2_50,91
task1_iei,msthgr-clahe__noaug__resnetv2_50__fold0__seed1,msthgr-clahe|noaug|resnetv2_50,68
task1_iei,msthgr-clahe__noaug__resnetv2_50__fold0__seed2,msthgr-clahe|noaug|resnetv2_50,77
task1_iei,msthgr-clahe__noaug__resnetv2_50__fold1__seed0,msthgr-clahe|noaug|resnetv2_50,73
task1_iei,msthgr-clahe__noaug__resnetv2_50__fold1__seed1,msthgr-clahe|noaug|resnetv2_50,92
task1_iei,msthgr-clahe__noaug__resnetv2_50__fold1__seed2,msthgr-clahe|noaug|resnetv2_50,104
task1_iei,msthgr-clahe__noaug__resnetv2_50__fold2__seed0,msthgr-clahe|noaug|resnetv2_50,92
task1_iei,msthgr-clahe__noaug__resnetv2_50__fold2__seed1,msthgr-clahe|noaug|resnetv2_50,81
task1_iei,msthgr-clahe__noaug__resnetv2_50__fold2__seed2,msthgr-clahe|noaug|resnetv2_50,71
task1_iei,msthgr-clahe__noaug__resnetv2_50__fold3__seed0,msthgr-clahe|noaug|resnetv2_50,58
task1_iei,msthgr-clahe__noaug__resnetv2_50__fold3__seed1,msthgr-clahe|noaug|resnetv2_50,68
task1_iei,msthgr-clahe__noaug__resnetv2_50__fold3__seed2,msthgr-clahe|noaug|resnetv2_50,95
task1_iei,msthgr-clahe__noaug__resnetv2_50__fold4__seed0,msthgr-clahe|noaug|resnetv2_50,141
task1_iei,msthgr-clahe__noaug__resnetv2_50__fold4__seed1,msthgr-clahe|noaug|resnetv2_50,63
task1_iei,msthgr-clahe__noaug__resnetv2_50__fold4__seed2,msthgr-clahe|noaug|resnetv2_50,101
task1_iei,msthgr-clahe__noaug__resnetv2_50__seed0,msthgr-clahe|noaug|resnetv2_50,126
task1_iei,msthgr-clahe__noaug__resnetv2_50__seed1,msthgr-clahe|noaug|resnetv2_50,92
task1_iei,msthgr-clahe__noaug__resnetv2_50__seed2,msthgr-clahe|noaug|resnetv2_50,75
task1_iei,msthgr-clahe__noaug__vgg16__fold0__seed0,msthgr-clahe|noaug|vgg16,69
task1_iei,msthgr-clahe__noaug__vgg16__fold0__seed1,msthgr-clahe|noaug|vgg16,103
task1_iei,msthgr-clahe__noaug__vgg16__fold0__seed2,msthgr-clahe|noaug|vgg16,81
task1_iei,msthgr-clahe__noaug__vgg16__fold1__seed0,msthgr-clahe|noaug|vgg16,94
task1_iei,msthgr-clahe__noaug__vgg16__fold1__seed1,msthgr-clahe|noaug|vgg16,110
task1_iei,msthgr-clahe__noaug__vgg16__fold1__seed2,msthgr-clahe|noaug|vgg16,69
task1_iei,msthgr-clahe__noaug__vgg16__fold2__seed0,msthgr-clahe|noaug|vgg16,64
task1_iei,msthgr-clahe__noaug__vgg16__fold2__seed1,msthgr-clahe|noaug|vgg16,82
task1_iei,msthgr-clahe__noaug__vgg16__fold2__seed2,msthgr-clahe|noaug|vgg16,71
task1_iei,msthgr-clahe__noaug__vgg16__fold3__seed0,msthgr-clahe|noaug|vgg16,91
task1_iei,msthgr-clahe__noaug__vgg16__fold3__seed1,msthgr-clahe|noaug|vgg16,111
task1_iei,msthgr-clahe__noaug__vgg16__fold3__seed2,msthgr-clahe|noaug|vgg16,98
task1_iei,msthgr-clahe__noaug__vgg16__fold4__seed0,msthgr-clahe|noaug|vgg16,150
task1_iei,msthgr-clahe__noaug__vgg16__fold4__seed1,msthgr-clahe|noaug|vgg16,79
task1_iei,msthgr-clahe__noaug__vgg16__fold4__seed2,msthgr-clahe|noaug|vgg16,70
task1_iei,msthgr-clahe__noaug__vgg16__seed0,msthgr-clahe|noaug|vgg16,91
task1_iei,msthgr-clahe__noaug__vgg16__seed1,msthgr-clahe|noaug|vgg16,87
task1_iei,msthgr-clahe__noaug__vgg16__seed2,msthgr-clahe|noaug|vgg16,118
task1_iei,msthgr__aug__inception_v3__fold0__seed0,msthgr|aug|inception_v3,56
task1_iei,msthgr__aug__inception_v3__fold0__seed1,msthgr|aug|inception_v3,137
task1_iei,msthgr__aug__inception_v3__fold0__seed2,msthgr|aug|inception_v3,109
task1_iei,msthgr__aug__inception_v3__fold1__seed0,msthgr|aug|inception_v3,98
task1_iei,msthgr__aug__inception_v3__fold1__seed1,msthgr|aug|inception_v3,88
task1_iei,msthgr__aug__inception_v3__fold1__seed2,msthgr|aug|inception_v3,62
task1_iei,msthgr__aug__inception_v3__fold2__seed0,msthgr|aug|inception_v3,86
task1_iei,msthgr__aug__inception_v3__fold2__seed1,msthgr|aug|inception_v3,119
task1_iei,msthgr__aug__inception_v3__fold2__seed2,msthgr|aug|inception_v3,95
task1_iei,msthgr__aug__inception_v3__fold3__seed0,msthgr|aug|inception_v3,74
task1_iei,msthgr__aug__inception_v3__fold3__seed1,msthgr|aug|inception_v3,97
task1_iei,msthgr__aug__inception_v3__fold3__seed2,msthgr|aug|inception_v3,80
task1_iei,msthgr__aug__inception_v3__fold4__seed0,msthgr|aug|inception_v3,85
task1_iei,msthgr__aug__inception_v3__fold4__seed1,msthgr|aug|inception_v3,58
task1_iei,msthgr__aug__inception_v3__fold4__seed2,msthgr|aug|inception_v3,54
task1_iei,msthgr__aug__inception_v3__seed0,msthgr|aug|inception_v3,65
task1_iei,msthgr__aug__inception_v3__seed1,msthgr|aug|inception_v3,112
task1_iei,msthgr__aug__inception_v3__seed2,msthgr|aug|inception_v3,89
task1_iei,msthgr__aug__resnetv2_50__fold0__seed0,msthgr|aug|resnetv2_50,130
task1_iei,msthgr__aug__resnetv2_50__fold0__seed1,msthgr|aug|resnetv2_50,143
task1_iei,msthgr__aug__resnetv2_50__fold0__seed2,msthgr|aug|resnetv2_50,105
task1_iei,msthgr__aug__resnetv2_50__fold1__seed0,msthgr|aug|resnetv2_50,141
task1_iei,msthgr__aug__resnetv2_50__fold1__seed1,msthgr|aug|resnetv2_50,110
task1_iei,msthgr__aug__resnetv2_50__fold1__seed2,msthgr|aug|resnetv2_50,111
task1_iei,msthgr__aug__resnetv2_50__fold2__seed0,msthgr|aug|resnetv2_50,92
task1_iei,msthgr__aug__resnetv2_50__fold2__seed1,msthgr|aug|resnetv2_50,75
task1_iei,msthgr__aug__resnetv2_50__fold2__seed2,msthgr|aug|resnetv2_50,84
task1_iei,msthgr__aug__resnetv2_50__fold3__seed0,msthgr|aug|resnetv2_50,107
task1_iei,msthgr__aug__resnetv2_50__fold3__seed1,msthgr|aug|resnetv2_50,92
task1_iei,msthgr__aug__resnetv2_50__fold3__seed2,msthgr|aug|resnetv2_50,106
task1_iei,msthgr__aug__resnetv2_50__fold4__seed0,msthgr|aug|resnetv2_50,74
task1_iei,msthgr__aug__resnetv2_50__fold4__seed1,msthgr|aug|resnetv2_50,99
task1_iei,msthgr__aug__resnetv2_50__fold4__seed2,msthgr|aug|resnetv2_50,79
task1_iei,msthgr__aug__resnetv2_50__seed0,msthgr|aug|resnetv2_50,114
task1_iei,msthgr__aug__resnetv2_50__seed1,msthgr|aug|resnetv2_50,85
task1_iei,msthgr__aug__resnetv2_50__seed2,msthgr|aug|resnetv2_50,113
task1_iei,msthgr__aug__vgg16__fold0__seed0,msthgr|aug|vgg16,73
task1_iei,msthgr__aug__vgg16__fold0__seed1,msthgr|aug|vgg16,126
task1_iei,msthgr__aug__vgg16__fold0__seed2,msthgr|aug|vgg16,113
task1_iei,msthgr__aug__vgg16__fold1__seed0,msthgr|aug|vgg16,84
task1_iei,msthgr__aug__vgg16__fold1__seed1,msthgr|aug|vgg16,113
task1_iei,msthgr__aug__vgg16__fold1__seed2,msthgr|aug|vgg16,138
task1_iei,msthgr__aug__vgg16__fold2__seed0,msthgr|aug|vgg16,110
task1_iei,msthgr__aug__vgg16__fold2__seed1,msthgr|aug|vgg16,180
task1_iei,msthgr__aug__vgg16__fold2__seed2,msthgr|aug|vgg16,151
task1_iei,msthgr__aug__vgg16__fold3__seed0,msthgr|aug|vgg16,135
task1_iei,msthgr__aug__vgg16__fold3__seed1,msthgr|aug|vgg16,234
task1_iei,msthgr__aug__vgg16__fold3__seed2,msthgr|aug|vgg16,136
task1_iei,msthgr__aug__vgg16__fold4__seed0,msthgr|aug|vgg16,159
task1_iei,msthgr__aug__vgg16__fold4__seed1,msthgr|aug|vgg16,105
task1_iei,msthgr__aug__vgg16__fold4__seed2,msthgr|aug|vgg16,123
task1_iei,msthgr__aug__vgg16__seed0,msthgr|aug|vgg16,133
task1_iei,msthgr__aug__vgg16__seed1,msthgr|aug|vgg16,119
task1_iei,msthgr__aug__vgg16__seed2,msthgr|aug|vgg16,107
task1_iei,msthgr__noaug__inception_v3__fold0__seed0,msthgr|noaug|inception_v3,48
task1_iei,msthgr__noaug__inception_v3__fold0__seed1,msthgr|noaug|inception_v3,75
task1_iei,msthgr__noaug__inception_v3__fold0__seed2,msthgr|noaug|inception_v3,62
task1_iei,msthgr__noaug__inception_v3__fold1__seed0,msthgr|noaug|inception_v3,82
task1_iei,msthgr__noaug__inception_v3__fold1__seed1,msthgr|noaug|inception_v3,64
task1_iei,msthgr__noaug__inception_v3__fold1__seed2,msthgr|noaug|inception_v3,104
task1_iei,msthgr__noaug__inception_v3__fold2__seed0,msthgr|noaug|inception_v3,64
task1_iei,msthgr__noaug__inception_v3__fold2__seed1,msthgr|noaug|inception_v3,85
task1_iei,msthgr__noaug__inception_v3__fold2__seed2,msthgr|noaug|inception_v3,52
task1_iei,msthgr__noaug__inception_v3__fold3__seed0,msthgr|noaug|inception_v3,51
task1_iei,msthgr__noaug__inception_v3__fold3__seed1,msthgr|noaug|inception_v3,88
task1_iei,msthgr__noaug__inception_v3__fold3__seed2,msthgr|noaug|inception_v3,77
task1_iei,msthgr__noaug__inception_v3__fold4__seed0,msthgr|noaug|inception_v3,69
task1_iei,msthgr__noaug__inception_v3__fold4__seed1,msthgr|noaug|inception_v3,75
task1_iei,msthgr__noaug__inception_v3__fold4__seed2,msthgr|noaug|inception_v3,96
task1_iei,msthgr__noaug__inception_v3__seed0,msthgr|noaug|inception_v3,59
task1_iei,msthgr__noaug__inception_v3__seed1,msthgr|noaug|inception_v3,72
task1_iei,msthgr__noaug__inception_v3__seed2,msthgr|noaug|inception_v3,54
task1_iei,msthgr__noaug__resnetv2_50__fold0__seed0,msthgr|noaug|resnetv2_50,133
task1_iei,msthgr__noaug__resnetv2_50__fold0__seed1,msthgr|noaug|resnetv2_50,81
task1_iei,msthgr__noaug__resnetv2_50__fold0__seed2,msthgr|noaug|resnetv2_50,76
task1_iei,msthgr__noaug__resnetv2_50__fold1__seed0,msthgr|noaug|resnetv2_50,122
task1_iei,msthgr__noaug__resnetv2_50__fold1__seed1,msthgr|noaug|resnetv2_50,91
task1_iei,msthgr__noaug__resnetv2_50__fold1__seed2,msthgr|noaug|resnetv2_50,91
task1_iei,msthgr__noaug__resnetv2_50__fold2__seed0,msthgr|noaug|resnetv2_50,80
task1_iei,msthgr__noaug__resnetv2_50__fold2__seed1,msthgr|noaug|resnetv2_50,90
task1_iei,msthgr__noaug__resnetv2_50__fold2__seed2,msthgr|noaug|resnetv2_50,83
task1_iei,msthgr__noaug__resnetv2_50__fold3__seed0,msthgr|noaug|resnetv2_50,69
task1_iei,msthgr__noaug__resnetv2_50__fold3__seed1,msthgr|noaug|resnetv2_50,67
task1_iei,msthgr__noaug__resnetv2_50__fold3__seed2,msthgr|noaug|resnetv2_50,79
task1_iei,msthgr__noaug__resnetv2_50__fold4__seed0,msthgr|noaug|resnetv2_50,112
task1_iei,msthgr__noaug__resnetv2_50__fold4__seed1,msthgr|noaug|resnetv2_50,108
task1_iei,msthgr__noaug__resnetv2_50__fold4__seed2,msthgr|noaug|resnetv2_50,100
task1_iei,msthgr__noaug__resnetv2_50__seed0,msthgr|noaug|resnetv2_50,83
task1_iei,msthgr__noaug__resnetv2_50__seed1,msthgr|noaug|resnetv2_50,83
task1_iei,msthgr__noaug__resnetv2_50__seed2,msthgr|noaug|resnetv2_50,80
task1_iei,msthgr__noaug__vgg16__fold0__seed0,msthgr|noaug|vgg16,84
task1_iei,msthgr__noaug__vgg16__fold0__seed1,msthgr|noaug|vgg16,74
task1_iei,msthgr__noaug__vgg16__fold0__seed2,msthgr|noaug|vgg16,92
task1_iei,msthgr__noaug__vgg16__fold1__seed0,msthgr|noaug|vgg16,80
task1_iei,msthgr__noaug__vgg16__fold1__seed1,msthgr|noaug|vgg16,72
task1_iei,msthgr__noaug__vgg16__fold1__seed2,msthgr|noaug|vgg16,74
task1_iei,msthgr__noaug__vgg16__fold2__seed0,msthgr|noaug|vgg16,79
task1_iei,msthgr__noaug__vgg16__fold2__seed1,msthgr|noaug|vgg16,81
task1_iei,msthgr__noaug__vgg16__fold2__seed2,msthgr|noaug|vgg16,101
task1_iei,msthgr__noaug__vgg16__fold3__seed0,msthgr|noaug|vgg16,140
task1_iei,msthgr__noaug__vgg16__fold3__seed1,msthgr|noaug|vgg16,89
task1_iei,msthgr__noaug__vgg16__fold3__seed2,msthgr|noaug|vgg16,74
task1_iei,msthgr__noaug__vgg16__fold4__seed0,msthgr|noaug|vgg16,78
task1_iei,msthgr__noaug__vgg16__fold4__seed1,msthgr|noaug|vgg16,87
task1_iei,msthgr__noaug__vgg16__fold4__seed2,msthgr|noaug|vgg16,100
task1_iei,msthgr__noaug__vgg16__seed0,msthgr|noaug|vgg16,79
task1_iei,msthgr__noaug__vgg16__seed1,msthgr|noaug|vgg16,85
task1_iei,msthgr__noaug__vgg16__seed2,msthgr|noaug|vgg16,130
task1_iei,none__aug__inception_v3__fold0__seed0,none|aug|inception_v3,82
task1_iei,none__aug__inception_v3__fold0__seed1,none|aug|inception_v3,112
task1_iei,none__aug__inception_v3__fold0__seed2,none|aug|inception_v3,80
task1_iei,none__aug__inception_v3__fold1__seed0,none|aug|inception_v3,107
task1_iei,none__aug__inception_v3__fold1__seed1,none|aug|inception_v3,121
task1_iei,none__aug__inception_v3__fold1__seed2,none|aug|inception_v3,170
task1_iei,none__aug__inception_v3__fold2__seed0,none|aug|inception_v3,107
task1_iei,none__aug__inception_v3__fold2__seed1,none|aug|inception_v3,76
task1_iei,none__aug__inception_v3__fold2__seed2,none|aug|inception_v3,95
task1_iei,none__aug__inception_v3__fold3__seed0,none|aug|inception_v3,94
task1_iei,none__aug__inception_v3__fold3__seed1,none|aug|inception_v3,121
task1_iei,none__aug__inception_v3__fold3__seed2,none|aug|inception_v3,117
task1_iei,none__aug__inception_v3__fold4__seed0,none|aug|inception_v3,129
task1_iei,none__aug__inception_v3__fold4__seed1,none|aug|inception_v3,57
task1_iei,none__aug__inception_v3__fold4__seed2,none|aug|inception_v3,66
task1_iei,none__aug__inception_v3__seed0,none|aug|inception_v3,79
task1_iei,none__aug__inception_v3__seed1,none|aug|inception_v3,59
task1_iei,none__aug__inception_v3__seed2,none|aug|inception_v3,66
task1_iei,none__aug__resnetv2_50__fold0__seed0,none|aug|resnetv2_50,117
task1_iei,none__aug__resnetv2_50__fold0__seed1,none|aug|resnetv2_50,99
task1_iei,none__aug__resnetv2_50__fold0__seed2,none|aug|resnetv2_50,73
task1_iei,none__aug__resnetv2_50__fold1__seed0,none|aug|resnetv2_50,90
task1_iei,none__aug__resnetv2_50__fold1__seed1,none|aug|resnetv2_50,113
task1_iei,none__aug__resnetv2_50__fold1__seed2,none|aug|resnetv2_50,134
task1_iei,none__aug__resnetv2_50__fold2__seed0,none|aug|resnetv2_50,109
task1_iei,none__aug__resnetv2_50__fold2__seed1,none|aug|resnetv2_50,89
task1_iei,none__aug__resnetv2_50__fold2__seed2,none|aug|resnetv2_50,77
task1_iei,none__aug__resnetv2_50__fold3__seed0,none|aug|resnetv2_50,105
task1_iei,none__aug__resnetv2_50__fold3__seed1,none|aug|resnetv2_50,104
task1_iei,none__aug__resnetv2_50__fold3__seed2,none|aug|resnetv2_50,108
task1_iei,none__aug__resnetv2_50__fold4__seed0,none|aug|resnetv2_50,88
task1_iei,none__aug__resnetv2_50__fold4__seed1,none|aug|resnetv2_50,77
task1_iei,none__aug__resnetv2_50__fold4__seed2,none|aug|resnetv2_50,118
task1_iei,none__aug__resnetv2_50__seed0,none|aug|resnetv2_50,77
task1_iei,none__aug__resnetv2_50__seed1,none|aug|resnetv2_50,85
task1_iei,none__aug__resnetv2_50__seed2,none|aug|resnetv2_50,99
task1_iei,none__aug__vgg16__fold0__seed0,none|aug|vgg16,108
task1_iei,none__aug__vgg16__fold0__seed1,none|aug|vgg16,123
task1_iei,none__aug__vgg16__fold0__seed2,none|aug|vgg16,75
task1_iei,none__aug__vgg16__fold1__seed0,none|aug|vgg16,99
task1_iei,none__aug__vgg16__fold1__seed1,none|aug|vgg16,127
task1_iei,none__aug__vgg16__fold1__seed2,none|aug|vgg16,97
task1_iei,none__aug__vgg16__fold2__seed0,none|aug|vgg16,85
task1_iei,none__aug__vgg16__fold2__seed1,none|aug|vgg16,93
task1_iei,none__aug__vgg16__fold2__seed2,none|aug|vgg16,123
task1_iei,none__aug__vgg16__fold3__seed0,none|aug|vgg16,103
task1_iei,none__aug__vgg16__fold3__seed1,none|aug|vgg16,92
task1_iei,none__aug__vgg16__fold3__seed2,none|aug|vgg16,75
task1_iei,none__aug__vgg16__fold4__seed0,none|aug|vgg16,198
task1_iei,none__aug__vgg16__fold4__seed1,none|aug|vgg16,86
task1_iei,none__aug__vgg16__fold4__seed2,none|aug|vgg16,107
task1_iei,none__aug__vgg16__seed0,none|aug|vgg16,107
task1_iei,none__aug__vgg16__seed1,none|aug|vgg16,85
task1_iei,none__aug__vgg16__seed2,none|aug|vgg16,122
task1_iei,none__noaug__convnext_tiny__fold0__seed0,none|noaug|convnext_tiny,122
task1_iei,none__noaug__convnext_tiny__fold0__seed1,none|noaug|convnext_tiny,127
task1_iei,none__noaug__convnext_tiny__fold0__seed2,none|noaug|convnext_tiny,43
task1_iei,none__noaug__convnext_tiny__fold1__seed0,none|noaug|convnext_tiny,99
task1_iei,none__noaug__convnext_tiny__fold1__seed1,none|noaug|convnext_tiny,125
task1_iei,none__noaug__convnext_tiny__fold1__seed2,none|noaug|convnext_tiny,42
task1_iei,none__noaug__convnext_tiny__fold2__seed0,none|noaug|convnext_tiny,95
task1_iei,none__noaug__convnext_tiny__fold2__seed1,none|noaug|convnext_tiny,129
task1_iei,none__noaug__convnext_tiny__fold2__seed2,none|noaug|convnext_tiny,39
task1_iei,none__noaug__convnext_tiny__fold3__seed0,none|noaug|convnext_tiny,112
task1_iei,none__noaug__convnext_tiny__fold3__seed1,none|noaug|convnext_tiny,124
task1_iei,none__noaug__convnext_tiny__fold3__seed2,none|noaug|convnext_tiny,40
task1_iei,none__noaug__convnext_tiny__fold4__seed0,none|noaug|convnext_tiny,112
task1_iei,none__noaug__convnext_tiny__fold4__seed1,none|noaug|convnext_tiny,125
task1_iei,none__noaug__convnext_tiny__fold4__seed2,none|noaug|convnext_tiny,40
task1_iei,none__noaug__convnext_tiny__seed0,none|noaug|convnext_tiny,42
task1_iei,none__noaug__convnext_tiny__seed1,none|noaug|convnext_tiny,47
task1_iei,none__noaug__convnext_tiny__seed2,none|noaug|convnext_tiny,42
task1_iei,none__noaug__deit_small_patch16_224__fold0__seed0,none|noaug|deit_small_patch16_224,37
task1_iei,none__noaug__deit_small_patch16_224__fold0__seed1,none|noaug|deit_small_patch16_224,35
task1_iei,none__noaug__deit_small_patch16_224__fold0__seed2,none|noaug|deit_small_patch16_224,43
task1_iei,none__noaug__deit_small_patch16_224__fold1__seed0,none|noaug|deit_small_patch16_224,35
task1_iei,none__noaug__deit_small_patch16_224__fold1__seed1,none|noaug|deit_small_patch16_224,48
task1_iei,none__noaug__deit_small_patch16_224__fold1__seed2,none|noaug|deit_small_patch16_224,37
task1_iei,none__noaug__deit_small_patch16_224__fold2__seed0,none|noaug|deit_small_patch16_224,40
task1_iei,none__noaug__deit_small_patch16_224__fold2__seed1,none|noaug|deit_small_patch16_224,45
task1_iei,none__noaug__deit_small_patch16_224__fold2__seed2,none|noaug|deit_small_patch16_224,37
task1_iei,none__noaug__deit_small_patch16_224__fold3__seed0,none|noaug|deit_small_patch16_224,39
task1_iei,none__noaug__deit_small_patch16_224__fold3__seed1,none|noaug|deit_small_patch16_224,46
task1_iei,none__noaug__deit_small_patch16_224__fold3__seed2,none|noaug|deit_small_patch16_224,44
task1_iei,none__noaug__deit_small_patch16_224__fold4__seed0,none|noaug|deit_small_patch16_224,37
task1_iei,none__noaug__deit_small_patch16_224__fold4__seed1,none|noaug|deit_small_patch16_224,34
task1_iei,none__noaug__deit_small_patch16_224__fold4__seed2,none|noaug|deit_small_patch16_224,38
task1_iei,none__noaug__deit_small_patch16_224__seed0,none|noaug|deit_small_patch16_224,42
task1_iei,none__noaug__deit_small_patch16_224__seed1,none|noaug|deit_small_patch16_224,42
task1_iei,none__noaug__deit_small_patch16_224__seed2,none|noaug|deit_small_patch16_224,43
task1_iei,none__noaug__inception_v3__fold0__seed0,none|noaug|inception_v3,106
task1_iei,none__noaug__inception_v3__fold0__seed1,none|noaug|inception_v3,125
task1_iei,none__noaug__inception_v3__fold0__seed2,none|noaug|inception_v3,111
task1_iei,none__noaug__inception_v3__fold1__seed0,none|noaug|inception_v3,58
task1_iei,none__noaug__inception_v3__fold1__seed1,none|noaug|inception_v3,79
task1_iei,none__noaug__inception_v3__fold1__seed2,none|noaug|inception_v3,85
task1_iei,none__noaug__inception_v3__fold2__seed0,none|noaug|inception_v3,80
task1_iei,none__noaug__inception_v3__fold2__seed1,none|noaug|inception_v3,75
task1_iei,none__noaug__inception_v3__fold2__seed2,none|noaug|inception_v3,119
task1_iei,none__noaug__inception_v3__fold3__seed0,none|noaug|inception_v3,77
task1_iei,none__noaug__inception_v3__fold3__seed1,none|noaug|inception_v3,56
task1_iei,none__noaug__inception_v3__fold3__seed2,none|noaug|inception_v3,91
task1_iei,none__noaug__inception_v3__fold4__seed0,none|noaug|inception_v3,97
task1_iei,none__noaug__inception_v3__fold4__seed1,none|noaug|inception_v3,52
task1_iei,none__noaug__inception_v3__fold4__seed2,none|noaug|inception_v3,63
task1_iei,none__noaug__inception_v3__seed0,none|noaug|inception_v3,86
task1_iei,none__noaug__inception_v3__seed1,none|noaug|inception_v3,55
task1_iei,none__noaug__inception_v3__seed2,none|noaug|inception_v3,57
task1_iei,none__noaug__resnetv2_50__fold0__seed0,none|noaug|resnetv2_50,122
task1_iei,none__noaug__resnetv2_50__fold0__seed1,none|noaug|resnetv2_50,92
task1_iei,none__noaug__resnetv2_50__fold0__seed2,none|noaug|resnetv2_50,69
task1_iei,none__noaug__resnetv2_50__fold1__seed0,none|noaug|resnetv2_50,93
task1_iei,none__noaug__resnetv2_50__fold1__seed1,none|noaug|resnetv2_50,139
task1_iei,none__noaug__resnetv2_50__fold1__seed2,none|noaug|resnetv2_50,118
task1_iei,none__noaug__resnetv2_50__fold2__seed0,none|noaug|resnetv2_50,81
task1_iei,none__noaug__resnetv2_50__fold2__seed1,none|noaug|resnetv2_50,82
task1_iei,none__noaug__resnetv2_50__fold2__seed2,none|noaug|resnetv2_50,81
task1_iei,none__noaug__resnetv2_50__fold3__seed0,none|noaug|resnetv2_50,67
task1_iei,none__noaug__resnetv2_50__fold3__seed1,none|noaug|resnetv2_50,66
task1_iei,none__noaug__resnetv2_50__fold3__seed2,none|noaug|resnetv2_50,68
task1_iei,none__noaug__resnetv2_50__fold4__seed0,none|noaug|resnetv2_50,98
task1_iei,none__noaug__resnetv2_50__fold4__seed1,none|noaug|resnetv2_50,109
task1_iei,none__noaug__resnetv2_50__fold4__seed2,none|noaug|resnetv2_50,70
task1_iei,none__noaug__resnetv2_50__seed0,none|noaug|resnetv2_50,66
task1_iei,none__noaug__resnetv2_50__seed1,none|noaug|resnetv2_50,73
task1_iei,none__noaug__resnetv2_50__seed2,none|noaug|resnetv2_50,88
task1_iei,none__noaug__tf_efficientnetv2_s__fold0__seed0,none|noaug|tf_efficientnetv2_s,97
task1_iei,none__noaug__tf_efficientnetv2_s__fold0__seed1,none|noaug|tf_efficientnetv2_s,83
task1_iei,none__noaug__tf_efficientnetv2_s__fold0__seed2,none|noaug|tf_efficientnetv2_s,164
task1_iei,none__noaug__tf_efficientnetv2_s__fold1__seed0,none|noaug|tf_efficientnetv2_s,73
task1_iei,none__noaug__tf_efficientnetv2_s__fold1__seed1,none|noaug|tf_efficientnetv2_s,66
task1_iei,none__noaug__tf_efficientnetv2_s__fold1__seed2,none|noaug|tf_efficientnetv2_s,103
task1_iei,none__noaug__tf_efficientnetv2_s__fold2__seed0,none|noaug|tf_efficientnetv2_s,182
task1_iei,none__noaug__tf_efficientnetv2_s__fold2__seed1,none|noaug|tf_efficientnetv2_s,77
task1_iei,none__noaug__tf_efficientnetv2_s__fold2__seed2,none|noaug|tf_efficientnetv2_s,155
task1_iei,none__noaug__tf_efficientnetv2_s__fold3__seed0,none|noaug|tf_efficientnetv2_s,172
task1_iei,none__noaug__tf_efficientnetv2_s__fold3__seed1,none|noaug|tf_efficientnetv2_s,89
task1_iei,none__noaug__tf_efficientnetv2_s__fold3__seed2,none|noaug|tf_efficientnetv2_s,163
task1_iei,none__noaug__tf_efficientnetv2_s__fold4__seed0,none|noaug|tf_efficientnetv2_s,92
task1_iei,none__noaug__tf_efficientnetv2_s__fold4__seed1,none|noaug|tf_efficientnetv2_s,88
task1_iei,none__noaug__tf_efficientnetv2_s__fold4__seed2,none|noaug|tf_efficientnetv2_s,91
task1_iei,none__noaug__tf_efficientnetv2_s__seed0,none|noaug|tf_efficientnetv2_s,88
task1_iei,none__noaug__tf_efficientnetv2_s__seed1,none|noaug|tf_efficientnetv2_s,92
task1_iei,none__noaug__tf_efficientnetv2_s__seed2,none|noaug|tf_efficientnetv2_s,72
task1_iei,none__noaug__vgg16__fold0__seed0,none|noaug|vgg16,70
task1_iei,none__noaug__vgg16__fold0__seed1,none|noaug|vgg16,68
task1_iei,none__noaug__vgg16__fold0__seed2,none|noaug|vgg16,81
task1_iei,none__noaug__vgg16__fold1__seed0,none|noaug|vgg16,86
task1_iei,none__noaug__vgg16__fold1__seed1,none|noaug|vgg16,73
task1_iei,none__noaug__vgg16__fold1__seed2,none|noaug|vgg16,64
task1_iei,none__noaug__vgg16__fold2__seed0,none|noaug|vgg16,77
task1_iei,none__noaug__vgg16__fold2__seed1,none|noaug|vgg16,97
task1_iei,none__noaug__vgg16__fold2__seed2,none|noaug|vgg16,69
task1_iei,none__noaug__vgg16__fold3__seed0,none|noaug|vgg16,81
task1_iei,none__noaug__vgg16__fold3__seed1,none|noaug|vgg16,95
task1_iei,none__noaug__vgg16__fold3__seed2,none|noaug|vgg16,82
task1_iei,none__noaug__vgg16__fold4__seed0,none|noaug|vgg16,119
task1_iei,none__noaug__vgg16__fold4__seed1,none|noaug|vgg16,65
task1_iei,none__noaug__vgg16__fold4__seed2,none|noaug|vgg16,67
task1_iei,none__noaug__vgg16__seed0,none|noaug|vgg16,90
task1_iei,none__noaug__vgg16__seed1,none|noaug|vgg16,104
task1_iei,none__noaug__vgg16__seed2,none|noaug|vgg16,88
