condition,macro_f1_mean,macro_f1_std,f1_Endodontics,f1_Healthy,f1_Impacted,f1_Implant
orig,0.9078,0.0129,0.9692,0.9578,0.8446,0.8595
jitter_0.05,0.9004,0.0118,0.9690,0.9590,0.8399,0.8336
jitter_0.1,0.8995,0.0208,0.9667,0.9550,0.8244,0.8519
jitter_0.2,0.8817,0.0233,0.9570,0.9488,0.8128,0.8083
jitter_0.3,0.8217,0.0222,0.9230,0.9198,0.7687,0.6754
scale_0.7,0.7726,0.0631,0.9251,0.9259,0.6746,0.5648
scale_0.85,0.8727,0.0341,0.9604,0.9492,0.7697,0.8116
scale_1.15,0.9113,0.0076,0.9658,0.9556,0.8705,0.8531
scale_1.3,0.9060,0.0121,0.9584,0.9493,0.8856,0.8305
scale_1.5,0.8727,0.0239,0.9317,0.9227,0.8307,0.8057
