filepath,class,source,patient_id
Healthy/lyria__P0744__b1.png,Healthy,lyria,P0744
Impacted/lyria__P0087__b2.png,Impacted,lyria,P0087
Healthy/lyria__P0139__b2.png,Healthy,lyria,P0139
Endodontics/lyria__P0730__b0.png,Endodontics,lyria,P0730
Implant/dentex__145.png,Implant,dentex,dentex_145
Endodontics/lyria__P0174__b1.png,Endodontics,lyria,P0174
Healthy/lyria__P0602__b1.png,Healthy,lyria,P0602
Implant/dentex__143.png,Implant,dentex,dentex_143
Impacted/lyria__P0036__b0.png,Impacted,lyria,P0036
Impacted/lyria__P0468__b3.png,Impacted,lyria,P0468
Endodontics/lyria__P0246__b0.png,Endodontics,lyria,P0246
Healthy/lyria__P0243__b1.png,Healthy,lyria,P0243
Endodontics/lyria__P0530__b1.png,Endodontics,lyria,P0530
Implant/dentex__113.png,Implant,dentex,dentex_113
Implant/lyria__P0050__b2.png,Implant,lyria,P0050
Endodontics/lyria__P0550__b2.png,Endodontics,lyria,P0550
Endodontics/lyria__P0422__b2.png,Endodontics,lyria,P0422
Implant/dentex__71.png,Implant,dentex,dentex_71
Implant/dentex__35.png,Implant,dentex,dentex_35
Implant/dentex__47.png,Implant,dentex,dentex_47
Healthy/lyria__P0422__b3.png,Healthy,lyria,P0422
Healthy/lyria__P0678__b0.png,Healthy,lyria,P0678
Implant/lyria__P0373__b0.png,Implant,lyria,P0373
Healthy/lyria__P0151__b1.png,Healthy,lyria,P0151
Impacted/lyria__P0452__b0.png,Impacted,lyria,P0452
Healthy/lyria__P0474__b5.png,Healthy,lyria,P0474
Healthy/lyria__P0222__b1.png,Healthy,lyria,P0222
Endodontics/lyria__P0213__b5.png,Endodontics,lyria,P0213
Impacted/lyria__P0301__b0.png,Impacted,lyria,P0301
Impacted/lyria__P0453__b0.png,Impacted,lyria,P0453
Implant/dentex__60.png,Implant,dentex,dentex_60
Impacted/lyria__P0311__b1.png,Impacted,lyria,P0311
Healthy/lyria__P0472__b15.png,Healthy,lyria,P0472
Endodontics/lyria__P0692__b0.png,Endodontics,lyria,P0692
Endodontics/lyria__P0750__b0.png,Endodontics,lyria,P0750
Impacted/lyria__P0171__b3.png,Impacted,lyria,P0171
Endodontics/lyria__P0701__b2.png,Endodontics,lyria,P0701
Impacted/lyria__P0700__b0.png,Impacted,lyria,P0700
Implant/lyria__P0096__b3.png,Implant,lyria,P0096
Implant/dentex__13.png,Implant,dentex,dentex_13
Endodontics/lyria__P0049__b2.png,Endodontics,lyria,P0049
Healthy/lyria__P0108__b2.png,Healthy,lyria,P0108
Healthy/lyria__P0199__b20.png,Healthy,lyria,P0199
Endodontics/lyria__P0566__b2.png,Endodontics,lyria,P0566
Endodontics/lyria__P0533__b1.png,Endodontics,lyria,P0533
Endodontics/lyria__P0669__b0.png,Endodontics,lyria,P0669
Healthy/lyria__P0049__b2.png,Healthy,lyria,P0049
Endodontics/lyria__P0086__b0.png,Endodontics,lyria,P0086
Endodontics/lyria__P0145__b3.png,Endodontics,lyria,P0145
Implant/lyria__P0520__b0.png,Implant,lyria,P0520
Endodontics/lyria__P0213__b8.png,Endodontics,lyria,P0213
Impacted/lyria__P0171__b0.png,Impacted,lyria,P0171
Endodontics/lyria__P0270__b0.png,Endodontics,lyria,P0270
Healthy/lyria__P0187__b2.png,Healthy,lyria,P0187
Impacted/lyria__P0150__b0.png,Impacted,lyria,P0150
Impacted/lyria__P0457__b0.png,Impacted,lyria,P0457
Implant/dentex__161.png,Implant,dentex,dentex_161
Impacted/lyria__P0377__b0.png,Impacted,lyria,P0377
Healthy/lyria__P0216__b8.png,Healthy,lyria,P0216
Implant/lyria__P0096__b1.png,Implant,lyria,P0096
Implant/lyria__P0422__b2.png,Implant,lyria,P0422
Healthy/lyria__P0499__b15.png,Healthy,lyria,P0499
Endodontics/lyria__P0790__b0.png,Endodontics,lyria,P0790
Endodontics/lyria__P0422__b0.png,Endodontics,lyria,P0422
Healthy/lyria__P0794__b5.png,Healthy,lyria,P0794
Implant/dentex__116.png,Implant,dentex,dentex_116
Endodontics/lyria__P0647__b2.png,Endodontics,lyria,P0647
Implant/dentex__84.png,Implant,dentex,dentex_84
Healthy/lyria__P0747__b5.png,Healthy,lyria,P0747
Endodontics/lyria__P0213__b2.png,Endodontics,lyria,P0213
Impacted/lyria__P0692__b0.png,Impacted,lyria,P0692
Endodontics/lyria__P0158__b2.png,Endodontics,lyria,P0158
Impacted/lyria__P0097__b0.png,Impacted,lyria,P0097
Endodontics/lyria__P0305__b4.png,Endodontics,lyria,P0305
Endodontics/lyria__P0262__b0.png,Endodontics,lyria,P0262
Impacted/lyria__P0262__b0.png,Impacted,lyria,P0262
Healthy/lyria__P0123__b0.png,Healthy,lyria,P0123
Endodontics/lyria__P0050__b2.png,Endodontics,lyria,P0050
Healthy/lyria__P0739__b6.png,Healthy,lyria,P0739
Endodontics/lyria__P0358__b1.png,Endodontics,lyria,P0358
Endodontics/lyria__P0329__b0.png,Endodontics,lyria,P0329
Healthy/lyria__P0443__b11.png,Healthy,lyria,P0443
Healthy/lyria__P0442__b0.png,Healthy,lyria,P0442
Healthy/lyria__P0554__b6.png,Healthy,lyria,P0554
Endodontics/lyria__P0305__b5.png,Endodontics,lyria,P0305
Healthy/lyria__P0292__b3.png,Healthy,lyria,P0292
Impacted/lyria__P0369__b0.png,Impacted,lyria,P0369
Implant/lyria__P0170__b3.png,Implant,lyria,P0170
Healthy/lyria__P0448__b23.png,Healthy,lyria,P0448
Healthy/lyria__P0248__b3.png,Healthy,lyria,P0248
Impacted/lyria__P0507__b0.png,Impacted,lyria,P0507
Implant/dentex__163.png,Implant,dentex,dentex_163
Implant/dentex__29.png,Implant,dentex,dentex_29
Implant/dentex__155.png,Implant,dentex,dentex_155
Healthy/lyria__P0080__b23.png,Healthy,lyria,P0080
Impacted/lyria__P0095__b0.png,Impacted,lyria,P0095
Healthy/lyria__P0318__b12.png,Healthy,lyria,P0318
Healthy/lyria__P0389__b11.png,Healthy,lyria,P0389
Healthy/lyria__P0186__b5.png,Healthy,lyria,P0186
Implant/lyria__P0566__b0.png,Implant,lyria,P0566
Implant/lyria__P0063__b0.png,Implant,lyria,P0063
Healthy/lyria__P0174__b1.png,Healthy,lyria,P0174
Implant/dentex__86.png,Implant,dentex,dentex_86
Healthy/lyria__P0355__b10.png,Healthy,lyria,P0355
Healthy/lyria__P0475__b10.png,Healthy,lyria,P0475
Endodontics/lyria__P0550__b3.png,Endodontics,lyria,P0550
Impacted/lyria__P0701__b1.png,Impacted,lyria,P0701
Implant/lyria__P0139__b3.png,Implant,lyria,P0139
Implant/lyria__P0139__b2.png,Implant,lyria,P0139
Implant/lyria__P0752__b0.png,Implant,lyria,P0752
Healthy/lyria__P0373__b4.png,Healthy,lyria,P0373
Endodontics/lyria__P0574__b1.png,Endodontics,lyria,P0574
Impacted/lyria__P0774__b0.png,Impacted,lyria,P0774
Implant/lyria__P0122__b1.png,Implant,lyria,P0122
Endodontics/lyria__P0566__b6.png,Endodontics,lyria,P0566
Implant/dentex__40.png,Implant,dentex,dentex_40
Implant/lyria__P0108__b1.png,Implant,lyria,P0108
Endodontics/lyria__P0560__b1.png,Endodontics,lyria,P0560
Implant/lyria__P0071__b1.png,Implant,lyria,P0071
Impacted/lyria__P0371__b0.png,Impacted,lyria,P0371
Impacted/lyria__P0369__b2.png,Impacted,lyria,P0369
Implant/lyria__P0071__b0.png,Implant,lyria,P0071
Implant/lyria__P0139__b5.png,Implant,lyria,P0139
Implant/dentex__96.png,Implant,dentex,dentex_96
Impacted/lyria__P0467__b0.png,Impacted,lyria,P0467
Implant/lyria__P0108__b2.png,Implant,lyria,P0108
Impacted/lyria__P0484__b0.png,Impacted,lyria,P0484
Healthy/lyria__P0411__b10.png,Healthy,lyria,P0411
Impacted/lyria__P0109__b0.png,Impacted,lyria,P0109
Implant/dentex__49.png,Implant,dentex,dentex_49
Impacted/lyria__P0341__b0.png,Impacted,lyria,P0341
Impacted/lyria__P0073__b0.png,Impacted,lyria,P0073
Implant/dentex__144.png,Implant,dentex,dentex_144
Impacted/lyria__P0028__b0.png,Impacted,lyria,P0028
Endodontics/lyria__P0647__b1.png,Endodontics,lyria,P0647
Impacted/lyria__P0502__b1.png,Impacted,lyria,P0502
Healthy/lyria__P0656__b22.png,Healthy,lyria,P0656
Healthy/lyria__P0520__b2.png,Healthy,lyria,P0520
Impacted/lyria__P0474__b2.png,Impacted,lyria,P0474
Implant/dentex__111.png,Implant,dentex,dentex_111
Healthy/lyria__P0301__b8.png,Healthy,lyria,P0301
Implant/dentex__136.png,Implant,dentex,dentex_136
Endodontics/lyria__P0375__b0.png,Endodontics,lyria,P0375
Endodontics/lyria__P0416__b1.png,Endodontics,lyria,P0416
Implant/lyria__P0050__b0.png,Implant,lyria,P0050
Implant/dentex__55.png,Implant,dentex,dentex_55
Healthy/lyria__P0507__b10.png,Healthy,lyria,P0507
Impacted/lyria__P0468__b2.png,Impacted,lyria,P0468
Endodontics/lyria__P0108__b3.png,Endodontics,lyria,P0108
Endodontics/lyria__P0550__b1.png,Endodontics,lyria,P0550
Healthy/lyria__P0780__b2.png,Healthy,lyria,P0780
Implant/lyria__P0139__b4.png,Implant,lyria,P0139
Healthy/lyria__P0327__b19.png,Healthy,lyria,P0327
Endodontics/lyria__P0292__b0.png,Endodontics,lyria,P0292
Impacted/lyria__P0186__b0.png,Impacted,lyria,P0186
Healthy/lyria__P0355__b13.png,Healthy,lyria,P0355
Impacted/lyria__P0090__b1.png,Impacted,lyria,P0090
Healthy/lyria__P0086__b8.png,Healthy,lyria,P0086
Healthy/lyria__P0655__b0.png,Healthy,lyria,P0655
Implant/dentex__109.png,Implant,dentex,dentex_109
Endodontics/lyria__P0531__b1.png,Endodontics,lyria,P0531
Implant/lyria__P0530__b0.png,Implant,lyria,P0530
Healthy/lyria__P0632__b0.png,Healthy,lyria,P0632
Healthy/lyria__P0185__b19.png,Healthy,lyria,P0185
Endodontics/lyria__P0375__b1.png,Endodontics,lyria,P0375
Endodontics/lyria__P0139__b5.png,Endodontics,lyria,P0139
Impacted/lyria__P0020__b0.png,Impacted,lyria,P0020
Impacted/lyria__P0147__b0.png,Impacted,lyria,P0147
Healthy/lyria__P0422__b1.png,Healthy,lyria,P0422
Impacted/lyria__P0286__b0.png,Impacted,lyria,P0286
Impacted/lyria__P0669__b2.png,Impacted,lyria,P0669
Implant/dentex__82.png,Implant,dentex,dentex_82
Healthy/lyria__P0566__b2.png,Healthy,lyria,P0566
Impacted/lyria__P0136__b2.png,Impacted,lyria,P0136
Impacted/lyria__P0499__b0.png,Impacted,lyria,P0499
Implant/dentex__167.png,Implant,dentex,dentex_167
Implant/lyria__P0063__b2.png,Implant,lyria,P0063
Impacted/lyria__P0701__b2.png,Impacted,lyria,P0701
Healthy/lyria__P0136__b3.png,Healthy,lyria,P0136
Endodontics/lyria__P0049__b3.png,Endodontics,lyria,P0049
Healthy/lyria__P0752__b1.png,Healthy,lyria,P0752
Endodontics/lyria__P0286__b6.png,Endodontics,lyria,P0286
Healthy/lyria__P0398__b1.png,Healthy,lyria,P0398
Endodontics/lyria__P0213__b4.png,Endodontics,lyria,P0213
Impacted/lyria__P0669__b0.png,Impacted,lyria,P0669
Endodontics/lyria__P0213__b6.png,Endodontics,lyria,P0213
Impacted/lyria__P0109__b1.png,Impacted,lyria,P0109
Healthy/lyria__P0158__b1.png,Healthy,lyria,P0158
Implant/dentex__59.png,Implant,dentex,dentex_59
Impacted/lyria__P0187__b3.png,Impacted,lyria,P0187
Healthy/lyria__P0122__b12.png,Healthy,lyria,P0122
Implant/dentex__27.png,Implant,dentex,dentex_27
Implant/dentex__24.png,Implant,dentex,dentex_24
Implant/dentex__101.png,Implant,dentex,dentex_101
Implant/dentex__169.png,Implant,dentex,dentex_169
Implant/lyria__P0655__b0.png,Implant,lyria,P0655
Implant/lyria__P0213__b0.png,Implant,lyria,P0213
Healthy/lyria__P0127__b11.png,Healthy,lyria,P0127
Implant/dentex__2.png,Implant,dentex,dentex_2
Endodontics/lyria__P0752__b5.png,Endodontics,lyria,P0752
Implant/dentex__42.png,Implant,dentex,dentex_42
Impacted/lyria__P0150__b3.png,Impacted,lyria,P0150
Implant/dentex__52.png,Implant,dentex,dentex_52
Implant/dentex__18.png,Implant,dentex,dentex_18
Implant/dentex__102.png,Implant,dentex,dentex_102
Endodontics/lyria__P0533__b0.png,Endodontics,lyria,P0533
Impacted/lyria__P0311__b0.png,Impacted,lyria,P0311
Impacted/lyria__P0503__b1.png,Impacted,lyria,P0503
Endodontics/lyria__P0049__b0.png,Endodontics,lyria,P0049
Healthy/lyria__P0560__b4.png,Healthy,lyria,P0560
Impacted/lyria__P0457__b2.png,Impacted,lyria,P0457
Impacted/lyria__P0087__b1.png,Impacted,lyria,P0087
Healthy/lyria__P0028__b21.png,Healthy,lyria,P0028
Endodontics/lyria__P0071__b1.png,Endodontics,lyria,P0071
Implant/dentex__77.png,Implant,dentex,dentex_77
Healthy/lyria__P0453__b20.png,Healthy,lyria,P0453
Implant/lyria__P0122__b0.png,Implant,lyria,P0122
Implant/lyria__P0655__b3.png,Implant,lyria,P0655
Endodontics/lyria__P0145__b2.png,Endodontics,lyria,P0145
Impacted/lyria__P0467__b3.png,Impacted,lyria,P0467
Healthy/lyria__P0097__b0.png,Healthy,lyria,P0097
Endodontics/lyria__P0305__b2.png,Endodontics,lyria,P0305
Implant/lyria__P0750__b1.png,Implant,lyria,P0750
Impacted/lyria__P0730__b0.png,Impacted,lyria,P0730
Implant/dentex__1.png,Implant,dentex,dentex_1
Implant/lyria__P0202__b0.png,Implant,lyria,P0202
Healthy/lyria__P0451__b21.png,Healthy,lyria,P0451
Endodontics/lyria__P0025__b1.png,Endodontics,lyria,P0025
Implant/dentex__10.png,Implant,dentex,dentex_10
Endodontics/lyria__P0186__b3.png,Endodontics,lyria,P0186
Healthy/lyria__P0473__b15.png,Healthy,lyria,P0473
Endodontics/lyria__P0174__b0.png,Endodontics,lyria,P0174
Impacted/lyria__P0479__b0.png,Impacted,lyria,P0479
Healthy/lyria__P0520__b4.png,Healthy,lyria,P0520
Implant/dentex__54.png,Implant,dentex,dentex_54
Endodontics/lyria__P0305__b1.png,Endodontics,lyria,P0305
Impacted/lyria__P0331__b0.png,Impacted,lyria,P0331
Implant/lyria__P0373__b1.png,Implant,lyria,P0373
Healthy/lyria__P0216__b0.png,Healthy,lyria,P0216
Implant/dentex__26.png,Implant,dentex,dentex_26
Implant/dentex__115.png,Implant,dentex,dentex_115
Impacted/lyria__P0472__b1.png,Impacted,lyria,P0472
Endodontics/lyria__P0605__b1.png,Endodontics,lyria,P0605
Endodontics/lyria__P0363__b1.png,Endodontics,lyria,P0363
Endodontics/lyria__P0416__b0.png,Endodontics,lyria,P0416
Implant/dentex__80.png,Implant,dentex,dentex_80
Healthy/lyria__P0151__b7.png,Healthy,lyria,P0151
Implant/dentex__157.png,Implant,dentex,dentex_157
Healthy/lyria__P0550__b1.png,Healthy,lyria,P0550
Healthy/lyria__P0561__b8.png,Healthy,lyria,P0561
Healthy/lyria__P0468__b10.png,Healthy,lyria,P0468
Impacted/lyria__P0365__b0.png,Impacted,lyria,P0365
Impacted/lyria__P0444__b1.png,Impacted,lyria,P0444
Implant/dentex__140.png,Implant,dentex,dentex_140
Implant/lyria__P0422__b1.png,Implant,lyria,P0422
Healthy/lyria__P0311__b4.png,Healthy,lyria,P0311
Implant/lyria__P0057__b0.png,Implant,lyria,P0057
Healthy/lyria__P0056__b15.png,Healthy,lyria,P0056
Impacted/lyria__P0317__b1.png,Impacted,lyria,P0317
Impacted/lyria__P0073__b1.png,Impacted,lyria,P0073
Implant/lyria__P0139__b0.png,Implant,lyria,P0139
Healthy/lyria__P0262__b8.png,Healthy,lyria,P0262
Endodontics/lyria__P0170__b1.png,Endodontics,lyria,P0170
Healthy/lyria__P0716__b3.png,Healthy,lyria,P0716
Implant/lyria__P0063__b1.png,Implant,lyria,P0063
Healthy/lyria__P0171__b1.png,Healthy,lyria,P0171
Healthy/lyria__P0020__b6.png,Healthy,lyria,P0020
Impacted/lyria__P0020__b3.png,Impacted,lyria,P0020
Impacted/lyria__P0475__b0.png,Impacted,lyria,P0475
Implant/dentex__156.png,Implant,dentex,dentex_156
Impacted/lyria__P0262__b2.png,Impacted,lyria,P0262
Implant/dentex__11.png,Implant,dentex,dentex_11
Impacted/lyria__P0080__b0.png,Impacted,lyria,P0080
Implant/dentex__12.png,Implant,dentex,dentex_12
Healthy/lyria__P0284__b1.png,Healthy,lyria,P0284
Endodontics/lyria__P0442__b2.png,Endodontics,lyria,P0442
Healthy/lyria__P0750__b10.png,Healthy,lyria,P0750
Endodontics/lyria__P0533__b3.png,Endodontics,lyria,P0533
Impacted/lyria__P0056__b0.png,Impacted,lyria,P0056
Impacted/lyria__P0136__b1.png,Impacted,lyria,P0136
Endodontics/lyria__P0533__b2.png,Endodontics,lyria,P0533
Implant/dentex__34.png,Implant,dentex,dentex_34
Endodontics/lyria__P0036__b1.png,Endodontics,lyria,P0036
Implant/dentex__110.png,Implant,dentex,dentex_110
Endodontics/lyria__P0530__b2.png,Endodontics,lyria,P0530
Impacted/lyria__P0701__b3.png,Impacted,lyria,P0701
Healthy/lyria__P0681__b11.png,Healthy,lyria,P0681
Endodontics/lyria__P0213__b9.png,Endodontics,lyria,P0213
Healthy/lyria__P0675__b2.png,Healthy,lyria,P0675
Impacted/lyria__P0468__b0.png,Impacted,lyria,P0468
Healthy/lyria__P0087__b15.png,Healthy,lyria,P0087
Healthy/lyria__P0082__b0.png,Healthy,lyria,P0082
Implant/dentex__133.png,Implant,dentex,dentex_133
Implant/dentex__107.png,Implant,dentex,dentex_107
Endodontics/lyria__P0780__b2.png,Endodontics,lyria,P0780
Endodontics/lyria__P0329__b1.png,Endodontics,lyria,P0329
Endodontics/lyria__P0049__b1.png,Endodontics,lyria,P0049
Endodontics/lyria__P0213__b7.png,Endodontics,lyria,P0213
Impacted/lyria__P0187__b2.png,Impacted,lyria,P0187
Healthy/lyria__P0202__b0.png,Healthy,lyria,P0202
Endodontics/lyria__P0243__b0.png,Endodontics,lyria,P0243
Impacted/lyria__P0484__b1.png,Impacted,lyria,P0484
Impacted/lyria__P0383__b1.png,Impacted,lyria,P0383
Endodontics/lyria__P0780__b1.png,Endodontics,lyria,P0780
Endodontics/lyria__P0050__b3.png,Endodontics,lyria,P0050
Healthy/lyria__P0357__b5.png,Healthy,lyria,P0357
Endodontics/lyria__P0574__b0.png,Endodontics,lyria,P0574
Impacted/lyria__P0656__b0.png,Impacted,lyria,P0656
Impacted/lyria__P0416__b0.png,Impacted,lyria,P0416
Endodontics/lyria__P0422__b5.png,Endodontics,lyria,P0422
Implant/dentex__139.png,Implant,dentex,dentex_139
Endodontics/lyria__P0331__b1.png,Endodontics,lyria,P0331
Impacted/lyria__P0150__b1.png,Impacted,lyria,P0150
Endodontics/lyria__P0442__b0.png,Endodontics,lyria,P0442
Healthy/lyria__P0376__b6.png,Healthy,lyria,P0376
Endodontics/lyria__P0297__b0.png,Endodontics,lyria,P0297
Healthy/lyria__P0082__b1.png,Healthy,lyria,P0082
Implant/dentex__50.png,Implant,dentex,dentex_50
Implant/lyria__P0071__b2.png,Implant,lyria,P0071
Healthy/lyria__P0502__b20.png,Healthy,lyria,P0502
Implant/lyria__P0752__b1.png,Implant,lyria,P0752
Endodontics/lyria__P0050__b4.png,Endodontics,lyria,P0050
Healthy/lyria__P0360__b16.png,Healthy,lyria,P0360
Implant/lyria__P0108__b0.png,Implant,lyria,P0108
Healthy/lyria__P0726__b6.png,Healthy,lyria,P0726
Implant/dentex__38.png,Implant,dentex,dentex_38
Implant/dentex__78.png,Implant,dentex,dentex_78
Healthy/lyria__P0566__b1.png,Healthy,lyria,P0566
Healthy/lyria__P0243__b2.png,Healthy,lyria,P0243
Impacted/lyria__P0270__b0.png,Impacted,lyria,P0270
Impacted/lyria__P0467__b1.png,Impacted,lyria,P0467
Impacted/lyria__P0297__b0.png,Impacted,lyria,P0297
Impacted/lyria__P0681__b0.png,Impacted,lyria,P0681
Healthy/lyria__P0187__b17.png,Healthy,lyria,P0187
Implant/lyria__P0003__b0.png,Implant,lyria,P0003
Impacted/lyria__P0604__b0.png,Impacted,lyria,P0604
Healthy/lyria__P0790__b12.png,Healthy,lyria,P0790
Impacted/lyria__P0507__b1.png,Impacted,lyria,P0507
Endodontics/lyria__P0050__b5.png,Endodontics,lyria,P0050
Endodontics/lyria__P0139__b7.png,Endodontics,lyria,P0139
Impacted/lyria__P0338__b0.png,Impacted,lyria,P0338
Endodontics/lyria__P0375__b4.png,Endodontics,lyria,P0375
Healthy/lyria__P0774__b4.png,Healthy,lyria,P0774
Endodontics/lyria__P0574__b4.png,Endodontics,lyria,P0574
Impacted/lyria__P0003__b0.png,Impacted,lyria,P0003
Endodontics/lyria__P0560__b3.png,Endodontics,lyria,P0560
Healthy/lyria__P0304__b1.png,Healthy,lyria,P0304
Endodontics/lyria__P0716__b2.png,Endodontics,lyria,P0716
Implant/dentex__134.png,Implant,dentex,dentex_134
Endodontics/lyria__P0560__b0.png,Endodontics,lyria,P0560
Healthy/lyria__P0122__b9.png,Healthy,lyria,P0122
Healthy/lyria__P0744__b7.png,Healthy,lyria,P0744
Impacted/lyria__P0087__b0.png,Impacted,lyria,P0087
Implant/lyria__P0422__b0.png,Implant,lyria,P0422
Healthy/lyria__P0326__b5.png,Healthy,lyria,P0326
Impacted/lyria__P0444__b0.png,Impacted,lyria,P0444
Endodontics/lyria__P0139__b2.png,Endodontics,lyria,P0139
Endodontics/lyria__P0286__b4.png,Endodontics,lyria,P0286
Impacted/lyria__P0467__b2.png,Impacted,lyria,P0467
Endodontics/lyria__P0287__b1.png,Endodontics,lyria,P0287
Endodontics/lyria__P0050__b0.png,Endodontics,lyria,P0050
Endodontics/lyria__P0358__b0.png,Endodontics,lyria,P0358
Endodontics/lyria__P0216__b1.png,Endodontics,lyria,P0216
Healthy/lyria__P0028__b4.png,Healthy,lyria,P0028
Endodontics/lyria__P0422__b3.png,Endodontics,lyria,P0422
Implant/lyria__P0139__b6.png,Implant,lyria,P0139
Implant/dentex__138.png,Implant,dentex,dentex_138
Implant/dentex__81.png,Implant,dentex,dentex_81
Healthy/lyria__P0177__b3.png,Healthy,lyria,P0177
Implant/dentex__121.png,Implant,dentex,dentex_121
Implant/lyria__P0750__b0.png,Implant,lyria,P0750
Impacted/lyria__P0371__b1.png,Impacted,lyria,P0371
Impacted/lyria__P0287__b0.png,Impacted,lyria,P0287
Impacted/lyria__P0158__b1.png,Impacted,lyria,P0158
Implant/dentex__5.png,Implant,dentex,dentex_5
Healthy/lyria__P0700__b12.png,Healthy,lyria,P0700
Healthy/lyria__P0097__b27.png,Healthy,lyria,P0097
Impacted/lyria__P0420__b0.png,Impacted,lyria,P0420
Impacted/lyria__P0502__b0.png,Impacted,lyria,P0502
Healthy/lyria__P0304__b0.png,Healthy,lyria,P0304
Implant/dentex__63.png,Implant,dentex,dentex_63
Healthy/lyria__P0457__b3.png,Healthy,lyria,P0457
Impacted/lyria__P0468__b1.png,Impacted,lyria,P0468
Impacted/lyria__P0484__b2.png,Impacted,lyria,P0484
Healthy/lyria__P0540__b5.png,Healthy,lyria,P0540
Impacted/lyria__P0472__b0.png,Impacted,lyria,P0472
Healthy/lyria__P0484__b25.png,Healthy,lyria,P0484
Implant/dentex__25.png,Implant,dentex,dentex_25
Impacted/lyria__P0262__b1.png,Impacted,lyria,P0262
Implant/lyria__P0071__b6.png,Implant,lyria,P0071
Endodontics/lyria__P0213__b1.png,Endodontics,lyria,P0213
Implant/dentex__79.png,Implant,dentex,dentex_79
Healthy/lyria__P0457__b21.png,Healthy,lyria,P0457
Endodontics/lyria__P0678__b0.png,Endodontics,lyria,P0678
Healthy/lyria__P0139__b1.png,Healthy,lyria,P0139
Endodontics/lyria__P0202__b0.png,Endodontics,lyria,P0202
Impacted/lyria__P0028__b1.png,Impacted,lyria,P0028
Implant/lyria__P0655__b2.png,Implant,lyria,P0655
Endodontics/lyria__P0292__b2.png,Endodontics,lyria,P0292
Endodontics/lyria__P0375__b5.png,Endodontics,lyria,P0375
Impacted/lyria__P0020__b2.png,Impacted,lyria,P0020
Implant/lyria__P0358__b0.png,Implant,lyria,P0358
Endodontics/lyria__P0442__b4.png,Endodontics,lyria,P0442
Healthy/lyria__P0269__b1.png,Healthy,lyria,P0269
Impacted/lyria__P0287__b1.png,Impacted,lyria,P0287
Impacted/lyria__P0270__b1.png,Impacted,lyria,P0270
Healthy/lyria__P0150__b1.png,Healthy,lyria,P0150
Healthy/lyria__P0560__b1.png,Healthy,lyria,P0560
Impacted/lyria__P0383__b0.png,Impacted,lyria,P0383
Endodontics/lyria__P0442__b5.png,Endodontics,lyria,P0442
Implant/dentex__43.png,Implant,dentex,dentex_43
Endodontics/lyria__P0108__b2.png,Endodontics,lyria,P0108
Endodontics/lyria__P0794__b0.png,Endodontics,lyria,P0794
Impacted/lyria__P0369__b1.png,Impacted,lyria,P0369
Endodontics/lyria__P0158__b0.png,Endodontics,lyria,P0158
Implant/dentex__83.png,Implant,dentex,dentex_83
Healthy/lyria__P0020__b11.png,Healthy,lyria,P0020
Implant/dentex__97.png,Implant,dentex,dentex_97
Healthy/lyria__P0747__b2.png,Healthy,lyria,P0747
Healthy/lyria__P0700__b0.png,Healthy,lyria,P0700
Endodontics/lyria__P0357__b0.png,Endodontics,lyria,P0357
Endodontics/lyria__P0213__b0.png,Endodontics,lyria,P0213
Impacted/lyria__P0311__b2.png,Impacted,lyria,P0311
Impacted/lyria__P0326__b0.png,Impacted,lyria,P0326
Endodontics/lyria__P0530__b3.png,Endodontics,lyria,P0530
Implant/dentex__165.png,Implant,dentex,dentex_165
Healthy/lyria__P0660__b1.png,Healthy,lyria,P0660
Implant/dentex__56.png,Implant,dentex,dentex_56
Healthy/lyria__P0369__b10.png,Healthy,lyria,P0369
Endodontics/lyria__P0331__b0.png,Endodontics,lyria,P0331
Implant/dentex__3.png,Implant,dentex,dentex_3
Impacted/lyria__P0604__b1.png,Impacted,lyria,P0604
Implant/lyria__P0304__b0.png,Implant,lyria,P0304
Impacted/lyria__P0036__b1.png,Impacted,lyria,P0036
Implant/lyria__P0145__b2.png,Implant,lyria,P0145
Healthy/lyria__P0360__b1.png,Healthy,lyria,P0360
Endodontics/lyria__P0050__b6.png,Endodontics,lyria,P0050
Implant/dentex__74.png,Implant,dentex,dentex_74
Endodontics/lyria__P0675__b4.png,Endodontics,lyria,P0675
Healthy/lyria__P0036__b0.png,Healthy,lyria,P0036
Healthy/lyria__P0218__b5.png,Healthy,lyria,P0218
Healthy/lyria__P0183__b4.png,Healthy,lyria,P0183
Impacted/lyria__P0187__b0.png,Impacted,lyria,P0187
Implant/lyria__P0071__b4.png,Implant,lyria,P0071
Endodontics/lyria__P0752__b0.png,Endodontics,lyria,P0752
Endodontics/lyria__P0422__b1.png,Endodontics,lyria,P0422
Healthy/lyria__P0398__b5.png,Healthy,lyria,P0398
Impacted/lyria__P0158__b0.png,Impacted,lyria,P0158
Endodontics/lyria__P0049__b4.png,Endodontics,lyria,P0049
Implant/dentex__75.png,Implant,dentex,dentex_75
Healthy/lyria__P0604__b13.png,Healthy,lyria,P0604
Implant/dentex__154.png,Implant,dentex,dentex_154
Healthy/lyria__P0383__b19.png,Healthy,lyria,P0383
Implant/lyria__P0531__b0.png,Implant,lyria,P0531
Healthy/lyria__P0199__b21.png,Healthy,lyria,P0199
Endodontics/lyria__P0363__b0.png,Endodontics,lyria,P0363
Implant/dentex__9.png,Implant,dentex,dentex_9
Implant/dentex__159.png,Implant,dentex,dentex_159
Impacted/lyria__P0474__b0.png,Impacted,lyria,P0474
Implant/dentex__73.png,Implant,dentex,dentex_73
Endodontics/lyria__P0376__b0.png,Endodontics,lyria,P0376
Healthy/lyria__P0584__b0.png,Healthy,lyria,P0584
Impacted/lyria__P0186__b1.png,Impacted,lyria,P0186
Impacted/lyria__P0701__b0.png,Impacted,lyria,P0701
Impacted/lyria__P0090__b2.png,Impacted,lyria,P0090
Impacted/lyria__P0086__b0.png,Impacted,lyria,P0086
Endodontics/lyria__P0063__b0.png,Endodontics,lyria,P0063
Implant/lyria__P0170__b2.png,Implant,lyria,P0170
Healthy/lyria__P0692__b1.png,Healthy,lyria,P0692
Implant/dentex__125.png,Implant,dentex,dentex_125
Endodontics/lyria__P0574__b2.png,Endodontics,lyria,P0574
Endodontics/lyria__P0139__b6.png,Endodontics,lyria,P0139
Impacted/lyria__P0087__b3.png,Impacted,lyria,P0087
Endodontics/lyria__P0655__b0.png,Endodontics,lyria,P0655
Healthy/lyria__P0108__b1.png,Healthy,lyria,P0108
Implant/dentex__168.png,Implant,dentex,dentex_168
Impacted/lyria__P0183__b1.png,Impacted,lyria,P0183
Healthy/lyria__P0338__b11.png,Healthy,lyria,P0338
Endodontics/lyria__P0139__b3.png,Endodontics,lyria,P0139
Endodontics/lyria__P0604__b0.png,Endodontics,lyria,P0604
Impacted/lyria__P0669__b1.png,Impacted,lyria,P0669
Healthy/lyria__P0330__b2.png,Healthy,lyria,P0330
Endodontics/lyria__P0139__b4.png,Endodontics,lyria,P0139
Endodontics/lyria__P0145__b1.png,Endodontics,lyria,P0145
Endodontics/lyria__P0186__b1.png,Endodontics,lyria,P0186
Endodontics/lyria__P0605__b3.png,Endodontics,lyria,P0605
Implant/lyria__P0145__b0.png,Implant,lyria,P0145
Healthy/lyria__P0774__b3.png,Healthy,lyria,P0774
Impacted/lyria__P0262__b3.png,Impacted,lyria,P0262
Impacted/lyria__P0317__b0.png,Impacted,lyria,P0317
Impacted/lyria__P0750__b0.png,Impacted,lyria,P0750
Implant/lyria__P0096__b5.png,Implant,lyria,P0096
Endodontics/lyria__P0170__b0.png,Endodontics,lyria,P0170
Impacted/lyria__P0453__b1.png,Impacted,lyria,P0453
Endodontics/lyria__P0304__b3.png,Endodontics,lyria,P0304
Implant/dentex__150.png,Implant,dentex,dentex_150
Healthy/lyria__P0453__b4.png,Healthy,lyria,P0453
Healthy/lyria__P0670__b0.png,Healthy,lyria,P0670
Healthy/lyria__P0365__b2.png,Healthy,lyria,P0365
Impacted/lyria__P0420__b1.png,Impacted,lyria,P0420
Endodontics/lyria__P0363__b2.png,Endodontics,lyria,P0363
Healthy/lyria__P0317__b11.png,Healthy,lyria,P0317
Endodontics/lyria__P0442__b1.png,Endodontics,lyria,P0442
Healthy/lyria__P0090__b27.png,Healthy,lyria,P0090
Endodontics/lyria__P0530__b0.png,Endodontics,lyria,P0530
Implant/lyria__P0145__b1.png,Implant,lyria,P0145
Healthy/lyria__P0801__b0.png,Healthy,lyria,P0801
Endodontics/lyria__P0605__b0.png,Endodontics,lyria,P0605
Impacted/lyria__P0136__b0.png,Impacted,lyria,P0136
Endodontics/lyria__P0183__b0.png,Endodontics,lyria,P0183
Endodontics/lyria__P0363__b3.png,Endodontics,lyria,P0363
Impacted/lyria__P0020__b1.png,Impacted,lyria,P0020
Impacted/lyria__P0183__b0.png,Impacted,lyria,P0183
Impacted/lyria__P0171__b1.png,Impacted,lyria,P0171
Implant/lyria__P0655__b1.png,Implant,lyria,P0655
Endodontics/lyria__P0049__b6.png,Endodontics,lyria,P0049
Impacted/lyria__P0171__b2.png,Impacted,lyria,P0171
Endodontics/lyria__P0550__b4.png,Endodontics,lyria,P0550
Healthy/lyria__P0574__b1.png,Healthy,lyria,P0574
Implant/dentex__66.png,Implant,dentex,dentex_66
Implant/dentex__117.png,Implant,dentex,dentex_117
Impacted/lyria__P0474__b1.png,Impacted,lyria,P0474
Endodontics/lyria__P0530__b4.png,Endodontics,lyria,P0530
Endodontics/lyria__P0675__b0.png,Endodontics,lyria,P0675
Impacted/lyria__P0660__b0.png,Impacted,lyria,P0660
Impacted/lyria__P0457__b1.png,Impacted,lyria,P0457
Impacted/lyria__P0577__b0.png,Impacted,lyria,P0577
Implant/lyria__P0071__b5.png,Implant,lyria,P0071
Implant/lyria__P0071__b3.png,Implant,lyria,P0071
Impacted/lyria__P0503__b0.png,Impacted,lyria,P0503
Healthy/lyria__P0327__b11.png,Healthy,lyria,P0327
Implant/dentex__108.png,Implant,dentex,dentex_108
Healthy/lyria__P0452__b3.png,Healthy,lyria,P0452
Implant/lyria__P0050__b1.png,Implant,lyria,P0050
Implant/dentex__23.png,Implant,dentex,dentex_23
Healthy/lyria__P0050__b4.png,Healthy,lyria,P0050
Healthy/lyria__P0375__b0.png,Healthy,lyria,P0375
Implant/lyria__P0139__b1.png,Implant,lyria,P0139
Healthy/lyria__P0739__b11.png,Healthy,lyria,P0739
Implant/lyria__P0096__b2.png,Implant,lyria,P0096
Healthy/lyria__P0647__b5.png,Healthy,lyria,P0647
Implant/dentex__148.png,Implant,dentex,dentex_148
Implant/lyria__P0530__b1.png,Implant,lyria,P0530
Endodontics/lyria__P0540__b2.png,Endodontics,lyria,P0540
Implant/dentex__160.png,Implant,dentex,dentex_160
Impacted/lyria__P0692__b1.png,Impacted,lyria,P0692
Implant/lyria__P0096__b4.png,Implant,lyria,P0096
Healthy/lyria__P0286__b2.png,Healthy,lyria,P0286
Endodontics/lyria__P0003__b1.png,Endodontics,lyria,P0003
Impacted/lyria__P0090__b0.png,Impacted,lyria,P0090
Implant/lyria__P0096__b0.png,Implant,lyria,P0096
Healthy/lyria__P0767__b0.png,Healthy,lyria,P0767
Endodontics/lyria__P0605__b5.png,Endodontics,lyria,P0605
Healthy/lyria__P0464__b5.png,Healthy,lyria,P0464
Endodontics/lyria__P0139__b8.png,Endodontics,lyria,P0139
Endodontics/lyria__P0560__b2.png,Endodontics,lyria,P0560
Implant/lyria__P0170__b1.png,Implant,lyria,P0170
Endodontics/lyria__P0752__b4.png,Endodontics,lyria,P0752
Implant/dentex__76.png,Implant,dentex,dentex_76
Healthy/lyria__P0297__b2.png,Healthy,lyria,P0297
Impacted/lyria__P0187__b1.png,Impacted,lyria,P0187
Implant/lyria__P0170__b0.png,Implant,lyria,P0170
Endodontics/lyria__P0716__b1.png,Endodontics,lyria,P0716
Healthy/lyria__P0656__b11.png,Healthy,lyria,P0656
Impacted/lyria__P0095__b1.png,Impacted,lyria,P0095
Impacted/lyria__P0577__b1.png,Impacted,lyria,P0577
