run_id,mode,enhancement,aug,arch,fold,seed,status,batch_size,start_ts,end_ts,epochs_run,best_val_macro_f1,test_macro_f1,peak_vram_MB,error
msthgr-clahe__aug__inception_v3__fold0__seed0,cv,msthgr-clahe,aug,inception_v3,0,0,done,32,2026-06-07 19:27:03,2026-06-07 19:28:30,40,0.8902,,2067.4,
msthgr-clahe__aug__inception_v3__fold0__seed1,cv,msthgr-clahe,aug,inception_v3,0,1,done,32,2026-06-07 19:34:00,2026-06-07 19:35:11,33,0.9408,,2067.4,
msthgr-clahe__aug__inception_v3__fold0__seed2,cv,msthgr-clahe,aug,inception_v3,0,2,done,32,2026-06-07 19:40:57,2026-06-07 19:42:01,30,0.9443,,2067.4,
msthgr-clahe__aug__inception_v3__fold1__seed0,cv,msthgr-clahe,aug,inception_v3,1,0,done,32,2026-06-07 19:28:30,2026-06-07 19:29:38,32,0.959,,2067.4,
msthgr-clahe__aug__inception_v3__fold1__seed1,cv,msthgr-clahe,aug,inception_v3,1,1,done,32,2026-06-07 19:35:11,2026-06-07 19:36:55,49,0.9688,,2067.4,
msthgr-clahe__aug__inception_v3__fold1__seed2,cv,msthgr-clahe,aug,inception_v3,1,2,done,32,2026-06-07 19:42:01,2026-06-07 19:42:53,24,0.9178,,2067.4,
msthgr-clahe__aug__inception_v3__fold2__seed0,cv,msthgr-clahe,aug,inception_v3,2,0,done,32,2026-06-07 19:29:38,2026-06-07 19:31:33,54,0.967,,2067.4,
msthgr-clahe__aug__inception_v3__fold2__seed1,cv,msthgr-clahe,aug,inception_v3,2,1,done,32,2026-06-07 19:36:56,2026-06-07 19:38:51,55,0.9529,,2067.4,
msthgr-clahe__aug__inception_v3__fold2__seed2,cv,msthgr-clahe,aug,inception_v3,2,2,done,32,2026-06-07 19:42:54,2026-06-07 19:44:31,47,0.9556,,2067.4,
msthgr-clahe__aug__inception_v3__fold3__seed0,cv,msthgr-clahe,aug,inception_v3,3,0,done,32,2026-06-07 19:31:33,2026-06-07 19:32:51,37,0.959,,2067.4,
msthgr-clahe__aug__inception_v3__fold3__seed1,cv,msthgr-clahe,aug,inception_v3,3,1,done,32,2026-06-07 19:38:51,2026-06-07 19:39:59,32,0.9443,,2067.4,
msthgr-clahe__aug__inception_v3__fold3__seed2,cv,msthgr-clahe,aug,inception_v3,3,2,done,32,2026-06-07 19:44:31,2026-06-07 19:45:27,26,0.9522,,2067.4,
msthgr-clahe__aug__inception_v3__fold4__seed0,cv,msthgr-clahe,aug,inception_v3,4,0,done,32,2026-06-07 19:32:51,2026-06-07 19:34:00,32,0.9205,,2067.4,
msthgr-clahe__aug__inception_v3__fold4__seed1,cv,msthgr-clahe,aug,inception_v3,4,1,done,32,2026-06-07 19:39:59,2026-06-07 19:40:57,27,0.9578,,2067.4,
msthgr-clahe__aug__inception_v3__fold4__seed2,cv,msthgr-clahe,aug,inception_v3,4,2,done,32,2026-06-07 19:45:27,2026-06-07 19:47:04,46,0.9697,,2067.4,
msthgr-clahe__aug__inception_v3__seed0,test,msthgr-clahe,aug,inception_v3,-1,0,done,32,2026-06-07 19:47:04,2026-06-07 19:48:40,42,0.9718,0.7807,2067.4,
msthgr-clahe__aug__inception_v3__seed1,test,msthgr-clahe,aug,inception_v3,-1,1,done,32,2026-06-07 19:48:40,2026-06-07 19:50:11,40,0.9725,0.7511,2067.4,
msthgr-clahe__aug__inception_v3__seed2,test,msthgr-clahe,aug,inception_v3,-1,2,done,32,2026-06-07 19:50:11,2026-06-07 19:51:30,34,0.9439,0.8297,2067.4,
msthgr-clahe__aug__resnetv2_50__fold0__seed0,cv,msthgr-clahe,aug,resnetv2_50,0,0,done,64,2026-06-07 18:18:17,2026-06-07 18:20:52,97,0.9602,,2973.0,
msthgr-clahe__aug__resnetv2_50__fold0__seed1,cv,msthgr-clahe,aug,resnetv2_50,0,1,done,64,2026-06-07 18:28:27,2026-06-07 18:30:47,88,0.9676,,2966.4,
msthgr-clahe__aug__resnetv2_50__fold0__seed2,cv,msthgr-clahe,aug,resnetv2_50,0,2,done,64,2026-06-07 18:37:17,2026-06-07 18:38:48,57,0.8868,,2966.4,
msthgr-clahe__aug__resnetv2_50__fold1__seed0,cv,msthgr-clahe,aug,resnetv2_50,1,0,done,64,2026-06-07 18:20:52,2026-06-07 18:22:59,79,0.9652,,2966.4,
msthgr-clahe__aug__resnetv2_50__fold1__seed1,cv,msthgr-clahe,aug,resnetv2_50,1,1,done,64,2026-06-07 18:30:47,2026-06-07 18:32:24,60,0.9506,,2966.4,
msthgr-clahe__aug__resnetv2_50__fold1__seed2,cv,msthgr-clahe,aug,resnetv2_50,1,2,done,64,2026-06-07 18:38:48,2026-06-07 18:40:40,69,0.939,,2966.4,
msthgr-clahe__aug__resnetv2_50__fold2__seed0,cv,msthgr-clahe,aug,resnetv2_50,2,0,done,64,2026-06-07 18:22:59,2026-06-07 18:24:48,69,0.9842,,2966.4,
msthgr-clahe__aug__resnetv2_50__fold2__seed1,cv,msthgr-clahe,aug,resnetv2_50,2,1,done,64,2026-06-07 18:32:24,2026-06-07 18:34:12,69,0.9899,,2966.4,
msthgr-clahe__aug__resnetv2_50__fold2__seed2,cv,msthgr-clahe,aug,resnetv2_50,2,2,done,64,2026-06-07 18:40:40,2026-06-07 18:42:14,59,0.9842,,2966.4,
msthgr-clahe__aug__resnetv2_50__fold3__seed0,cv,msthgr-clahe,aug,resnetv2_50,3,0,done,64,2026-06-07 18:24:48,2026-06-07 18:26:38,69,0.9728,,2973.0,
msthgr-clahe__aug__resnetv2_50__fold3__seed1,cv,msthgr-clahe,aug,resnetv2_50,3,1,done,64,2026-06-07 18:34:13,2026-06-07 18:35:37,53,0.9659,,2966.4,
msthgr-clahe__aug__resnetv2_50__fold3__seed2,cv,msthgr-clahe,aug,resnetv2_50,3,2,done,64,2026-06-07 18:42:14,2026-06-07 18:44:00,68,0.9727,,2966.4,
msthgr-clahe__aug__resnetv2_50__fold4__seed0,cv,msthgr-clahe,aug,resnetv2_50,4,0,done,64,2026-06-07 18:26:38,2026-06-07 18:28:27,66,0.934,,2966.4,
msthgr-clahe__aug__resnetv2_50__fold4__seed1,cv,msthgr-clahe,aug,resnetv2_50,4,1,done,64,2026-06-07 18:35:36,2026-06-07 18:37:17,63,0.9481,,2966.4,
msthgr-clahe__aug__resnetv2_50__fold4__seed2,cv,msthgr-clahe,aug,resnetv2_50,4,2,done,64,2026-06-07 18:44:00,2026-06-07 18:45:21,50,0.925,,2966.4,
msthgr-clahe__aug__resnetv2_50__seed0,test,msthgr-clahe,aug,resnetv2_50,-1,0,done,64,2026-06-07 18:45:21,2026-06-07 18:47:04,62,0.9742,0.8718,2966.4,
msthgr-clahe__aug__resnetv2_50__seed1,test,msthgr-clahe,aug,resnetv2_50,-1,1,done,64,2026-06-07 18:47:04,2026-06-07 18:48:10,39,0.9567,0.7562,2966.4,
msthgr-clahe__aug__resnetv2_50__seed2,test,msthgr-clahe,aug,resnetv2_50,-1,2,done,64,2026-06-07 18:48:10,2026-06-07 18:50:09,72,0.9439,0.8679,2966.4,
msthgr-clahe__aug__vgg16__fold0__seed0,cv,msthgr-clahe,aug,vgg16,0,0,done,32,2026-06-07 18:50:09,2026-06-07 18:51:32,27,0.9691,,3840.3,
msthgr-clahe__aug__vgg16__fold0__seed1,cv,msthgr-clahe,aug,vgg16,0,1,done,32,2026-06-07 19:00:15,2026-06-07 19:01:54,31,0.9848,,3840.3,
msthgr-clahe__aug__vgg16__fold0__seed2,cv,msthgr-clahe,aug,vgg16,0,2,done,32,2026-06-07 19:10:41,2026-06-07 19:12:57,45,0.9474,,3840.3,
msthgr-clahe__aug__vgg16__fold1__seed0,cv,msthgr-clahe,aug,vgg16,1,0,done,32,2026-06-07 18:51:32,2026-06-07 18:53:10,33,0.975,,3837.2,
msthgr-clahe__aug__vgg16__fold1__seed1,cv,msthgr-clahe,aug,vgg16,1,1,done,32,2026-06-07 19:01:54,2026-06-07 19:04:05,43,0.9648,,3837.2,
msthgr-clahe__aug__vgg16__fold1__seed2,cv,msthgr-clahe,aug,vgg16,1,2,done,32,2026-06-07 19:12:57,2026-06-07 19:15:31,51,0.9751,,3837.2,
msthgr-clahe__aug__vgg16__fold2__seed0,cv,msthgr-clahe,aug,vgg16,2,0,done,32,2026-06-07 18:53:11,2026-06-07 18:54:18,23,0.9463,,3843.5,
msthgr-clahe__aug__vgg16__fold2__seed1,cv,msthgr-clahe,aug,vgg16,2,1,done,32,2026-06-07 19:04:05,2026-06-07 19:06:40,53,0.9548,,3843.5,
msthgr-clahe__aug__vgg16__fold2__seed2,cv,msthgr-clahe,aug,vgg16,2,2,done,32,2026-06-07 19:15:31,2026-06-07 19:17:34,42,0.9672,,3843.5,
msthgr-clahe__aug__vgg16__fold3__seed0,cv,msthgr-clahe,aug,vgg16,3,0,done,32,2026-06-07 18:54:18,2026-06-07 18:57:21,62,0.988,,3847.0,
msthgr-clahe__aug__vgg16__fold3__seed1,cv,msthgr-clahe,aug,vgg16,3,1,done,32,2026-06-07 19:06:40,2026-06-07 19:08:50,44,0.9939,,3847.0,
msthgr-clahe__aug__vgg16__fold3__seed2,cv,msthgr-clahe,aug,vgg16,3,2,done,32,2026-06-07 19:17:34,2026-06-07 19:20:04,51,0.9731,,3847.0,
msthgr-clahe__aug__vgg16__fold4__seed0,cv,msthgr-clahe,aug,vgg16,4,0,done,32,2026-06-07 18:57:21,2026-06-07 19:00:15,58,0.9705,,3840.3,
msthgr-clahe__aug__vgg16__fold4__seed1,cv,msthgr-clahe,aug,vgg16,4,1,done,32,2026-06-07 19:08:50,2026-06-07 19:10:41,37,0.972,,3840.3,
msthgr-clahe__aug__vgg16__fold4__seed2,cv,msthgr-clahe,aug,vgg16,4,2,done,32,2026-06-07 19:20:04,2026-06-07 19:21:53,36,0.9554,,3840.3,
msthgr-clahe__aug__vgg16__seed0,test,msthgr-clahe,aug,vgg16,-1,0,done,32,2026-06-07 19:21:53,2026-06-07 19:23:26,28,0.9557,0.8761,3838.9,
msthgr-clahe__aug__vgg16__seed1,test,msthgr-clahe,aug,vgg16,-1,1,done,32,2026-06-07 19:23:26,2026-06-07 19:25:34,40,1.0,0.9153,3838.9,
msthgr-clahe__aug__vgg16__seed2,test,msthgr-clahe,aug,vgg16,-1,2,done,32,2026-06-07 19:25:34,2026-06-07 19:27:03,27,0.9593,0.8934,3838.9,
msthgr-clahe__noaug__inception_v3__fold0__seed0,cv,msthgr-clahe,noaug,inception_v3,0,0,done,32,2026-06-07 17:51:11,2026-06-07 17:53:33,68,0.9918,,2067.4,
msthgr-clahe__noaug__inception_v3__fold0__seed1,cv,msthgr-clahe,noaug,inception_v3,0,1,done,32,2026-06-07 17:58:23,2026-06-07 18:00:43,67,0.9675,,2067.4,
msthgr-clahe__noaug__inception_v3__fold0__seed2,cv,msthgr-clahe,noaug,inception_v3,0,2,done,32,2026-06-07 18:06:35,2026-06-07 18:07:36,29,0.9753,,2067.4,
msthgr-clahe__noaug__inception_v3__fold1__seed0,cv,msthgr-clahe,noaug,inception_v3,1,0,done,32,2026-06-07 17:53:33,2026-06-07 17:54:56,39,0.9781,,2067.4,
msthgr-clahe__noaug__inception_v3__fold1__seed1,cv,msthgr-clahe,noaug,inception_v3,1,1,done,32,2026-06-07 18:00:43,2026-06-07 18:02:26,49,0.9844,,2067.4,
msthgr-clahe__noaug__inception_v3__fold1__seed2,cv,msthgr-clahe,noaug,inception_v3,1,2,done,32,2026-06-07 18:07:36,2026-06-07 18:08:35,28,0.9875,,2067.4,
msthgr-clahe__noaug__inception_v3__fold2__seed0,cv,msthgr-clahe,noaug,inception_v3,2,0,done,32,2026-06-07 17:54:54,2026-06-07 17:55:47,25,0.9613,,2067.4,
msthgr-clahe__noaug__inception_v3__fold2__seed1,cv,msthgr-clahe,noaug,inception_v3,2,1,done,32,2026-06-07 18:02:26,2026-06-07 18:04:27,59,0.9838,,2067.4,
msthgr-clahe__noaug__inception_v3__fold2__seed2,cv,msthgr-clahe,noaug,inception_v3,2,2,done,32,2026-06-07 18:08:35,2026-06-07 18:09:49,35,0.9428,,2067.4,
msthgr-clahe__noaug__inception_v3__fold3__seed0,cv,msthgr-clahe,noaug,inception_v3,3,0,done,32,2026-06-07 17:55:47,2026-06-07 17:57:22,46,0.9666,,2067.4,
msthgr-clahe__noaug__inception_v3__fold3__seed1,cv,msthgr-clahe,noaug,inception_v3,3,1,done,32,2026-06-07 18:04:27,2026-06-07 18:05:38,32,0.9675,,2067.4,
msthgr-clahe__noaug__inception_v3__fold3__seed2,cv,msthgr-clahe,noaug,inception_v3,3,2,done,32,2026-06-07 18:09:49,2026-06-07 18:11:27,48,0.968,,2067.4,
msthgr-clahe__noaug__inception_v3__fold4__seed0,cv,msthgr-clahe,noaug,inception_v3,4,0,done,32,2026-06-07 17:57:22,2026-06-07 17:58:23,29,0.965,,2067.4,
msthgr-clahe__noaug__inception_v3__fold4__seed1,cv,msthgr-clahe,noaug,inception_v3,4,1,done,32,2026-06-07 18:05:38,2026-06-07 18:06:35,26,0.985,,2067.4,
msthgr-clahe__noaug__inception_v3__fold4__seed2,cv,msthgr-clahe,noaug,inception_v3,4,2,done,32,2026-06-07 18:11:27,2026-06-07 18:14:06,76,0.979,,2067.4,
msthgr-clahe__noaug__inception_v3__seed0,test,msthgr-clahe,noaug,inception_v3,-1,0,done,32,2026-06-07 18:14:06,2026-06-07 18:15:03,25,0.9848,0.9011,2067.4,
msthgr-clahe__noaug__inception_v3__seed1,test,msthgr-clahe,noaug,inception_v3,-1,1,done,32,2026-06-07 18:15:03,2026-06-07 18:16:16,32,1.0,0.93,2067.4,
msthgr-clahe__noaug__inception_v3__seed2,test,msthgr-clahe,noaug,inception_v3,-1,2,done,32,2026-06-07 18:16:16,2026-06-07 18:18:17,55,0.9866,0.9137,2067.4,
msthgr-clahe__noaug__resnetv2_50__fold0__seed0,cv,msthgr-clahe,noaug,resnetv2_50,0,0,done,64,2026-06-07 16:57:41,2026-06-07 16:59:12,59,0.9326,,2966.4,
msthgr-clahe__noaug__resnetv2_50__fold0__seed1,cv,msthgr-clahe,noaug,resnetv2_50,0,1,done,64,2026-06-07 17:05:17,2026-06-07 17:06:25,45,0.9259,,2966.4,
msthgr-clahe__noaug__resnetv2_50__fold0__seed2,cv,msthgr-clahe,noaug,resnetv2_50,0,2,done,64,2026-06-07 17:11:29,2026-06-07 17:12:46,50,0.9252,,2966.4,
msthgr-clahe__noaug__resnetv2_50__fold1__seed0,cv,msthgr-clahe,noaug,resnetv2_50,1,0,done,64,2026-06-07 16:59:12,2026-06-07 17:00:25,47,0.9499,,2966.4,
msthgr-clahe__noaug__resnetv2_50__fold1__seed1,cv,msthgr-clahe,noaug,resnetv2_50,1,1,done,64,2026-06-07 17:06:25,2026-06-07 17:07:57,58,0.9875,,2966.4,
msthgr-clahe__noaug__resnetv2_50__fold1__seed2,cv,msthgr-clahe,noaug,resnetv2_50,1,2,done,64,2026-06-07 17:12:46,2026-06-07 17:14:30,67,0.9688,,2966.4,
msthgr-clahe__noaug__resnetv2_50__fold2__seed0,cv,msthgr-clahe,noaug,resnetv2_50,2,0,done,64,2026-06-07 17:00:25,2026-06-07 17:01:57,60,0.9544,,2966.4,
msthgr-clahe__noaug__resnetv2_50__fold2__seed1,cv,msthgr-clahe,noaug,resnetv2_50,2,1,done,64,2026-06-07 17:07:57,2026-06-07 17:09:18,53,0.9613,,2966.4,
msthgr-clahe__noaug__resnetv2_50__fold2__seed2,cv,msthgr-clahe,noaug,resnetv2_50,2,2,done,64,2026-06-07 17:14:30,2026-06-07 17:15:41,47,0.973,,2966.4,
msthgr-clahe__noaug__resnetv2_50__fold3__seed0,cv,msthgr-clahe,noaug,resnetv2_50,3,0,done,64,2026-06-07 17:01:57,2026-06-07 17:02:55,38,0.9557,,2973.0,
msthgr-clahe__noaug__resnetv2_50__fold3__seed1,cv,msthgr-clahe,noaug,resnetv2_50,3,1,done,64,2026-06-07 17:09:18,2026-06-07 17:10:26,45,0.9441,,2966.4,
msthgr-clahe__noaug__resnetv2_50__fold3__seed2,cv,msthgr-clahe,noaug,resnetv2_50,3,2,done,64,2026-06-07 17:15:42,2026-06-07 17:17:17,63,0.9637,,2966.4,
msthgr-clahe__noaug__resnetv2_50__fold4__seed0,cv,msthgr-clahe,noaug,resnetv2_50,4,0,done,64,2026-06-07 17:02:55,2026-06-07 17:05:16,91,0.979,,2973.0,
msthgr-clahe__noaug__resnetv2_50__fold4__seed1,cv,msthgr-clahe,noaug,resnetv2_50,4,1,done,64,2026-06-07 17:10:26,2026-06-07 17:11:29,40,0.958,,2966.4,
msthgr-clahe__noaug__resnetv2_50__fold4__seed2,cv,msthgr-clahe,noaug,resnetv2_50,4,2,done,64,2026-06-07 17:17:17,2026-06-07 17:18:58,65,0.9649,,2966.4,
msthgr-clahe__noaug__resnetv2_50__seed0,test,msthgr-clahe,noaug,resnetv2_50,-1,0,done,64,2026-06-07 17:18:58,2026-06-07 17:21:04,79,0.9734,0.9218,2966.4,
msthgr-clahe__noaug__resnetv2_50__seed1,test,msthgr-clahe,noaug,resnetv2_50,-1,1,done,64,2026-06-07 17:21:04,2026-06-07 17:22:36,57,0.9586,0.9068,2966.4,
msthgr-clahe__noaug__resnetv2_50__seed2,test,msthgr-clahe,noaug,resnetv2_50,-1,2,done,64,2026-06-07 17:22:36,2026-06-07 17:23:51,46,0.9567,0.9052,2966.4,
msthgr-clahe__noaug__vgg16__fold0__seed0,cv,msthgr-clahe,noaug,vgg16,0,0,done,32,2026-06-07 17:23:51,2026-06-07 17:25:00,23,0.9762,,3840.3,
msthgr-clahe__noaug__vgg16__fold0__seed1,cv,msthgr-clahe,noaug,vgg16,0,1,done,32,2026-06-07 17:31:39,2026-06-07 17:33:22,35,0.9762,,3840.3,
msthgr-clahe__noaug__vgg16__fold0__seed2,cv,msthgr-clahe,noaug,vgg16,0,2,done,32,2026-06-07 17:39:45,2026-06-07 17:41:06,27,0.9606,,3840.3,
msthgr-clahe__noaug__vgg16__fold1__seed0,cv,msthgr-clahe,noaug,vgg16,1,0,done,32,2026-06-07 17:25:00,2026-06-07 17:26:34,32,0.9812,,3837.2,
msthgr-clahe__noaug__vgg16__fold1__seed1,cv,msthgr-clahe,noaug,vgg16,1,1,done,32,2026-06-07 17:33:23,2026-06-07 17:35:13,37,0.9526,,3837.2,
msthgr-clahe__noaug__vgg16__fold1__seed2,cv,msthgr-clahe,noaug,vgg16,1,2,done,32,2026-06-07 17:41:06,2026-06-07 17:42:15,23,0.9719,,3837.2,
msthgr-clahe__noaug__vgg16__fold2__seed0,cv,msthgr-clahe,noaug,vgg16,2,0,done,32,2026-06-07 17:26:34,2026-06-07 17:27:38,22,0.9521,,3843.5,
msthgr-clahe__noaug__vgg16__fold2__seed1,cv,msthgr-clahe,noaug,vgg16,2,1,done,32,2026-06-07 17:35:13,2026-06-07 17:36:35,28,0.9706,,3843.5,
msthgr-clahe__noaug__vgg16__fold2__seed2,cv,msthgr-clahe,noaug,vgg16,2,2,done,32,2026-06-07 17:42:15,2026-06-07 17:43:26,24,0.9593,,3843.5,
msthgr-clahe__noaug__vgg16__fold3__seed0,cv,msthgr-clahe,noaug,vgg16,3,0,done,32,2026-06-07 17:27:38,2026-06-07 17:29:09,31,0.9729,,3847.0,
msthgr-clahe__noaug__vgg16__fold3__seed1,cv,msthgr-clahe,noaug,vgg16,3,1,done,32,2026-06-07 17:36:35,2026-06-07 17:38:26,38,0.988,,3847.0,
msthgr-clahe__noaug__vgg16__fold3__seed2,cv,msthgr-clahe,noaug,vgg16,3,2,done,32,2026-06-07 17:43:26,2026-06-07 17:45:04,33,0.9872,,3847.0,
msthgr-clahe__noaug__vgg16__fold4__seed0,cv,msthgr-clahe,noaug,vgg16,4,0,done,32,2026-06-07 17:29:09,2026-06-07 17:31:39,50,0.9789,,3840.3,
msthgr-clahe__noaug__vgg16__fold4__seed1,cv,msthgr-clahe,noaug,vgg16,4,1,done,32,2026-06-07 17:38:26,2026-06-07 17:39:45,26,0.9649,,3840.3,
msthgr-clahe__noaug__vgg16__fold4__seed2,cv,msthgr-clahe,noaug,vgg16,4,2,done,32,2026-06-07 17:45:04,2026-06-07 17:46:14,24,0.9648,,3840.3,
msthgr-clahe__noaug__vgg16__seed0,test,msthgr-clahe,noaug,vgg16,-1,0,done,32,2026-06-07 17:46:15,2026-06-07 17:47:46,28,0.9725,0.9173,3838.9,
msthgr-clahe__noaug__vgg16__seed1,test,msthgr-clahe,noaug,vgg16,-1,1,done,32,2026-06-07 17:47:46,2026-06-07 17:49:13,26,0.9562,0.8988,3838.9,
msthgr-clahe__noaug__vgg16__seed2,test,msthgr-clahe,noaug,vgg16,-1,2,done,32,2026-06-07 17:49:13,2026-06-07 17:51:11,37,0.9593,0.9321,3838.9,
msthgr__aug__inception_v3__fold0__seed0,cv,msthgr,aug,inception_v3,0,0,done,32,2026-06-07 16:31:35,2026-06-07 16:32:31,26,0.9377,,2067.4,
msthgr__aug__inception_v3__fold0__seed1,cv,msthgr,aug,inception_v3,0,1,done,32,2026-06-07 16:38:15,2026-06-07 16:40:32,64,0.9917,,2067.4,
msthgr__aug__inception_v3__fold0__seed2,cv,msthgr,aug,inception_v3,0,2,done,32,2026-06-07 16:46:34,2026-06-07 16:48:23,51,0.9773,,2067.4,
msthgr__aug__inception_v3__fold1__seed0,cv,msthgr,aug,inception_v3,1,0,done,32,2026-06-07 16:32:31,2026-06-07 16:34:09,46,0.9875,,2067.4,
msthgr__aug__inception_v3__fold1__seed1,cv,msthgr,aug,inception_v3,1,1,done,32,2026-06-07 16:40:32,2026-06-07 16:42:00,41,0.9782,,2067.4,
msthgr__aug__inception_v3__fold1__seed2,cv,msthgr,aug,inception_v3,1,2,done,32,2026-06-07 16:48:23,2026-06-07 16:49:25,29,0.9755,,2067.4,
msthgr__aug__inception_v3__fold2__seed0,cv,msthgr,aug,inception_v3,2,0,done,32,2026-06-07 16:34:09,2026-06-07 16:35:35,41,0.9612,,2067.4,
msthgr__aug__inception_v3__fold2__seed1,cv,msthgr,aug,inception_v3,2,1,done,32,2026-06-07 16:42:00,2026-06-07 16:43:59,57,0.9634,,2067.4,
msthgr__aug__inception_v3__fold2__seed2,cv,msthgr,aug,inception_v3,2,2,done,32,2026-06-07 16:49:25,2026-06-07 16:51:00,45,0.9469,,2067.4,
msthgr__aug__inception_v3__fold3__seed0,cv,msthgr,aug,inception_v3,3,0,done,32,2026-06-07 16:35:35,2026-06-07 16:36:49,35,0.9856,,2067.4,
msthgr__aug__inception_v3__fold3__seed1,cv,msthgr,aug,inception_v3,3,1,done,32,2026-06-07 16:43:59,2026-06-07 16:45:36,46,0.9665,,2067.4,
msthgr__aug__inception_v3__fold3__seed2,cv,msthgr,aug,inception_v3,3,2,done,32,2026-06-07 16:51:00,2026-06-07 16:52:20,38,0.9801,,2067.4,
msthgr__aug__inception_v3__fold4__seed0,cv,msthgr,aug,inception_v3,4,0,done,32,2026-06-07 16:36:50,2026-06-07 16:38:15,40,0.9859,,2067.4,
msthgr__aug__inception_v3__fold4__seed1,cv,msthgr,aug,inception_v3,4,1,done,32,2026-06-07 16:45:36,2026-06-07 16:46:34,27,0.9859,,2067.4,
msthgr__aug__inception_v3__fold4__seed2,cv,msthgr,aug,inception_v3,4,2,done,32,2026-06-07 16:52:21,2026-06-07 16:53:15,25,0.9633,,2067.4,
msthgr__aug__inception_v3__seed0,test,msthgr,aug,inception_v3,-1,0,done,32,2026-06-07 16:53:15,2026-06-07 16:54:20,28,0.9866,0.8985,2067.4,
msthgr__aug__inception_v3__seed1,test,msthgr,aug,inception_v3,-1,1,done,32,2026-06-07 16:54:20,2026-06-07 16:56:12,50,0.9858,0.8849,2067.4,
msthgr__aug__inception_v3__seed2,test,msthgr,aug,inception_v3,-1,2,done,32,2026-06-07 16:56:12,2026-06-07 16:57:41,39,0.9738,0.903,2067.4,
msthgr__aug__resnetv2_50__fold0__seed0,cv,msthgr,aug,resnetv2_50,0,0,done,64,2026-06-07 15:21:32,2026-06-07 15:23:42,82,0.9765,,2966.4,
msthgr__aug__resnetv2_50__fold0__seed1,cv,msthgr,aug,resnetv2_50,0,1,done,64,2026-06-07 15:30:36,2026-06-07 15:32:59,90,0.9695,,2966.4,
msthgr__aug__resnetv2_50__fold0__seed2,cv,msthgr,aug,resnetv2_50,0,2,done,64,2026-06-07 15:39:15,2026-06-07 15:41:00,67,0.9526,,2966.4,
msthgr__aug__resnetv2_50__fold1__seed0,cv,msthgr,aug,resnetv2_50,1,0,done,64,2026-06-07 15:23:42,2026-06-07 15:26:03,89,0.9813,,2966.4,
msthgr__aug__resnetv2_50__fold1__seed1,cv,msthgr,aug,resnetv2_50,1,1,done,64,2026-06-07 15:32:59,2026-06-07 15:34:49,69,0.9687,,2966.4,
msthgr__aug__resnetv2_50__fold1__seed2,cv,msthgr,aug,resnetv2_50,1,2,done,64,2026-06-07 15:41:00,2026-06-07 15:42:51,69,0.975,,2966.4,
msthgr__aug__resnetv2_50__fold2__seed0,cv,msthgr,aug,resnetv2_50,2,0,done,64,2026-06-07 15:26:03,2026-06-07 15:27:35,59,0.9842,,2973.0,
msthgr__aug__resnetv2_50__fold2__seed1,cv,msthgr,aug,resnetv2_50,2,1,done,64,2026-06-07 15:34:49,2026-06-07 15:36:04,47,0.9859,,2966.4,
msthgr__aug__resnetv2_50__fold2__seed2,cv,msthgr,aug,resnetv2_50,2,2,done,64,2026-06-07 15:42:51,2026-06-07 15:44:15,54,0.9944,,2966.4,
msthgr__aug__resnetv2_50__fold3__seed0,cv,msthgr,aug,resnetv2_50,3,0,done,64,2026-06-07 15:27:35,2026-06-07 15:29:22,68,0.9597,,2973.0,
msthgr__aug__resnetv2_50__fold3__seed1,cv,msthgr,aug,resnetv2_50,3,1,done,64,2026-06-07 15:36:04,2026-06-07 15:37:36,59,0.9802,,2966.4,
msthgr__aug__resnetv2_50__fold3__seed2,cv,msthgr,aug,resnetv2_50,3,2,done,64,2026-06-07 15:44:16,2026-06-07 15:46:02,68,0.9793,,2966.4,
msthgr__aug__resnetv2_50__fold4__seed0,cv,msthgr,aug,resnetv2_50,4,0,done,64,2026-06-07 15:29:22,2026-06-07 15:30:36,47,0.9569,,2966.4,
msthgr__aug__resnetv2_50__fold4__seed1,cv,msthgr,aug,resnetv2_50,4,1,done,64,2026-06-07 15:37:36,2026-06-07 15:39:15,62,0.971,,2973.0,
msthgr__aug__resnetv2_50__fold4__seed2,cv,msthgr,aug,resnetv2_50,4,2,done,64,2026-06-07 15:46:02,2026-06-07 15:47:21,50,0.9773,,2966.4,
msthgr__aug__resnetv2_50__seed0,test,msthgr,aug,resnetv2_50,-1,0,done,64,2026-06-07 15:47:21,2026-06-07 15:49:15,69,0.9734,0.8996,2966.4,
msthgr__aug__resnetv2_50__seed1,test,msthgr,aug,resnetv2_50,-1,1,done,64,2026-06-07 15:49:15,2026-06-07 15:50:40,51,0.9575,0.9064,2966.4,
msthgr__aug__resnetv2_50__seed2,test,msthgr,aug,resnetv2_50,-1,2,done,64,2026-06-07 15:50:40,2026-06-07 15:52:33,69,0.929,0.925,2966.4,
msthgr__aug__vgg16__fold0__seed0,cv,msthgr,aug,vgg16,0,0,done,32,2026-06-07 15:52:33,2026-06-07 15:53:46,24,0.9766,,3840.3,
msthgr__aug__vgg16__fold0__seed1,cv,msthgr,aug,vgg16,0,1,done,32,2026-06-07 16:01:54,2026-06-07 16:04:00,42,0.9775,,3840.3,
msthgr__aug__vgg16__fold0__seed2,cv,msthgr,aug,vgg16,0,2,done,32,2026-06-07 16:14:34,2026-06-07 16:16:27,38,0.9668,,3840.3,
msthgr__aug__vgg16__fold1__seed0,cv,msthgr,aug,vgg16,1,0,done,32,2026-06-07 15:53:46,2026-06-07 15:55:10,28,0.9788,,3837.2,
msthgr__aug__vgg16__fold1__seed1,cv,msthgr,aug,vgg16,1,1,done,32,2026-06-07 16:04:01,2026-06-07 16:05:54,38,0.9661,,3837.2,
msthgr__aug__vgg16__fold1__seed2,cv,msthgr,aug,vgg16,1,2,done,32,2026-06-07 16:16:27,2026-06-07 16:18:45,46,0.9608,,3837.2,
msthgr__aug__vgg16__fold2__seed0,cv,msthgr,aug,vgg16,2,0,done,32,2026-06-07 15:55:10,2026-06-07 15:57:00,37,0.9629,,3843.5,
msthgr__aug__vgg16__fold2__seed1,cv,msthgr,aug,vgg16,2,1,done,32,2026-06-07 16:05:54,2026-06-07 16:08:54,61,0.9731,,3843.5,
msthgr__aug__vgg16__fold2__seed2,cv,msthgr,aug,vgg16,2,2,done,32,2026-06-07 16:18:45,2026-06-07 16:21:16,51,0.9847,,3843.5,
msthgr__aug__vgg16__fold3__seed0,cv,msthgr,aug,vgg16,3,0,done,32,2026-06-07 15:57:00,2026-06-07 15:59:15,46,1.0,,3847.0,
msthgr__aug__vgg16__fold3__seed1,cv,msthgr,aug,vgg16,3,1,done,32,2026-06-07 16:08:54,2026-06-07 16:12:48,80,0.9819,,3847.0,
msthgr__aug__vgg16__fold3__seed2,cv,msthgr,aug,vgg16,3,2,done,32,2026-06-07 16:21:16,2026-06-07 16:23:32,46,0.9868,,3847.0,
msthgr__aug__vgg16__fold4__seed0,cv,msthgr,aug,vgg16,4,0,done,32,2026-06-07 15:59:15,2026-06-07 16:01:54,53,0.9789,,3840.3,
msthgr__aug__vgg16__fold4__seed1,cv,msthgr,aug,vgg16,4,1,done,32,2026-06-07 16:12:48,2026-06-07 16:14:33,35,0.9929,,3840.3,
msthgr__aug__vgg16__fold4__seed2,cv,msthgr,aug,vgg16,4,2,done,32,2026-06-07 16:23:32,2026-06-07 16:25:35,41,0.972,,3840.3,
msthgr__aug__vgg16__seed0,test,msthgr,aug,vgg16,-1,0,done,32,2026-06-07 16:25:35,2026-06-07 16:27:48,41,0.9718,0.8831,3838.9,
msthgr__aug__vgg16__seed1,test,msthgr,aug,vgg16,-1,1,done,32,2026-06-07 16:27:48,2026-06-07 16:29:47,37,0.9858,0.8434,3838.9,
msthgr__aug__vgg16__seed2,test,msthgr,aug,vgg16,-1,2,done,32,2026-06-07 16:29:48,2026-06-07 16:31:35,33,0.9595,0.9355,3838.9,
msthgr__noaug__inception_v3__fold0__seed0,cv,msthgr,noaug,inception_v3,0,0,done,32,2026-06-07 15:00:13,2026-06-07 15:01:01,23,0.9753,,2067.4,
msthgr__noaug__inception_v3__fold0__seed1,cv,msthgr,noaug,inception_v3,0,1,done,32,2026-06-07 15:05:28,2026-06-07 15:06:43,36,0.9606,,2067.4,
msthgr__noaug__inception_v3__fold0__seed2,cv,msthgr,noaug,inception_v3,0,2,done,32,2026-06-07 15:11:55,2026-06-07 15:12:57,30,0.9679,,2067.4,
msthgr__noaug__inception_v3__fold1__seed0,cv,msthgr,noaug,inception_v3,1,0,done,32,2026-06-07 15:01:01,2026-06-07 15:02:23,39,0.9813,,2067.4,
msthgr__noaug__inception_v3__fold1__seed1,cv,msthgr,noaug,inception_v3,1,1,done,32,2026-06-07 15:06:43,2026-06-07 15:07:47,31,0.9748,,2067.4,
msthgr__noaug__inception_v3__fold1__seed2,cv,msthgr,noaug,inception_v3,1,2,done,32,2026-06-07 15:12:57,2026-06-07 15:14:41,50,0.976,,2067.4,
msthgr__noaug__inception_v3__fold2__seed0,cv,msthgr,noaug,inception_v3,2,0,done,32,2026-06-07 15:02:23,2026-06-07 15:03:27,31,0.9598,,2067.4,
msthgr__noaug__inception_v3__fold2__seed1,cv,msthgr,noaug,inception_v3,2,1,done,32,2026-06-07 15:07:47,2026-06-07 15:09:12,41,0.9413,,2067.4,
msthgr__noaug__inception_v3__fold2__seed2,cv,msthgr,noaug,inception_v3,2,2,done,32,2026-06-07 15:14:41,2026-06-07 15:15:33,23,0.9399,,2067.4,
msthgr__noaug__inception_v3__fold3__seed0,cv,msthgr,noaug,inception_v3,3,0,done,32,2026-06-07 15:03:27,2026-06-07 15:04:18,25,0.9559,,2067.4,
msthgr__noaug__inception_v3__fold3__seed1,cv,msthgr,noaug,inception_v3,3,1,done,32,2026-06-07 15:09:12,2026-06-07 15:10:40,43,0.9759,,2067.4,
msthgr__noaug__inception_v3__fold3__seed2,cv,msthgr,noaug,inception_v3,3,2,done,32,2026-06-07 15:15:33,2026-06-07 15:16:50,37,0.981,,2067.4,
msthgr__noaug__inception_v3__fold4__seed0,cv,msthgr,noaug,inception_v3,4,0,done,32,2026-06-07 15:04:18,2026-06-07 15:05:27,33,0.9789,,2067.4,
msthgr__noaug__inception_v3__fold4__seed1,cv,msthgr,noaug,inception_v3,4,1,done,32,2026-06-07 15:10:40,2026-06-07 15:11:55,32,0.979,,2067.4,
msthgr__noaug__inception_v3__fold4__seed2,cv,msthgr,noaug,inception_v3,4,2,done,32,2026-06-07 15:16:50,2026-06-07 15:18:26,46,0.9859,,2067.4,
msthgr__noaug__inception_v3__seed0,test,msthgr,noaug,inception_v3,-1,0,done,32,2026-06-07 15:18:26,2026-06-07 15:19:25,26,0.9848,0.9051,2067.4,
msthgr__noaug__inception_v3__seed1,test,msthgr,noaug,inception_v3,-1,1,done,32,2026-06-07 15:19:25,2026-06-07 15:20:37,32,0.9846,0.9186,2067.4,
msthgr__noaug__inception_v3__seed2,test,msthgr,noaug,inception_v3,-1,2,done,32,2026-06-07 15:20:37,2026-06-07 15:21:31,24,0.9866,0.8983,2067.4,
msthgr__noaug__resnetv2_50__fold0__seed0,cv,msthgr,noaug,resnetv2_50,0,0,done,64,2026-06-07 14:06:24,2026-06-07 14:08:37,87,0.9512,,2966.4,
msthgr__noaug__resnetv2_50__fold0__seed1,cv,msthgr,noaug,resnetv2_50,0,1,done,64,2026-06-07 14:15:00,2026-06-07 14:16:21,53,0.9502,,2966.4,
msthgr__noaug__resnetv2_50__fold0__seed2,cv,msthgr,noaug,resnetv2_50,0,2,done,64,2026-06-07 14:22:18,2026-06-07 14:23:34,49,0.9496,,2966.4,
msthgr__noaug__resnetv2_50__fold1__seed0,cv,msthgr,noaug,resnetv2_50,1,0,done,64,2026-06-07 14:08:37,2026-06-07 14:10:39,79,0.9748,,2966.4,
msthgr__noaug__resnetv2_50__fold1__seed1,cv,msthgr,noaug,resnetv2_50,1,1,done,64,2026-06-07 14:16:21,2026-06-07 14:17:52,59,0.9748,,2966.4,
msthgr__noaug__resnetv2_50__fold1__seed2,cv,msthgr,noaug,resnetv2_50,1,2,done,64,2026-06-07 14:23:33,2026-06-07 14:25:04,59,0.9687,,2973.0,
msthgr__noaug__resnetv2_50__fold2__seed0,cv,msthgr,noaug,resnetv2_50,2,0,done,64,2026-06-07 14:10:39,2026-06-07 14:11:59,52,0.9508,,2966.4,
msthgr__noaug__resnetv2_50__fold2__seed1,cv,msthgr,noaug,resnetv2_50,2,1,done,64,2026-06-07 14:17:52,2026-06-07 14:19:22,59,0.9624,,2966.4,
msthgr__noaug__resnetv2_50__fold2__seed2,cv,msthgr,noaug,resnetv2_50,2,2,done,64,2026-06-07 14:25:05,2026-06-07 14:26:28,55,0.9632,,2966.4,
msthgr__noaug__resnetv2_50__fold3__seed0,cv,msthgr,noaug,resnetv2_50,3,0,done,64,2026-06-07 14:11:59,2026-06-07 14:13:08,45,0.9669,,2973.0,
msthgr__noaug__resnetv2_50__fold3__seed1,cv,msthgr,noaug,resnetv2_50,3,1,done,64,2026-06-07 14:19:23,2026-06-07 14:20:30,45,0.9656,,2966.4,
msthgr__noaug__resnetv2_50__fold3__seed2,cv,msthgr,noaug,resnetv2_50,3,2,done,64,2026-06-07 14:26:28,2026-06-07 14:27:47,53,0.975,,2966.4,
msthgr__noaug__resnetv2_50__fold4__seed0,cv,msthgr,noaug,resnetv2_50,4,0,done,64,2026-06-07 14:13:08,2026-06-07 14:15:00,73,0.979,,2966.4,
msthgr__noaug__resnetv2_50__fold4__seed1,cv,msthgr,noaug,resnetv2_50,4,1,done,64,2026-06-07 14:20:30,2026-06-07 14:22:18,70,0.979,,2966.4,
msthgr__noaug__resnetv2_50__fold4__seed2,cv,msthgr,noaug,resnetv2_50,4,2,done,64,2026-06-07 14:27:47,2026-06-07 14:29:27,64,0.9718,,2966.4,
msthgr__noaug__resnetv2_50__seed0,test,msthgr,noaug,resnetv2_50,-1,0,done,64,2026-06-07 14:29:27,2026-06-07 14:30:50,51,0.987,0.9106,2966.4,
msthgr__noaug__resnetv2_50__seed1,test,msthgr,noaug,resnetv2_50,-1,1,done,64,2026-06-07 14:30:50,2026-06-07 14:32:13,52,0.9427,0.9101,2966.4,
msthgr__noaug__resnetv2_50__seed2,test,msthgr,noaug,resnetv2_50,-1,2,done,64,2026-06-07 14:32:13,2026-06-07 14:33:33,50,0.9425,0.9148,2966.4,
msthgr__noaug__vgg16__fold0__seed0,cv,msthgr,noaug,vgg16,0,0,done,32,2026-06-07 14:33:33,2026-06-07 14:34:57,28,0.9918,,3840.3,
msthgr__noaug__vgg16__fold0__seed1,cv,msthgr,noaug,vgg16,0,1,done,32,2026-06-07 14:41:14,2026-06-07 14:42:28,25,0.993,,3840.3,
msthgr__noaug__vgg16__fold0__seed2,cv,msthgr,noaug,vgg16,0,2,done,32,2026-06-07 14:47:57,2026-06-07 14:49:29,31,0.9835,,3840.3,
msthgr__noaug__vgg16__fold1__seed0,cv,msthgr,noaug,vgg16,1,0,done,32,2026-06-07 14:34:57,2026-06-07 14:36:17,27,0.9875,,3837.2,
msthgr__noaug__vgg16__fold1__seed1,cv,msthgr,noaug,vgg16,1,1,done,32,2026-06-07 14:42:28,2026-06-07 14:43:40,24,0.9813,,3837.2,
msthgr__noaug__vgg16__fold1__seed2,cv,msthgr,noaug,vgg16,1,2,done,32,2026-06-07 14:49:29,2026-06-07 14:50:43,25,0.9783,,3837.2,
msthgr__noaug__vgg16__fold2__seed0,cv,msthgr,noaug,vgg16,2,0,done,32,2026-06-07 14:36:17,2026-06-07 14:37:36,27,0.9506,,3843.5,
msthgr__noaug__vgg16__fold2__seed1,cv,msthgr,noaug,vgg16,2,1,done,32,2026-06-07 14:43:40,2026-06-07 14:45:01,28,0.9502,,3843.5,
msthgr__noaug__vgg16__fold2__seed2,cv,msthgr,noaug,vgg16,2,2,done,32,2026-06-07 14:50:43,2026-06-07 14:52:24,35,0.9679,,3843.5,
msthgr__noaug__vgg16__fold3__seed0,cv,msthgr,noaug,vgg16,3,0,done,32,2026-06-07 14:37:36,2026-06-07 14:39:56,48,0.9867,,3847.0,
msthgr__noaug__vgg16__fold3__seed1,cv,msthgr,noaug,vgg16,3,1,done,32,2026-06-07 14:45:01,2026-06-07 14:46:30,30,0.9879,,3847.0,
msthgr__noaug__vgg16__fold3__seed2,cv,msthgr,noaug,vgg16,3,2,done,32,2026-06-07 14:52:24,2026-06-07 14:53:38,25,0.9801,,3847.0,
msthgr__noaug__vgg16__fold4__seed0,cv,msthgr,noaug,vgg16,4,0,done,32,2026-06-07 14:39:56,2026-06-07 14:41:14,26,0.986,,3840.3,
msthgr__noaug__vgg16__fold4__seed1,cv,msthgr,noaug,vgg16,4,1,done,32,2026-06-07 14:46:30,2026-06-07 14:47:57,29,0.986,,3840.3,
msthgr__noaug__vgg16__fold4__seed2,cv,msthgr,noaug,vgg16,4,2,done,32,2026-06-07 14:53:39,2026-06-07 14:55:19,34,0.9772,,3840.3,
msthgr__noaug__vgg16__seed0,test,msthgr,noaug,vgg16,-1,0,done,32,2026-06-07 14:55:19,2026-06-07 14:56:38,24,1.0,0.9074,3838.9,
msthgr__noaug__vgg16__seed1,test,msthgr,noaug,vgg16,-1,1,done,32,2026-06-07 14:56:38,2026-06-07 14:58:03,26,1.0,0.9293,3838.9,
msthgr__noaug__vgg16__seed2,test,msthgr,noaug,vgg16,-1,2,done,32,2026-06-07 14:58:03,2026-06-07 15:00:13,41,0.9866,0.9409,3838.9,
none__aug__inception_v3__fold0__seed0,cv,none,aug,inception_v3,0,0,done,32,2026-06-07 13:37:23,2026-06-07 13:38:45,38,0.9679,,2067.4,
none__aug__inception_v3__fold0__seed1,cv,none,aug,inception_v3,0,1,done,32,2026-06-07 13:46:03,2026-06-07 13:47:55,53,0.9684,,2067.4,
none__aug__inception_v3__fold0__seed2,cv,none,aug,inception_v3,0,2,done,32,2026-06-07 13:54:11,2026-06-07 13:55:31,37,0.9682,,2067.4,
none__aug__inception_v3__fold1__seed0,cv,none,aug,inception_v3,1,0,done,32,2026-06-07 13:38:46,2026-06-07 13:40:33,51,0.9717,,2067.4,
none__aug__inception_v3__fold1__seed1,cv,none,aug,inception_v3,1,1,done,32,2026-06-07 13:47:55,2026-06-07 13:49:56,57,0.9719,,2067.4,
none__aug__inception_v3__fold1__seed2,cv,none,aug,inception_v3,1,2,done,32,2026-06-07 13:55:31,2026-06-07 13:58:21,80,0.9846,,2067.4,
none__aug__inception_v3__fold2__seed0,cv,none,aug,inception_v3,2,0,done,32,2026-06-07 13:40:33,2026-06-07 13:42:20,50,0.9567,,2067.4,
none__aug__inception_v3__fold2__seed1,cv,none,aug,inception_v3,2,1,done,32,2026-06-07 13:49:56,2026-06-07 13:51:12,36,0.9786,,2067.4,
none__aug__inception_v3__fold2__seed2,cv,none,aug,inception_v3,2,2,done,32,2026-06-07 13:58:21,2026-06-07 13:59:56,45,0.9745,,2067.4,
none__aug__inception_v3__fold3__seed0,cv,none,aug,inception_v3,3,0,done,32,2026-06-07 13:42:20,2026-06-07 13:43:54,45,0.9744,,2067.4,
none__aug__inception_v3__fold3__seed1,cv,none,aug,inception_v3,3,1,done,32,2026-06-07 13:51:12,2026-06-07 13:53:13,58,0.9802,,2067.4,
none__aug__inception_v3__fold3__seed2,cv,none,aug,inception_v3,3,2,done,32,2026-06-07 13:59:56,2026-06-07 14:01:53,56,0.9585,,2067.4,
none__aug__inception_v3__fold4__seed0,cv,none,aug,inception_v3,4,0,done,32,2026-06-07 13:43:54,2026-06-07 13:46:03,60,0.9785,,2067.4,
none__aug__inception_v3__fold4__seed1,cv,none,aug,inception_v3,4,1,done,32,2026-06-07 13:53:14,2026-06-07 13:54:11,27,0.9489,,2067.4,
none__aug__inception_v3__fold4__seed2,cv,none,aug,inception_v3,4,2,done,32,2026-06-07 14:01:53,2026-06-07 14:02:59,31,0.9788,,2067.4,
none__aug__inception_v3__seed0,test,none,aug,inception_v3,-1,0,done,32,2026-06-07 14:03:00,2026-06-07 14:04:19,35,1.0,0.884,2067.4,
none__aug__inception_v3__seed1,test,none,aug,inception_v3,-1,1,done,32,2026-06-07 14:04:19,2026-06-07 14:05:18,25,0.9572,0.8168,2067.4,
none__aug__inception_v3__seed2,test,none,aug,inception_v3,-1,2,done,32,2026-06-07 14:05:18,2026-06-07 14:06:24,29,0.9738,0.9121,2067.4,
none__aug__resnetv2_50__fold0__seed0,cv,none,aug,resnetv2_50,0,0,done,64,2026-06-07 12:36:05,2026-06-07 12:38:02,74,0.9586,,2973.0,
none__aug__resnetv2_50__fold0__seed1,cv,none,aug,resnetv2_50,0,1,done,64,2026-06-07 12:44:37,2026-06-07 12:46:16,63,0.9616,,2966.4,
none__aug__resnetv2_50__fold0__seed2,cv,none,aug,resnetv2_50,0,2,done,64,2026-06-07 12:52:39,2026-06-07 12:53:52,46,0.9499,,2973.0,
none__aug__resnetv2_50__fold1__seed0,cv,none,aug,resnetv2_50,1,0,done,64,2026-06-07 12:38:03,2026-06-07 12:39:33,57,0.9117,,2973.0,
none__aug__resnetv2_50__fold1__seed1,cv,none,aug,resnetv2_50,1,1,done,64,2026-06-07 12:46:16,2026-06-07 12:48:09,70,0.9473,,2966.4,
none__aug__resnetv2_50__fold1__seed2,cv,none,aug,resnetv2_50,1,2,done,64,2026-06-07 12:53:52,2026-06-07 12:56:06,82,0.9561,,2973.0,
none__aug__resnetv2_50__fold2__seed0,cv,none,aug,resnetv2_50,2,0,done,64,2026-06-07 12:39:34,2026-06-07 12:41:23,70,0.9718,,2966.4,
none__aug__resnetv2_50__fold2__seed1,cv,none,aug,resnetv2_50,2,1,done,64,2026-06-07 12:48:09,2026-06-07 12:49:38,56,0.9859,,2966.4,
none__aug__resnetv2_50__fold2__seed2,cv,none,aug,resnetv2_50,2,2,done,64,2026-06-07 12:56:07,2026-06-07 12:57:24,49,0.9916,,2966.4,
none__aug__resnetv2_50__fold3__seed0,cv,none,aug,resnetv2_50,3,0,done,64,2026-06-07 12:41:23,2026-06-07 12:43:08,67,0.9523,,2973.0,
none__aug__resnetv2_50__fold3__seed1,cv,none,aug,resnetv2_50,3,1,done,64,2026-06-07 12:49:38,2026-06-07 12:51:22,67,0.9666,,2966.4,
none__aug__resnetv2_50__fold3__seed2,cv,none,aug,resnetv2_50,3,2,done,64,2026-06-07 12:57:24,2026-06-07 12:59:12,70,0.9871,,2973.0,
none__aug__resnetv2_50__fold4__seed0,cv,none,aug,resnetv2_50,4,0,done,64,2026-06-07 12:43:08,2026-06-07 12:44:36,56,0.9502,,2973.0,
none__aug__resnetv2_50__fold4__seed1,cv,none,aug,resnetv2_50,4,1,done,64,2026-06-07 12:51:22,2026-06-07 12:52:39,48,0.9714,,2966.4,
none__aug__resnetv2_50__fold4__seed2,cv,none,aug,resnetv2_50,4,2,done,64,2026-06-07 12:59:13,2026-06-07 13:01:11,74,0.957,,2973.0,
none__aug__resnetv2_50__seed0,test,none,aug,resnetv2_50,-1,0,done,64,2026-06-07 13:01:11,2026-06-07 13:02:28,47,0.9603,0.8776,2973.0,
none__aug__resnetv2_50__seed1,test,none,aug,resnetv2_50,-1,1,done,64,2026-06-07 13:02:29,2026-06-07 13:03:54,52,0.9567,0.9142,2966.4,
none__aug__resnetv2_50__seed2,test,none,aug,resnetv2_50,-1,2,done,64,2026-06-07 13:03:54,2026-06-07 13:05:33,60,0.9259,0.9144,2973.0,
none__aug__vgg16__fold0__seed0,cv,none,aug,vgg16,0,0,done,32,2026-06-07 13:05:33,2026-06-07 13:07:21,36,0.9696,,3840.3,
none__aug__vgg16__fold0__seed1,cv,none,aug,vgg16,0,1,done,32,2026-06-07 13:15:27,2026-06-07 13:17:30,41,0.9613,,3840.3,
none__aug__vgg16__fold0__seed2,cv,none,aug,vgg16,0,2,done,32,2026-06-07 13:24:10,2026-06-07 13:25:25,25,0.9684,,3840.3,
none__aug__vgg16__fold1__seed0,cv,none,aug,vgg16,1,0,done,32,2026-06-07 13:07:21,2026-06-07 13:09:00,33,0.9721,,3837.2,
none__aug__vgg16__fold1__seed1,cv,none,aug,vgg16,1,1,done,32,2026-06-07 13:17:30,2026-06-07 13:19:37,43,0.9626,,3837.2,
none__aug__vgg16__fold1__seed2,cv,none,aug,vgg16,1,2,done,32,2026-06-07 13:25:26,2026-06-07 13:27:03,32,0.9629,,3837.2,
none__aug__vgg16__fold2__seed0,cv,none,aug,vgg16,2,0,done,32,2026-06-07 13:09:00,2026-06-07 13:10:25,29,0.9706,,3843.5,
none__aug__vgg16__fold2__seed1,cv,none,aug,vgg16,2,1,done,32,2026-06-07 13:19:38,2026-06-07 13:21:11,32,0.9634,,3843.5,
none__aug__vgg16__fold2__seed2,cv,none,aug,vgg16,2,2,done,32,2026-06-07 13:27:03,2026-06-07 13:29:06,42,0.9768,,3843.5,
none__aug__vgg16__fold3__seed0,cv,none,aug,vgg16,3,0,done,32,2026-06-07 13:10:26,2026-06-07 13:12:09,35,0.9879,,3847.0,
none__aug__vgg16__fold3__seed1,cv,none,aug,vgg16,3,1,done,32,2026-06-07 13:21:11,2026-06-07 13:22:43,31,0.9803,,3847.0,
none__aug__vgg16__fold3__seed2,cv,none,aug,vgg16,3,2,done,32,2026-06-07 13:29:06,2026-06-07 13:30:21,25,0.96,,3847.0,
none__aug__vgg16__fold4__seed0,cv,none,aug,vgg16,4,0,done,32,2026-06-07 13:12:09,2026-06-07 13:15:27,67,0.9623,,3840.3,
none__aug__vgg16__fold4__seed1,cv,none,aug,vgg16,4,1,done,32,2026-06-07 13:22:43,2026-06-07 13:24:09,29,0.9635,,3840.3,
none__aug__vgg16__fold4__seed2,cv,none,aug,vgg16,4,2,done,32,2026-06-07 13:30:21,2026-06-07 13:32:08,36,0.9625,,3840.3,
none__aug__vgg16__seed0,test,none,aug,vgg16,-1,0,done,32,2026-06-07 13:32:08,2026-06-07 13:33:55,33,0.9722,0.753,3838.9,
none__aug__vgg16__seed1,test,none,aug,vgg16,-1,1,done,32,2026-06-07 13:33:55,2026-06-07 13:35:20,26,0.9721,0.9018,3838.9,
none__aug__vgg16__seed2,test,none,aug,vgg16,-1,2,done,32,2026-06-07 13:35:21,2026-06-07 13:37:23,37,0.9542,0.7982,3838.9,
none__noaug__convnext_tiny__fold0__seed0,cv,none,noaug,convnext_tiny,0,0,done,32,2026-08-17 11:09:48,2026-08-17 11:11:50,26,0.9755,,2430.1,
none__noaug__convnext_tiny__fold0__seed1,cv,none,noaug,convnext_tiny,0,1,done,32,2026-08-17 11:18:50,2026-08-17 11:20:57,30,0.9837,,2428.8,
none__noaug__convnext_tiny__fold0__seed2,cv,none,noaug,convnext_tiny,0,2,done,32,2026-08-17 13:04:03,2026-08-17 13:04:46,24,0.9836,,2430.1,
none__noaug__convnext_tiny__fold1__seed0,cv,none,noaug,convnext_tiny,1,0,done,32,2026-08-17 11:11:50,2026-08-17 11:13:29,24,0.9812,,2428.8,
none__noaug__convnext_tiny__fold1__seed1,cv,none,noaug,convnext_tiny,1,1,done,32,2026-08-17 11:20:58,2026-08-17 11:23:03,27,0.9812,,2428.8,
none__noaug__convnext_tiny__fold1__seed2,cv,none,noaug,convnext_tiny,1,2,done,32,2026-08-17 13:04:46,2026-08-17 13:05:28,26,0.9875,,2428.8,
none__noaug__convnext_tiny__fold2__seed0,cv,none,noaug,convnext_tiny,2,0,done,32,2026-08-17 11:13:29,2026-08-17 11:15:04,23,0.9521,,2428.8,
none__noaug__convnext_tiny__fold2__seed1,cv,none,noaug,convnext_tiny,2,1,done,32,2026-08-17 11:23:04,2026-08-17 11:25:13,31,0.9731,,2428.8,
none__noaug__convnext_tiny__fold2__seed2,cv,none,noaug,convnext_tiny,2,2,done,32,2026-08-17 13:05:29,2026-08-17 13:06:08,24,0.9792,,2428.8,
none__noaug__convnext_tiny__fold3__seed0,cv,none,noaug,convnext_tiny,3,0,done,32,2026-08-17 11:15:04,2026-08-17 11:16:56,25,0.994,,2428.8,
none__noaug__convnext_tiny__fold3__seed1,cv,none,noaug,convnext_tiny,3,1,done,32,2026-08-17 11:25:13,2026-08-17 11:27:17,30,0.9872,,2428.8,
none__noaug__convnext_tiny__fold3__seed2,cv,none,noaug,convnext_tiny,3,2,done,32,2026-08-17 13:06:08,2026-08-17 13:06:48,24,0.9871,,2428.8,
none__noaug__convnext_tiny__fold4__seed0,cv,none,noaug,convnext_tiny,4,0,done,32,2026-08-17 11:16:57,2026-08-17 11:18:49,26,0.9929,,2428.8,
none__noaug__convnext_tiny__fold4__seed1,cv,none,noaug,convnext_tiny,4,1,done,32,2026-08-17 11:27:17,2026-08-17 11:29:22,28,0.9706,,2428.8,
none__noaug__convnext_tiny__fold4__seed2,cv,none,noaug,convnext_tiny,4,2,done,32,2026-08-17 13:06:48,2026-08-17 13:07:28,25,0.9859,,2428.8,
none__noaug__convnext_tiny__seed0,test,none,noaug,convnext_tiny,-1,0,done,32,2026-08-17 13:07:28,2026-08-17 13:08:10,22,0.9866,0.9185,2428.8,
none__noaug__convnext_tiny__seed1,test,none,noaug,convnext_tiny,-1,1,done,32,2026-08-17 13:08:10,2026-08-17 13:08:57,27,0.9864,0.9523,2428.8,
none__noaug__convnext_tiny__seed2,test,none,noaug,convnext_tiny,-1,2,done,32,2026-08-17 13:08:57,2026-08-17 13:09:39,24,0.9567,0.9464,2428.8,
none__noaug__deit_small_patch16_224__fold0__seed0,cv,none,noaug,deit_small_patch16_224,0,0,done,64,2026-08-17 13:42:09,2026-08-17 13:42:46,24,0.9765,,2601.5,
none__noaug__deit_small_patch16_224__fold0__seed1,cv,none,noaug,deit_small_patch16_224,0,1,done,64,2026-08-17 13:45:17,2026-08-17 13:45:52,23,0.9848,,2601.5,
none__noaug__deit_small_patch16_224__fold0__seed2,cv,none,noaug,deit_small_patch16_224,0,2,done,64,2026-08-17 13:48:46,2026-08-17 13:49:29,28,0.9837,,2601.5,
none__noaug__deit_small_patch16_224__fold1__seed0,cv,none,noaug,deit_small_patch16_224,1,0,done,64,2026-08-17 13:42:46,2026-08-17 13:43:21,23,0.9717,,2601.5,
none__noaug__deit_small_patch16_224__fold1__seed1,cv,none,noaug,deit_small_patch16_224,1,1,done,64,2026-08-17 13:45:52,2026-08-17 13:46:40,31,0.9688,,2601.5,
none__noaug__deit_small_patch16_224__fold1__seed2,cv,none,noaug,deit_small_patch16_224,1,2,done,64,2026-08-17 13:49:29,2026-08-17 13:50:06,24,0.9875,,2601.5,
none__noaug__deit_small_patch16_224__fold2__seed0,cv,none,noaug,deit_small_patch16_224,2,0,done,64,2026-08-17 13:43:21,2026-08-17 13:44:01,26,0.9949,,2601.5,
none__noaug__deit_small_patch16_224__fold2__seed1,cv,none,noaug,deit_small_patch16_224,2,1,done,64,2026-08-17 13:46:40,2026-08-17 13:47:25,30,0.9889,,2601.5,
none__noaug__deit_small_patch16_224__fold2__seed2,cv,none,noaug,deit_small_patch16_224,2,2,done,64,2026-08-17 13:50:06,2026-08-17 13:50:43,24,0.9713,,2601.5,
none__noaug__deit_small_patch16_224__fold3__seed0,cv,none,noaug,deit_small_patch16_224,3,0,done,64,2026-08-17 13:44:01,2026-08-17 13:44:40,26,0.9794,,2601.5,
none__noaug__deit_small_patch16_224__fold3__seed1,cv,none,noaug,deit_small_patch16_224,3,1,done,64,2026-08-17 13:47:26,2026-08-17 13:48:12,31,0.9811,,2601.5,
none__noaug__deit_small_patch16_224__fold3__seed2,cv,none,noaug,deit_small_patch16_224,3,2,done,64,2026-08-17 13:50:43,2026-08-17 13:51:27,30,0.9869,,2601.5,
none__noaug__deit_small_patch16_224__fold4__seed0,cv,none,noaug,deit_small_patch16_224,4,0,done,64,2026-08-17 13:44:40,2026-08-17 13:45:17,24,0.9929,,2601.5,
none__noaug__deit_small_patch16_224__fold4__seed1,cv,none,noaug,deit_small_patch16_224,4,1,done,64,2026-08-17 13:48:12,2026-08-17 13:48:46,22,0.979,,2601.5,
none__noaug__deit_small_patch16_224__fold4__seed2,cv,none,noaug,deit_small_patch16_224,4,2,done,64,2026-08-17 13:51:28,2026-08-17 13:52:06,25,0.986,,2601.5,
none__noaug__deit_small_patch16_224__seed0,test,none,noaug,deit_small_patch16_224,-1,0,done,64,2026-08-17 13:52:06,2026-08-17 13:52:48,25,1.0,0.9484,2601.5,
none__noaug__deit_small_patch16_224__seed1,test,none,noaug,deit_small_patch16_224,-1,1,done,64,2026-08-17 13:52:48,2026-08-17 13:53:30,25,1.0,0.9483,2601.5,
none__noaug__deit_small_patch16_224__seed2,test,none,noaug,deit_small_patch16_224,-1,2,done,64,2026-08-17 13:53:30,2026-08-17 13:54:13,24,0.9718,0.9255,2601.5,
none__noaug__inception_v3__fold0__seed0,cv,none,noaug,inception_v3,0,0,done,32,2026-06-07 12:11:30,2026-06-07 12:13:16,51,0.9757,,2067.4,
none__noaug__inception_v3__fold0__seed1,cv,none,noaug,inception_v3,0,1,done,32,2026-06-07 12:18:29,2026-06-07 12:20:34,60,0.9919,,2067.4,
none__noaug__inception_v3__fold0__seed2,cv,none,noaug,inception_v3,0,2,done,32,2026-06-07 12:24:57,2026-06-07 12:26:48,54,0.9676,,2067.4,
none__noaug__inception_v3__fold1__seed0,cv,none,noaug,inception_v3,1,0,done,32,2026-06-07 12:13:16,2026-06-07 12:14:14,28,0.9813,,2067.4,
none__noaug__inception_v3__fold1__seed1,cv,none,noaug,inception_v3,1,1,done,32,2026-06-07 12:20:34,2026-06-07 12:21:53,38,0.9719,,2067.4,
none__noaug__inception_v3__fold1__seed2,cv,none,noaug,inception_v3,1,2,done,32,2026-06-07 12:26:49,2026-06-07 12:28:14,41,0.9813,,2067.4,
none__noaug__inception_v3__fold2__seed0,cv,none,noaug,inception_v3,2,0,done,32,2026-06-07 12:14:14,2026-06-07 12:15:34,39,0.9744,,2067.4,
none__noaug__inception_v3__fold2__seed1,cv,none,noaug,inception_v3,2,1,done,32,2026-06-07 12:21:54,2026-06-07 12:23:09,37,0.9674,,2067.4,
none__noaug__inception_v3__fold2__seed2,cv,none,noaug,inception_v3,2,2,done,32,2026-06-07 12:28:14,2026-06-07 12:30:13,58,0.9916,,2067.4,
none__noaug__inception_v3__fold3__seed0,cv,none,noaug,inception_v3,3,0,done,32,2026-06-07 12:15:34,2026-06-07 12:16:51,38,0.9798,,2067.4,
none__noaug__inception_v3__fold3__seed1,cv,none,noaug,inception_v3,3,1,done,32,2026-06-07 12:23:09,2026-06-07 12:24:05,27,0.9788,,2067.4,
none__noaug__inception_v3__fold3__seed2,cv,none,noaug,inception_v3,3,2,done,32,2026-06-07 12:30:13,2026-06-07 12:31:44,45,0.9871,,2067.4,
none__noaug__inception_v3__fold4__seed0,cv,none,noaug,inception_v3,4,0,done,32,2026-06-07 12:16:51,2026-06-07 12:18:28,47,0.986,,2067.4,
none__noaug__inception_v3__fold4__seed1,cv,none,noaug,inception_v3,4,1,done,32,2026-06-07 12:24:05,2026-06-07 12:24:57,25,0.9859,,2067.4,
none__noaug__inception_v3__fold4__seed2,cv,none,noaug,inception_v3,4,2,done,32,2026-06-07 12:31:44,2026-06-07 12:32:47,30,0.9929,,2067.4,
none__noaug__inception_v3__seed0,test,none,noaug,inception_v3,-1,0,done,32,2026-06-07 12:32:47,2026-06-07 12:34:13,39,1.0,0.9349,2067.4,
none__noaug__inception_v3__seed1,test,none,noaug,inception_v3,-1,1,done,32,2026-06-07 12:34:13,2026-06-07 12:35:08,24,0.9864,0.9177,2067.4,
none__noaug__inception_v3__seed2,test,none,noaug,inception_v3,-1,2,done,32,2026-06-07 12:35:08,2026-06-07 12:36:05,25,0.971,0.9368,2067.4,
none__noaug__resnetv2_50__fold0__seed0,cv,none,noaug,resnetv2_50,0,0,done,64,2026-06-07 11:20:26,2026-06-07 11:22:28,81,0.9668,,2949.8,
none__noaug__resnetv2_50__fold0__seed1,cv,none,noaug,resnetv2_50,0,1,done,64,2026-06-07 11:28:09,2026-06-07 11:29:41,62,0.9668,,2949.3,
none__noaug__resnetv2_50__fold0__seed2,cv,none,noaug,resnetv2_50,0,2,done,64,2026-06-07 11:36:17,2026-06-07 11:37:26,46,0.9502,,2949.8,
none__noaug__resnetv2_50__fold1__seed0,cv,none,noaug,resnetv2_50,1,0,done,64,2026-06-07 11:22:28,2026-06-07 11:24:01,62,0.975,,2949.8,
none__noaug__resnetv2_50__fold1__seed1,cv,none,noaug,resnetv2_50,1,1,done,64,2026-06-07 11:29:41,2026-06-07 11:32:00,93,0.9812,,2949.8,
none__noaug__resnetv2_50__fold1__seed2,cv,none,noaug,resnetv2_50,1,2,done,64,2026-06-07 11:37:26,2026-06-07 11:39:24,79,0.9813,,2949.8,
none__noaug__resnetv2_50__fold2__seed0,cv,none,noaug,resnetv2_50,2,0,done,64,2026-06-07 11:24:01,2026-06-07 11:25:22,55,0.9566,,2949.8,
none__noaug__resnetv2_50__fold2__seed1,cv,none,noaug,resnetv2_50,2,1,done,64,2026-06-07 11:32:00,2026-06-07 11:33:22,55,0.9655,,2949.8,
none__noaug__resnetv2_50__fold2__seed2,cv,none,noaug,resnetv2_50,2,2,done,64,2026-06-07 11:39:24,2026-06-07 11:40:45,55,0.9731,,2949.8,
none__noaug__resnetv2_50__fold3__seed0,cv,none,noaug,resnetv2_50,3,0,done,64,2026-06-07 11:25:23,2026-06-07 11:26:30,46,0.9733,,2949.3,
none__noaug__resnetv2_50__fold3__seed1,cv,none,noaug,resnetv2_50,3,1,done,64,2026-06-07 11:33:22,2026-06-07 11:34:28,45,0.9668,,2949.3,
none__noaug__resnetv2_50__fold3__seed2,cv,none,noaug,resnetv2_50,3,2,done,64,2026-06-07 11:40:45,2026-06-07 11:41:53,46,0.9801,,2949.8,
none__noaug__resnetv2_50__fold4__seed0,cv,none,noaug,resnetv2_50,4,0,done,64,2026-06-07 11:26:31,2026-06-07 11:28:09,66,0.972,,2949.8,
none__noaug__resnetv2_50__fold4__seed1,cv,none,noaug,resnetv2_50,4,1,done,64,2026-06-07 11:34:28,2026-06-07 11:36:17,72,0.9789,,2949.8,
none__noaug__resnetv2_50__fold4__seed2,cv,none,noaug,resnetv2_50,4,2,done,64,2026-06-07 11:41:53,2026-06-07 11:43:03,47,0.9632,,2949.3,
none__noaug__resnetv2_50__seed0,test,none,noaug,resnetv2_50,-1,0,done,64,2026-06-07 11:43:04,2026-06-07 11:44:10,42,0.987,0.8881,2949.8,
none__noaug__resnetv2_50__seed1,test,none,noaug,resnetv2_50,-1,1,done,64,2026-06-07 11:44:10,2026-06-07 11:45:23,47,0.9578,0.9172,2949.8,
none__noaug__resnetv2_50__seed2,test,none,noaug,resnetv2_50,-1,2,done,64,2026-06-07 11:45:23,2026-06-07 11:46:51,56,0.9567,0.938,2949.3,
none__noaug__tf_efficientnetv2_s__fold0__seed0,cv,none,noaug,tf_efficientnetv2_s,0,0,done,32,2026-08-17 13:09:39,2026-08-17 13:11:16,34,0.9453,,5049.5,
none__noaug__tf_efficientnetv2_s__fold0__seed1,cv,none,noaug,tf_efficientnetv2_s,0,1,done,32,2026-08-17 13:19:55,2026-08-17 13:21:18,30,0.9601,,5049.5,
none__noaug__tf_efficientnetv2_s__fold0__seed2,cv,none,noaug,tf_efficientnetv2_s,0,2,done,32,2026-08-17 13:26:39,2026-08-17 13:29:23,59,0.9673,,5049.5,
none__noaug__tf_efficientnetv2_s__fold1__seed0,cv,none,noaug,tf_efficientnetv2_s,1,0,done,32,2026-08-17 13:11:16,2026-08-17 13:12:29,26,0.9529,,5049.5,
none__noaug__tf_efficientnetv2_s__fold1__seed1,cv,none,noaug,tf_efficientnetv2_s,1,1,done,32,2026-08-17 13:21:18,2026-08-17 13:22:24,24,0.9424,,5049.5,
none__noaug__tf_efficientnetv2_s__fold1__seed2,cv,none,noaug,tf_efficientnetv2_s,1,2,done,32,2026-08-17 13:29:23,2026-08-17 13:31:06,37,0.9463,,5049.5,
none__noaug__tf_efficientnetv2_s__fold2__seed0,cv,none,noaug,tf_efficientnetv2_s,2,0,done,32,2026-08-17 13:12:29,2026-08-17 13:15:31,67,0.9376,,5049.5,
none__noaug__tf_efficientnetv2_s__fold2__seed1,cv,none,noaug,tf_efficientnetv2_s,2,1,done,32,2026-08-17 13:22:24,2026-08-17 13:23:41,28,0.942,,5049.5,
none__noaug__tf_efficientnetv2_s__fold2__seed2,cv,none,noaug,tf_efficientnetv2_s,2,2,done,32,2026-08-17 13:31:06,2026-08-17 13:33:41,57,0.9685,,5049.5,
none__noaug__tf_efficientnetv2_s__fold3__seed0,cv,none,noaug,tf_efficientnetv2_s,3,0,done,32,2026-08-17 13:15:31,2026-08-17 13:18:23,63,0.9553,,5049.5,
none__noaug__tf_efficientnetv2_s__fold3__seed1,cv,none,noaug,tf_efficientnetv2_s,3,1,done,32,2026-08-17 13:23:41,2026-08-17 13:25:10,33,0.9613,,5049.5,
none__noaug__tf_efficientnetv2_s__fold3__seed2,cv,none,noaug,tf_efficientnetv2_s,3,2,done,32,2026-08-17 13:33:41,2026-08-17 13:36:24,60,0.9741,,5049.5,
none__noaug__tf_efficientnetv2_s__fold4__seed0,cv,none,noaug,tf_efficientnetv2_s,4,0,done,32,2026-08-17 13:18:23,2026-08-17 13:19:55,33,0.9712,,5049.5,
none__noaug__tf_efficientnetv2_s__fold4__seed1,cv,none,noaug,tf_efficientnetv2_s,4,1,done,32,2026-08-17 13:25:11,2026-08-17 13:26:39,32,0.9648,,5049.5,
none__noaug__tf_efficientnetv2_s__fold4__seed2,cv,none,noaug,tf_efficientnetv2_s,4,2,done,32,2026-08-17 13:36:24,2026-08-17 13:37:55,33,0.986,,5049.5,
none__noaug__tf_efficientnetv2_s__seed0,test,none,noaug,tf_efficientnetv2_s,-1,0,done,32,2026-08-17 13:37:56,2026-08-17 13:39:24,29,0.9586,0.8781,5049.5,
none__noaug__tf_efficientnetv2_s__seed1,test,none,noaug,tf_efficientnetv2_s,-1,1,done,32,2026-08-17 13:39:24,2026-08-17 13:40:56,31,0.9717,0.8939,5049.5,
none__noaug__tf_efficientnetv2_s__seed2,test,none,noaug,tf_efficientnetv2_s,-1,2,done,32,2026-08-17 13:40:57,2026-08-17 13:42:09,24,0.971,0.8851,5049.5,
none__noaug__vgg16__fold0__seed0,cv,none,noaug,vgg16,0,0,done,32,2026-06-07 11:46:52,2026-06-07 11:48:02,24,0.9757,,3842.8,
none__noaug__vgg16__fold0__seed1,cv,none,noaug,vgg16,0,1,done,32,2026-06-07 11:54:06,2026-06-07 11:55:14,23,0.9918,,3840.3,
none__noaug__vgg16__fold0__seed2,cv,none,noaug,vgg16,0,2,done,32,2026-06-07 12:00:44,2026-06-07 12:02:05,27,0.9918,,3840.3,
none__noaug__vgg16__fold1__seed0,cv,none,noaug,vgg16,1,0,done,32,2026-06-07 11:48:02,2026-06-07 11:49:28,29,0.9666,,3837.2,
none__noaug__vgg16__fold1__seed1,cv,none,noaug,vgg16,1,1,done,32,2026-06-07 11:55:14,2026-06-07 11:56:27,25,0.9812,,3837.2,
none__noaug__vgg16__fold1__seed2,cv,none,noaug,vgg16,1,2,done,32,2026-06-07 12:02:05,2026-06-07 12:03:09,22,0.9755,,3837.2,
none__noaug__vgg16__fold2__seed0,cv,none,noaug,vgg16,2,0,done,32,2026-06-07 11:49:28,2026-06-07 11:50:45,27,0.9782,,3843.5,
none__noaug__vgg16__fold2__seed1,cv,none,noaug,vgg16,2,1,done,32,2026-06-07 11:56:27,2026-06-07 11:58:04,34,0.963,,3843.5,
none__noaug__vgg16__fold2__seed2,cv,none,noaug,vgg16,2,2,done,32,2026-06-07 12:03:09,2026-06-07 12:04:18,24,0.9609,,3843.5,
none__noaug__vgg16__fold3__seed0,cv,none,noaug,vgg16,3,0,done,32,2026-06-07 11:50:46,2026-06-07 11:52:07,28,0.994,,3847.0,
none__noaug__vgg16__fold3__seed1,cv,none,noaug,vgg16,3,1,done,32,2026-06-07 11:58:04,2026-06-07 11:59:39,33,0.9737,,3847.0,
none__noaug__vgg16__fold3__seed2,cv,none,noaug,vgg16,3,2,done,32,2026-06-07 12:04:18,2026-06-07 12:05:40,28,0.9871,,3847.0,
none__noaug__vgg16__fold4__seed0,cv,none,noaug,vgg16,4,0,done,32,2026-06-07 11:52:07,2026-06-07 11:54:06,41,0.978,,3840.3,
none__noaug__vgg16__fold4__seed1,cv,none,noaug,vgg16,4,1,done,32,2026-06-07 11:59:39,2026-06-07 12:00:44,22,0.9847,,3840.3,
none__noaug__vgg16__fold4__seed2,cv,none,noaug,vgg16,4,2,done,32,2026-06-07 12:05:40,2026-06-07 12:06:47,22,0.986,,3840.3,
none__noaug__vgg16__seed0,test,none,noaug,vgg16,-1,0,done,32,2026-06-07 12:06:47,2026-06-07 12:08:17,28,1.0,0.9327,3838.9,
none__noaug__vgg16__seed1,test,none,noaug,vgg16,-1,1,done,32,2026-06-07 12:08:18,2026-06-07 12:10:02,33,0.986,0.9406,3838.9,
none__noaug__vgg16__seed2,test,none,noaug,vgg16,-1,2,done,32,2026-06-07 12:10:02,2026-06-07 12:11:30,27,0.9749,0.913,3838.9,
