dataset,class,tau,precision,detection_rate,false_positive_rate,flags_per_radiograph,tp,fp,fp_wrong_class,fp_outside_label_space,fp_unusable_crop
dentex,Endodontics,0.3,0.4040298231560787,0.992432268805812,0.07719505479156873,1.8129334582942866,1311.4,1934.4,193.0,1554.2,187.2
dentex,Endodontics,0.31,0.4040298231560787,0.992432268805812,0.07719505479156873,1.8129334582942866,1311.4,1934.4,193.0,1554.2,187.2
dentex,Endodontics,0.32,0.4040298231560787,0.992432268805812,0.07719505479156873,1.8129334582942866,1311.4,1934.4,193.0,1554.2,187.2
dentex,Endodontics,0.33,0.4040298231560787,0.992432268805812,0.07719505479156873,1.8129334582942866,1311.4,1934.4,193.0,1554.2,187.2
dentex,Endodontics,0.34,0.4040298231560787,0.992432268805812,0.07719505479156873,1.8129334582942866,1311.4,1934.4,193.0,1554.2,187.2
dentex,Endodontics,0.35,0.4040298231560787,0.992432268805812,0.07719505479156873,1.8129334582942866,1311.4,1934.4,193.0,1554.2,187.2
dentex,Endodontics,0.36,0.4040298231560787,0.992432268805812,0.07719505479156873,1.8129334582942866,1311.4,1934.4,193.0,1554.2,187.2
dentex,Endodontics,0.37,0.4040298231560787,0.992432268805812,0.07719505479156873,1.8129334582942866,1311.4,1934.4,193.0,1554.2,187.2
dentex,Endodontics,0.38,0.4040298231560787,0.992432268805812,0.07719505479156873,1.8129334582942866,1311.4,1934.4,193.0,1554.2,187.2
dentex,Endodontics,0.39,0.4040298231560787,0.992432268805812,0.07719505479156873,1.8129334582942866,1311.4,1934.4,193.0,1554.2,187.2
dentex,Endodontics,0.4,0.4040298231560787,0.992432268805812,0.07719505479156873,1.8129334582942866,1311.4,1934.4,193.0,1554.2,187.2
dentex,Endodontics,0.41,0.4040298231560787,0.992432268805812,0.07719505479156873,1.8129334582942866,1311.4,1934.4,193.0,1554.2,187.2
dentex,Endodontics,0.42,0.40580517390766196,0.992432268805812,0.07662838307008388,1.799625117150894,1311.4,1920.2,193.0,1540.0,187.2
dentex,Endodontics,0.43,0.4075961956859577,0.992432268805812,0.07606171134859904,1.7863167760075014,1311.4,1906.0,193.0,1540.0,173.0
dentex,Endodontics,0.44,0.4075961956859577,0.992432268805812,0.07606171134859904,1.7863167760075014,1311.4,1906.0,193.0,1540.0,173.0
dentex,Endodontics,0.45,0.4075961956859577,0.992432268805812,0.07606171134859904,1.7863167760075014,1311.4,1906.0,193.0,1540.0,173.0
dentex,Endodontics,0.46,0.4075961956859577,0.992432268805812,0.07606171134859904,1.7863167760075014,1311.4,1906.0,193.0,1540.0,173.0
dentex,Endodontics,0.47,0.4075961956859577,0.992432268805812,0.07606171134859904,1.7863167760075014,1311.4,1906.0,193.0,1540.0,173.0
dentex,Endodontics,0.48,0.4075961956859577,0.992432268805812,0.07606171134859904,1.7863167760075014,1311.4,1906.0,193.0,1540.0,173.0
dentex,Endodontics,0.49,0.4075961956859577,0.992432268805812,0.07606171134859904,1.7863167760075014,1311.4,1906.0,193.0,1540.0,173.0
dentex,Endodontics,0.5,0.4075961956859577,0.992432268805812,0.07606171134859904,1.7863167760075014,1311.4,1906.0,193.0,1540.0,173.0
dentex,Endodontics,0.51,0.40859266725463034,0.9816860905100651,0.07492836790562936,1.759700093720716,1297.2,1877.6,178.8,1525.8,173.0
dentex,Endodontics,0.52,0.4160359204618346,0.9816860905100651,0.07266168101969,1.7064667291471451,1297.2,1820.8,136.2,1511.6,173.0
dentex,Endodontics,0.53,0.4198601760745728,0.9816860905100651,0.07152833757672032,1.6798500468603597,1297.2,1792.4,122.0,1497.4,173.0
dentex,Endodontics,0.54,0.4237553900431204,0.9816860905100651,0.07039499413375064,1.6532333645735742,1297.2,1764.0,107.8,1483.2,173.0
dentex,Endodontics,0.55,0.42973563903796463,0.9816860905100651,0.06869497896929612,1.613308341143396,1297.2,1721.4,93.6,1469.0,158.8
dentex,Endodontics,0.56,0.4358870967741936,0.9816860905100651,0.0669949638048416,1.573383317713218,1297.2,1678.8,65.2,1454.8,158.8
dentex,Endodontics,0.57,0.4395039736914224,0.9709399122143182,0.06529494864038707,1.5334582942830397,1283.0,1636.2,65.2,1426.4,144.6
dentex,Endodontics,0.58,0.4416523235800345,0.9709399122143182,0.06472827691890223,1.520149953139647,1283.0,1622.0,65.2,1412.2,144.6
dentex,Endodontics,0.59,0.4504599396109824,0.9709399122143182,0.06246159003296288,1.4669165885660764,1283.0,1565.2,65.2,1369.6,130.4
dentex,Endodontics,0.6,0.4527170077628794,0.9709399122143182,0.06189491831147804,1.4536082474226837,1283.0,1551.0,51.0,1369.6,130.4
dentex,Endodontics,0.61,0.4545389410331734,0.9601937339185712,0.060761574868508354,1.4269915651358982,1268.8,1522.6,51.0,1341.2,130.4
dentex,Endodontics,0.62,0.4592110025334782,0.9601937339185712,0.059628231425538664,1.4003748828491125,1268.8,1494.2,51.0,1312.8,130.4
dentex,Endodontics,0.63,0.46884930899416166,0.9601937339185712,0.057361544539599296,1.3471415182755415,1268.8,1437.4,51.0,1270.2,116.2
dentex,Endodontics,0.64,0.4660475482912334,0.9494475556228242,0.057361544539599296,1.3471415182755415,1254.6,1437.4,51.0,1270.2,116.2
dentex,Endodontics,0.65,0.47354117913489857,0.9494475556228242,0.05566152937514477,1.3072164948453633,1254.6,1394.8,51.0,1227.6,116.2
dentex,Endodontics,0.66,0.4760928961748635,0.9494475556228242,0.05509485765365993,1.2939081537019705,1254.6,1380.6,51.0,1227.6,102.0
dentex,Endodontics,0.67,0.4812797299370877,0.9494475556228242,0.053961514210690245,1.267291471415185,1254.6,1352.2,51.0,1199.2,102.0
dentex,Endodontics,0.68,0.4839157602406851,0.9494475556228242,0.0533948424892054,1.2539831302717923,1254.6,1338.0,51.0,1185.0,102.0
dentex,Endodontics,0.69,0.4865808253180268,0.9494475556228242,0.05282817076772056,1.2406747891283996,1254.6,1323.8,51.0,1170.8,102.0
dentex,Endodontics,0.7,0.49200000000000005,0.9494475556228242,0.051694827324750885,1.2140581068416143,1254.6,1295.4,51.0,1142.4,102.0
dentex,Endodontics,0.71,0.49596774193548404,0.9494475556228242,0.05088073555585716,1.1949390815370218,1254.6,1275.0,51.0,1122.0,102.0
dentex,Endodontics,0.72,0.49797570850202444,0.9494475556228242,0.050473689671410304,1.1853795688847255,1254.6,1264.8,51.0,1111.8,102.0
dentex,Endodontics,0.73,0.5000000000000001,0.9494475556228242,0.05006664378696345,1.1758200562324295,1254.6,1254.6,40.8,1111.8,102.0
dentex,Endodontics,0.74,0.5040983606557379,0.9494475556228242,0.04925255201806973,1.156701030927837,1254.6,1234.2,40.8,1091.4,102.0
dentex,Endodontics,0.75,0.5147679324894516,0.9417284698047524,0.04681027671138858,1.0993439550140598,1244.4,1173.0,30.6,1050.6,91.8
dentex,Endodontics,0.76,0.5169491525423732,0.9417284698047524,0.04640323082694172,1.0897844423617635,1244.4,1162.8,30.6,1040.4,91.8
dentex,Endodontics,0.77,0.5236051502145924,0.9417284698047524,0.045182093173601154,1.0611059044048752,1244.4,1132.2,10.2,1030.2,91.8
dentex,Endodontics,0.78,0.5260869565217393,0.9340093839866808,0.04436800140470744,1.0419868791002829,1234.2,1111.8,10.2,1009.8,91.8
dentex,Endodontics,0.79,0.5240174672489084,0.926290298168609,0.04436800140470744,1.0419868791002829,1224.0,1111.8,10.2,1009.8,91.8
dentex,Endodontics,0.8,0.5333333333333334,0.926290298168609,0.04273981786692001,1.003748828491098,1224.0,1071.0,10.2,979.2,81.6
dentex,Endodontics,0.81,0.5384615384615387,0.9185712123505372,0.04151868021357943,0.9750702905342095,1213.8,1040.4,10.2,948.6,81.6
dentex,Endodontics,0.82,0.5458715596330277,0.9185712123505372,0.04029754256023886,0.9463917525773209,1213.8,1009.8,10.2,918.0,81.6
dentex,Endodontics,0.83,0.5534883720930235,0.9185712123505372,0.03907640490689829,0.9177132146204323,1213.8,979.2,10.2,887.4,81.6
dentex,Endodontics,0.84,0.5613207547169814,0.9185712123505372,0.03785526725355771,0.8890346766635437,1213.8,948.6,10.2,867.0,71.4
dentex,Endodontics,0.85,0.5673076923076926,0.9108521265324655,0.036634129600217134,0.8603561387066552,1203.6,918.0,10.2,836.4,71.4
dentex,Endodontics,0.86,0.576354679802956,0.9031330407143937,0.0350059460624297,0.8221180880974703,1193.4,877.2,10.2,795.6,71.4
dentex,Endodontics,0.87,0.5778894472361812,0.8876948690782502,0.03419185429353598,0.8029990627928779,1173.0,856.8,10.2,775.2,71.4
dentex,Endodontics,0.88,0.5867346938775514,0.8876948690782502,0.03297071664019541,0.7743205248359893,1173.0,826.2,10.2,744.6,71.4
dentex,Endodontics,0.89,0.5968586387434558,0.8799757832601784,0.03134253310240798,0.7360824742268045,1162.8,785.4,10.2,703.8,71.4
dentex,Endodontics,0.9,0.6187845303867407,0.8645376116240349,0.028086166026833108,0.6596063730084349,1142.4,703.8,10.2,622.2,71.4
dentex,Endodontics,0.91,0.6400000000000005,0.8645376116240349,0.025643890720151958,0.6022492970946577,1142.4,642.6,10.2,561.0,71.4
dentex,Endodontics,0.92,0.6470588235294124,0.8490994399878914,0.02442275306681138,0.5735707591377691,1122.0,612.0,0.0,540.6,71.4
dentex,Endodontics,0.93,0.6687116564417185,0.8413803541698196,0.021980477760130242,0.5162136832239922,1111.8,550.8,0.0,489.6,61.2
dentex,Endodontics,0.94,0.6770186335403733,0.8413803541698196,0.02116638599123653,0.49709465791939983,1111.8,530.4,0.0,469.2,61.2
dentex,Endodontics,0.95,0.7202797202797208,0.7950658392613891,0.016281835377874254,0.3823805060918461,1050.6,408.0,0.0,346.8,61.2
dentex,Endodontics,0.96,0.7615384615384619,0.764189495989102,0.01261842241785255,0.29634489222118077,1009.8,316.2,0.0,255.0,61.2
dentex,Endodontics,0.97,0.8288288288288291,0.7101558952625997,0.007733871804490275,0.181630740393627,938.4,193.8,0.0,153.0,40.8
dentex,Endodontics,0.98,0.8529411764705884,0.671560466172241,0.00610568826670285,0.1433926897844424,887.4,153.0,0.0,122.4,30.6
dentex,Endodontics,0.99,0.92,0.5326169214469493,0.0024422753066811395,0.05735707591377695,703.8,61.2,0.0,51.0,10.2
dentex,Endodontics,0.995,0.94,0.36279703344937075,0.0012211376533405698,0.02867853795688847,479.4,30.6,0.0,30.6,0.0
dentex,Endodontics,0.999,,0.0,0.0,0.0,0.0,0.0,0.0,0.0,0.0
dentex,Healthy,0.3,0.8281248691348625,0.9556681367437481,0.4420504731397889,3.3849896907216506,17402.2,3611.8,82.7,1855.0,1674.1
dentex,Healthy,0.31,0.8281248691348625,0.9556681367437481,0.4420504731397889,3.3849896907216506,17402.2,3611.8,82.7,1855.0,1674.1
dentex,Healthy,0.32,0.8281248691348625,0.9556681367437481,0.4420504731397889,3.3849896907216506,17402.2,3611.8,82.7,1855.0,1674.1
dentex,Healthy,0.33,0.8281248691348625,0.9556681367437481,0.4420504731397889,3.3849896907216506,17402.2,3611.8,82.7,1855.0,1674.1
dentex,Healthy,0.34,0.8281248691348625,0.9556681367437481,0.4420504731397889,3.3849896907216506,17402.2,3611.8,82.7,1855.0,1674.1
dentex,Healthy,0.35,0.8280099581142059,0.954897109614796,0.4420504731397889,3.3849896907216506,17388.2,3611.8,82.7,1855.0,1674.1
dentex,Healthy,0.36,0.8280099581142059,0.954897109614796,0.4420504731397889,3.3849896907216506,17388.2,3611.8,82.7,1855.0,1674.1
dentex,Healthy,0.37,0.8280099581142059,0.954897109614796,0.4420504731397889,3.3849896907216506,17388.2,3611.8,82.7,1855.0,1674.1
dentex,Healthy,0.38,0.8282294033332823,0.95451159605032,0.44119128711940636,3.378410496719776,17381.2,3604.8,82.7,1848.0,1674.1
dentex,Healthy,0.39,0.8283916992529402,0.9537405689213679,0.4403321010990238,3.3718313027179017,17367.1,3597.7,82.7,1841.0,1674.1
dentex,Healthy,0.4,0.8283342176483834,0.9533550553568919,0.4403321010990238,3.3718313027179017,17360.1,3597.7,82.7,1841.0,1674.1
dentex,Healthy,0.41,0.8286117679403477,0.9533550553568919,0.4394729150786413,3.365252108716027,17360.1,3590.7,82.7,1834.0,1674.1
dentex,Healthy,0.42,0.8286117679403477,0.9533550553568919,0.4394729150786413,3.365252108716027,17360.1,3590.7,82.7,1834.0,1674.1
dentex,Healthy,0.43,0.8286117679403477,0.9533550553568919,0.4394729150786413,3.365252108716027,17360.1,3590.7,82.7,1834.0,1674.1
dentex,Healthy,0.44,0.8283817511473162,0.951813001098988,0.4394729150786413,3.365252108716027,17332.0,3590.7,82.7,1834.0,1674.1
dentex,Healthy,0.45,0.8288230581402137,0.9510419739700361,0.4377545430378762,3.3520937207122783,17318.0,3576.7,82.7,1819.9,1674.1
dentex,Healthy,0.46,0.829938399105172,0.9510419739700361,0.4343177989563461,3.325776944704781,17318.0,3548.6,82.7,1798.9,1667.1
dentex,Healthy,0.47,0.8299315324382961,0.949114406147656,0.4334586129359635,3.319197750702906,17282.9,3541.6,82.7,1791.9,1667.1
dentex,Healthy,0.48,0.8302624247317674,0.947572351889752,0.4317402408951984,3.306039362699157,17254.8,3527.5,82.7,1777.8,1667.1
dentex,Healthy,0.49,0.830371017805501,0.9464158111963239,0.4308810548748159,3.299460168697283,17233.7,3520.5,82.7,1770.8,1667.1
dentex,Healthy,0.5,0.8319999999999999,0.944102729809468,0.42486675273213814,3.253405810684162,17191.6,3471.4,82.7,1735.7,1653.0
dentex,Healthy,0.51,0.8319999999999999,0.944102729809468,0.42486675273213814,3.253405810684162,17191.6,3471.4,82.7,1735.7,1653.0
dentex,Healthy,0.52,0.8319999999999999,0.944102729809468,0.42486675273213814,3.253405810684162,17191.6,3471.4,82.7,1735.7,1653.0
dentex,Healthy,0.53,0.8319999999999999,0.944102729809468,0.42486675273213814,3.253405810684162,17191.6,3471.4,82.7,1735.7,1653.0
dentex,Healthy,0.54,0.8319999999999999,0.944102729809468,0.42486675273213814,3.253405810684162,17191.6,3471.4,82.7,1735.7,1653.0
dentex,Healthy,0.55,0.8319999999999999,0.944102729809468,0.42486675273213814,3.253405810684162,17191.6,3471.4,82.7,1735.7,1653.0
dentex,Healthy,0.56,0.8319999999999999,0.944102729809468,0.42486675273213814,3.253405810684162,17191.6,3471.4,82.7,1735.7,1653.0
dentex,Healthy,0.57,0.8319999999999999,0.944102729809468,0.42486675273213814,3.253405810684162,17191.6,3471.4,82.7,1735.7,1653.0
dentex,Healthy,0.58,0.8319999999999999,0.944102729809468,0.42486675273213814,3.253405810684162,17191.6,3471.4,82.7,1735.7,1653.0
dentex,Healthy,0.59,0.8319999999999999,0.944102729809468,0.42486675273213814,3.253405810684162,17191.6,3471.4,82.7,1735.7,1653.0
dentex,Healthy,0.6,0.8319999999999999,0.944102729809468,0.42486675273213814,3.253405810684162,17191.6,3471.4,82.7,1735.7,1653.0
dentex,Healthy,0.61,0.8319999999999999,0.944102729809468,0.42486675273213814,3.253405810684162,17191.6,3471.4,82.7,1735.7,1653.0
dentex,Healthy,0.62,0.8319999999999999,0.944102729809468,0.42486675273213814,3.253405810684162,17191.6,3471.4,82.7,1735.7,1653.0
dentex,Healthy,0.63,0.8380566801619432,0.9395637743776918,0.40463500260203633,3.0984817244611067,17109.0,3306.1,82.7,1653.0,1570.4
dentex,Healthy,0.64,0.8380566801619432,0.9395637743776918,0.40463500260203633,3.0984817244611067,17109.0,3306.1,82.7,1653.0,1570.4
dentex,Healthy,0.65,0.8414634146341463,0.9395637743776918,0.3945191275369854,3.021019681349579,17109.0,3223.4,82.7,1570.4,1570.4
dentex,Healthy,0.66,0.8414634146341463,0.9395637743776918,0.3945191275369854,3.021019681349579,17109.0,3223.4,82.7,1570.4,1570.4
dentex,Healthy,0.67,0.8448979591836734,0.9395637743776918,0.3844032524719345,2.9435576382380515,17109.0,3140.8,82.7,1487.7,1570.4
dentex,Healthy,0.68,0.8442622950819672,0.9350248189459156,0.3844032524719345,2.9435576382380515,17026.3,3140.8,82.7,1487.7,1570.4
dentex,Healthy,0.69,0.8442622950819672,0.9350248189459156,0.3844032524719345,2.9435576382380515,17026.3,3140.8,82.7,1487.7,1570.4
dentex,Healthy,0.7,0.8436213991769547,0.9304858635141394,0.3844032524719345,2.9435576382380515,16943.7,3140.8,82.7,1487.7,1570.4
dentex,Healthy,0.71,0.8436213991769547,0.9304858635141394,0.3844032524719345,2.9435576382380515,16943.7,3140.8,82.7,1487.7,1570.4
dentex,Healthy,0.72,0.8429752066115702,0.9259469080823632,0.3844032524719345,2.9435576382380515,16861.0,3140.8,82.7,1487.7,1570.4
dentex,Healthy,0.73,0.842323651452282,0.9214079526505871,0.3844032524719345,2.9435576382380515,16778.4,3140.8,82.7,1487.7,1570.4
dentex,Healthy,0.74,0.8445378151260504,0.9123300417870347,0.3742873774068836,2.8660955951265237,16613.1,3058.1,82.7,1405.1,1570.4
dentex,Healthy,0.75,0.8481012658227848,0.9123300417870347,0.3641715023418327,2.788633552014996,16613.1,2975.5,82.7,1322.4,1570.4
dentex,Healthy,0.76,0.8553191489361702,0.9123300417870347,0.34393975221173084,2.6337094657919407,16613.1,2810.2,82.7,1157.1,1570.4
dentex,Healthy,0.77,0.8547008547008547,0.9077910863552584,0.34393975221173084,2.6337094657919407,16530.4,2810.2,82.7,1157.1,1570.4
dentex,Healthy,0.78,0.8540772532188841,0.9032521309234822,0.34393975221173084,2.6337094657919407,16447.7,2810.2,82.7,1157.1,1570.4
dentex,Healthy,0.79,0.8640350877192983,0.8941742200599296,0.3135921270165781,2.4013233364573576,16282.4,2562.2,0.0,1157.1,1405.1
dentex,Healthy,0.8,0.8666666666666667,0.885096309196377,0.3034762519515272,2.32386129334583,16117.1,2479.6,0.0,1074.5,1405.1
dentex,Healthy,0.81,0.8648648648648649,0.8714794429010482,0.3034762519515272,2.32386129334583,15869.2,2479.6,0.0,1074.5,1405.1
dentex,Healthy,0.82,0.8642533936651584,0.8669404874692719,0.3034762519515272,2.32386129334583,15786.5,2479.6,0.0,1074.5,1405.1
dentex,Healthy,0.83,0.863013698630137,0.8578625766057193,0.3034762519515272,2.32386129334583,15621.2,2479.6,0.0,1074.5,1405.1
dentex,Healthy,0.84,0.8663594470046083,0.853323621173943,0.2933603768864763,2.246399250234302,15538.6,2396.9,0.0,991.8,1405.1
dentex,Healthy,0.85,0.8651162790697674,0.8442457103103904,0.2933603768864763,2.246399250234302,15373.3,2396.9,0.0,991.8,1405.1
dentex,Healthy,0.86,0.8625592417061612,0.8260898885832852,0.2933603768864763,2.246399250234302,15042.7,2396.9,0.0,991.8,1405.1
dentex,Healthy,0.87,0.8701923076923078,0.821550933151509,0.2731286267563745,2.091475164011247,14960.0,2231.6,0.0,909.2,1322.4
dentex,Healthy,0.88,0.8768472906403941,0.8079340668561801,0.2528968766262727,1.9365510777881914,14712.1,2066.3,0.0,909.2,1157.1
dentex,Healthy,0.89,0.8737373737373738,0.7852392896972986,0.2528968766262727,1.9365510777881914,14298.8,2066.3,0.0,909.2,1157.1
dentex,Healthy,0.9,0.8717948717948718,0.7716224234019697,0.2528968766262727,1.9365510777881914,14050.8,2066.3,0.0,909.2,1157.1
dentex,Healthy,0.91,0.8716577540106951,0.7398497353795357,0.24278100156122176,1.8590890346766638,13472.3,1983.6,0.0,909.2,1074.5
dentex,Healthy,0.92,0.8736263736263736,0.7216939136524305,0.23266512649617088,1.7816269915651362,13141.7,1901.0,0.0,909.2,991.8
dentex,Healthy,0.93,0.8735632183908045,0.6899212256299965,0.22254925143111995,1.7041649484536086,12563.1,1818.3,0.0,826.5,991.8
dentex,Healthy,0.94,0.8888888888888888,0.6536095821757861,0.18208575117091633,1.3943167760074977,11901.9,1487.7,0.0,743.9,743.9
dentex,Healthy,0.95,0.8896103896103896,0.6218368941533521,0.1719698761058654,1.31685473289597,11323.3,1405.1,0.0,661.2,743.9
dentex,Healthy,0.96,0.8897058823529411,0.5492136072449314,0.15173812597576358,1.1619306466729147,10000.9,1239.8,0.0,495.9,743.9
dentex,Healthy,0.97,0.8849557522123893,0.4538955431776292,0.1315063758456618,1.0070065604498595,8265.2,1074.5,0.0,330.6,743.9
dentex,Healthy,0.98,0.8928571428571428,0.34042165738322194,0.09104287558545816,0.6971583880037489,6198.9,743.9,0.0,82.7,661.2
dentex,Healthy,0.99,0.9047619047619048,0.17248030640749912,0.04046350026020362,0.30984817244611057,3140.8,330.6,0.0,82.7,248.0
dentex,Healthy,0.995,0.9090909090909091,0.04538955431776291,0.010115875065050906,0.07746204311152764,826.5,82.7,0.0,0.0,82.7
dentex,Healthy,0.999,,0.0,0.0,0.0,0.0,0.0,0.0,0.0,0.0
dentex,Impacted,0.3,0.5607201309328959,0.9255690475590117,0.03186444015539968,0.7546391752577318,1027.8,805.2,472.3,231.1,101.8
dentex,Impacted,0.31,0.5607201309328959,0.9255690475590117,0.03186444015539968,0.7546391752577318,1027.8,805.2,472.3,231.1,101.8
dentex,Impacted,0.32,0.5607201309328959,0.9255690475590117,0.03186444015539968,0.7546391752577318,1027.8,805.2,472.3,231.1,101.8
dentex,Impacted,0.33,0.5607201309328959,0.9255690475590117,0.03186444015539968,0.7546391752577318,1027.8,805.2,472.3,231.1,101.8
dentex,Impacted,0.34,0.5607201309328959,0.9255690475590117,0.03186444015539968,0.7546391752577318,1027.8,805.2,472.3,231.1,101.8
dentex,Impacted,0.35,0.5695760598503731,0.9255690475590117,0.030736600433058786,0.727928772258669,1027.8,776.7,472.3,202.6,101.8
dentex,Impacted,0.36,0.5695760598503731,0.9255690475590117,0.030736600433058786,0.727928772258669,1027.8,776.7,472.3,202.6,101.8
dentex,Impacted,0.37,0.5695760598503731,0.9255690475590117,0.030736600433058786,0.727928772258669,1027.8,776.7,472.3,202.6,101.8
dentex,Impacted,0.38,0.5695760598503731,0.9255690475590117,0.030736600433058786,0.727928772258669,1027.8,776.7,472.3,202.6,101.8
dentex,Impacted,0.39,0.5695760598503731,0.9255690475590117,0.030736600433058786,0.727928772258669,1027.8,776.7,472.3,202.6,101.8
dentex,Impacted,0.4,0.5695760598503731,0.9255690475590117,0.030736600433058786,0.727928772258669,1027.8,776.7,472.3,202.6,101.8
dentex,Impacted,0.41,0.5695760598503731,0.9255690475590117,0.030736600433058786,0.727928772258669,1027.8,776.7,472.3,202.6,101.8
dentex,Impacted,0.42,0.5695760598503731,0.9255690475590117,0.030736600433058786,0.727928772258669,1027.8,776.7,472.3,202.6,101.8
dentex,Impacted,0.43,0.5695760598503731,0.9255690475590117,0.030736600433058786,0.727928772258669,1027.8,776.7,472.3,202.6,101.8
dentex,Impacted,0.44,0.5695760598503731,0.9255690475590117,0.030736600433058786,0.727928772258669,1027.8,776.7,472.3,202.6,101.8
dentex,Impacted,0.45,0.5695760598503731,0.9255690475590117,0.030736600433058786,0.727928772258669,1027.8,776.7,472.3,202.6,101.8
dentex,Impacted,0.46,0.5787162162162152,0.9255690475590117,0.029608760710717896,0.7012183692596065,1027.8,748.2,443.8,202.6,101.8
dentex,Impacted,0.47,0.5787162162162152,0.9255690475590117,0.029608760710717896,0.7012183692596065,1027.8,748.2,443.8,202.6,101.8
dentex,Impacted,0.48,0.5787162162162152,0.9255690475590117,0.029608760710717896,0.7012183692596065,1027.8,748.2,443.8,202.6,101.8
dentex,Impacted,0.49,0.5787162162162152,0.9255690475590117,0.029608760710717896,0.7012183692596065,1027.8,748.2,443.8,202.6,101.8
dentex,Impacted,0.5,0.5787162162162152,0.9255690475590117,0.029608760710717896,0.7012183692596065,1027.8,748.2,443.8,202.6,101.8
dentex,Impacted,0.51,0.5787162162162152,0.9255690475590117,0.029608760710717896,0.7012183692596065,1027.8,748.2,443.8,202.6,101.8
dentex,Impacted,0.52,0.5881545064377672,0.9255690475590117,0.028480920988376998,0.6745079662605437,1027.8,719.7,415.3,202.6,101.8
dentex,Impacted,0.53,0.5881545064377672,0.9255690475590117,0.028480920988376998,0.6745079662605437,1027.8,719.7,415.3,202.6,101.8
dentex,Impacted,0.54,0.5979057591623026,0.9255690475590117,0.0273530812660361,0.6477975632614809,1027.8,691.2,386.8,202.6,101.8
dentex,Impacted,0.55,0.5979057591623026,0.9255690475590117,0.0273530812660361,0.6477975632614809,1027.8,691.2,386.8,202.6,101.8
dentex,Impacted,0.56,0.5979057591623026,0.9255690475590117,0.0273530812660361,0.6477975632614809,1027.8,691.2,386.8,202.6,101.8
dentex,Impacted,0.57,0.5979057591623026,0.9255690475590117,0.0273530812660361,0.6477975632614809,1027.8,691.2,386.8,202.6,101.8
dentex,Impacted,0.58,0.5979057591623026,0.9255690475590117,0.0273530812660361,0.6477975632614809,1027.8,691.2,386.8,202.6,101.8
dentex,Impacted,0.59,0.5979057591623026,0.9255690475590117,0.0273530812660361,0.6477975632614809,1027.8,691.2,386.8,202.6,101.8
dentex,Impacted,0.6,0.6012635379061362,0.899903822947772,0.0262252415436952,0.6210871602624181,999.3,662.7,358.3,202.6,101.8
dentex,Impacted,0.61,0.6157944814462406,0.8742385983365326,0.023969562099013405,0.5676663542642925,970.8,605.7,301.3,202.6,101.8
dentex,Impacted,0.62,0.6319919517102605,0.8485733737252931,0.02171388265433161,0.5142455482661669,942.3,548.7,272.8,174.1,101.8
dentex,Impacted,0.63,0.6372384937238483,0.8229081491140537,0.020586042931990706,0.48753514526710395,913.8,520.2,244.3,174.1,101.8
dentex,Impacted,0.64,0.6636165577342037,0.8229081491140537,0.018330363487308914,0.43411433926897847,913.8,463.2,215.8,174.1,73.3
dentex,Impacted,0.65,0.6636165577342037,0.8229081491140537,0.018330363487308914,0.43411433926897847,913.8,463.2,215.8,174.1,73.3
dentex,Impacted,0.66,0.6636165577342037,0.8229081491140537,0.018330363487308914,0.43411433926897847,913.8,463.2,215.8,174.1,73.3
dentex,Impacted,0.67,0.6636165577342037,0.8229081491140537,0.018330363487308914,0.43411433926897847,913.8,463.2,215.8,174.1,73.3
dentex,Impacted,0.68,0.6636165577342037,0.8229081491140537,0.018330363487308914,0.43411433926897847,913.8,463.2,215.8,174.1,73.3
dentex,Impacted,0.69,0.6565072302558387,0.7972429245028142,0.018330363487308914,0.43411433926897847,885.3,463.2,215.8,174.1,73.3
dentex,Impacted,0.7,0.6490909090909079,0.7715776998915748,0.018330363487308914,0.43411433926897847,856.8,463.2,215.8,174.1,73.3
dentex,Impacted,0.71,0.6490909090909079,0.7715776998915748,0.018330363487308914,0.43411433926897847,856.8,463.2,215.8,174.1,73.3
dentex,Impacted,0.72,0.6490909090909079,0.7715776998915748,0.018330363487308914,0.43411433926897847,856.8,463.2,215.8,174.1,73.3
dentex,Impacted,0.73,0.6634146341463403,0.7715776998915748,0.017202523764968017,0.4074039362699157,856.8,434.7,215.8,174.1,44.8
dentex,Impacted,0.74,0.6634146341463403,0.7715776998915748,0.017202523764968017,0.4074039362699157,856.8,434.7,215.8,174.1,44.8
dentex,Impacted,0.75,0.6634146341463403,0.7715776998915748,0.017202523764968017,0.4074039362699157,856.8,434.7,215.8,174.1,44.8
dentex,Impacted,0.76,0.6478736330498165,0.7202472506690958,0.017202523764968017,0.4074039362699157,799.8,434.7,215.8,174.1,44.8
dentex,Impacted,0.77,0.6478736330498165,0.7202472506690958,0.017202523764968017,0.4074039362699157,799.8,434.7,215.8,174.1,44.8
dentex,Impacted,0.78,0.6478736330498165,0.7202472506690958,0.017202523764968017,0.4074039362699157,799.8,434.7,215.8,174.1,44.8
dentex,Impacted,0.79,0.6631840796019888,0.7202472506690958,0.01607468404262712,0.3806935332708529,799.8,406.2,187.3,174.1,44.8
dentex,Impacted,0.8,0.6631840796019888,0.7202472506690958,0.01607468404262712,0.3806935332708529,799.8,406.2,187.3,174.1,44.8
dentex,Impacted,0.81,0.6631840796019888,0.7202472506690958,0.01607468404262712,0.3806935332708529,799.8,406.2,187.3,174.1,44.8
dentex,Impacted,0.82,0.6550318471337566,0.6945820260578562,0.01607468404262712,0.3806935332708529,771.3,406.2,187.3,174.1,44.8
dentex,Impacted,0.83,0.6550318471337566,0.6945820260578562,0.01607468404262712,0.3806935332708529,771.3,406.2,187.3,174.1,44.8
dentex,Impacted,0.84,0.6464751958224529,0.6689168014466167,0.01607468404262712,0.3806935332708529,742.8,406.2,187.3,174.1,44.8
dentex,Impacted,0.85,0.6464751958224529,0.6689168014466167,0.01607468404262712,0.3806935332708529,742.8,406.2,187.3,174.1,44.8
dentex,Impacted,0.86,0.6464751958224529,0.6689168014466167,0.01607468404262712,0.3806935332708529,742.8,406.2,187.3,174.1,44.8
dentex,Impacted,0.87,0.6464751958224529,0.6689168014466167,0.01607468404262712,0.3806935332708529,742.8,406.2,187.3,174.1,44.8
dentex,Impacted,0.88,0.6802197802197789,0.6689168014466167,0.01381900459794532,0.32727272727272727,742.8,349.2,158.8,174.1,16.3
dentex,Impacted,0.89,0.6802197802197789,0.6689168014466167,0.01381900459794532,0.32727272727272727,742.8,349.2,158.8,174.1,16.3
dentex,Impacted,0.9,0.671650211565584,0.6432515768353773,0.01381900459794532,0.32727272727272727,714.3,349.2,158.8,174.1,16.3
dentex,Impacted,0.91,0.6626086956521726,0.6175863522241379,0.01381900459794532,0.32727272727272727,685.8,349.2,158.8,174.1,16.3
dentex,Impacted,0.92,0.6626086956521726,0.6175863522241379,0.01381900459794532,0.32727272727272727,685.8,349.2,158.8,174.1,16.3
dentex,Impacted,0.93,0.6530551415797303,0.5919211276128985,0.01381900459794532,0.32727272727272727,657.3,349.2,158.8,174.1,16.3
dentex,Impacted,0.94,0.6827361563517901,0.566255903001659,0.011563325153263523,0.2738519212746017,628.8,292.2,158.8,117.1,16.3
dentex,Impacted,0.95,0.7526032315978444,0.566255903001659,0.008179805986240829,0.1937207122774133,628.8,206.7,101.8,88.6,16.3
dentex,Impacted,0.96,0.7925155925155916,0.5149254537791809,0.005924126541559033,0.1402999062792877,571.8,149.7,101.8,31.6,16.3
dentex,Impacted,0.97,0.8176072234762971,0.48926022916794165,0.004796286819218135,0.11358950328022492,543.3,121.2,101.8,3.1,16.3
dentex,Impacted,0.98,0.8943209876543204,0.48926022916794165,0.002540607374536339,0.060168697282099344,543.3,64.2,44.8,3.1,16.3
dentex,Impacted,0.99,0.9124999999999999,0.33526888150050654,0.0014127676521954403,0.03345829428303654,372.3,35.7,16.3,3.1,16.3
dentex,Impacted,0.995,0.9673469387755104,0.21769513675512486,0.00032291832050181503,0.007647610121836926,241.7,8.2,1.0,1.0,6.1
dentex,Impacted,0.999,,0.0,0.0,0.0,0.0,0.0,0.0,0.0,0.0
dentex,Implant,0.3,0.27758241758241753,1.0,0.00749765626960237,0.1848359887535146,75.8,197.2,137.7,33.4,26.1
dentex,Implant,0.31,0.27758241758241753,1.0,0.00749765626960237,0.1848359887535146,75.8,197.2,137.7,33.4,26.1
dentex,Implant,0.32,0.27758241758241753,1.0,0.00749765626960237,0.1848359887535146,75.8,197.2,137.7,33.4,26.1
dentex,Implant,0.33,0.27758241758241753,1.0,0.00749765626960237,0.1848359887535146,75.8,197.2,137.7,33.4,26.1
dentex,Implant,0.34,0.27758241758241753,1.0,0.00749765626960237,0.1848359887535146,75.8,197.2,137.7,33.4,26.1
dentex,Implant,0.35,0.27940417373350046,1.0,0.007429986519273334,0.1831677600749766,75.8,195.4,136.0,33.4,26.1
dentex,Implant,0.36,0.28124999999999994,1.0,0.0073623167689442996,0.18149953139643862,75.8,193.7,134.2,33.4,26.1
dentex,Implant,0.37,0.2850157965999699,1.0,0.00722697726828623,0.1781630740393627,75.8,190.1,134.2,29.8,26.1
dentex,Implant,0.38,0.2820982006709362,0.9765109527579836,0.007159307517957196,0.1764948453608248,74.0,188.3,132.4,29.8,26.1
dentex,Implant,0.39,0.2859792858247024,0.9765109527579836,0.007023968017299127,0.1731583880037489,74.0,184.8,132.4,26.2,26.1
dentex,Implant,0.4,0.29200536658511556,0.9765109527579836,0.006820958766312023,0.168153701968135,74.0,179.4,128.8,24.5,26.1
dentex,Implant,0.41,0.29407089492926397,0.9765109527579836,0.006753289015982988,0.16648547328959704,74.0,177.6,128.8,24.5,24.3
dentex,Implant,0.42,0.29407089492926397,0.9765109527579836,0.006753289015982988,0.16648547328959704,74.0,177.6,128.8,24.5,24.3
dentex,Implant,0.43,0.30263373139211514,0.9765109527579836,0.006482610014666849,0.1598125585754452,74.0,170.5,123.5,22.7,24.3
dentex,Implant,0.44,0.3117101937657961,0.9765109527579836,0.00621193101335071,0.15313964386129336,74.0,163.4,118.2,20.9,24.3
dentex,Implant,0.45,0.3188830474877187,0.9765109527579836,0.006008921762363607,0.1481349578256795,74.0,158.1,116.4,19.1,22.6
dentex,Implant,0.46,0.3289766159864853,0.9765109527579836,0.0057382427610474665,0.14146204311152766,74.0,150.9,111.0,17.3,22.6
dentex,Implant,0.47,0.34537477830673013,0.9765109527579836,0.005332224259073259,0.13145267104029992,74.0,140.3,102.1,15.6,22.6
dentex,Implant,0.48,0.3542025655753398,0.9765109527579836,0.005129215008086155,0.12644798500468604,74.0,134.9,98.6,15.6,20.8
dentex,Implant,0.49,0.3766670060063117,0.9765109527579836,0.004655526755782913,0.11477038425492035,74.0,122.5,89.7,13.8,19.0
dentex,Implant,0.5,0.40217391304347827,0.9765109527579836,0.00418183850347967,0.10309278350515463,74.0,110.0,79.0,12.0,19.0
dentex,Implant,0.51,0.40437158469945356,0.9765109527579836,0.0041438217898116724,0.1021555763823805,74.0,109.0,78.0,12.0,19.0
dentex,Implant,0.52,0.40437158469945356,0.9765109527579836,0.0041438217898116724,0.1021555763823805,74.0,109.0,78.0,12.0,19.0
dentex,Implant,0.53,0.40437158469945356,0.9765109527579836,0.0041438217898116724,0.1021555763823805,74.0,109.0,78.0,12.0,19.0
dentex,Implant,0.54,0.40437158469945356,0.9765109527579836,0.0041438217898116724,0.1021555763823805,74.0,109.0,78.0,12.0,19.0
dentex,Implant,0.55,0.4065934065934066,0.9765109527579836,0.004105805076143675,0.10121836925960637,74.0,108.0,77.0,12.0,19.0
dentex,Implant,0.56,0.4088397790055249,0.9765109527579836,0.004067788362475679,0.10028116213683223,74.0,107.0,77.0,11.0,19.0
dentex,Implant,0.57,0.4111111111111111,0.9765109527579836,0.004029771648807682,0.09934395501405811,74.0,106.0,76.0,11.0,19.0
dentex,Implant,0.58,0.4157303370786517,0.9765109527579836,0.003953738221471687,0.09746954076850985,74.0,104.0,74.0,11.0,19.0
dentex,Implant,0.59,0.4180790960451977,0.9765109527579836,0.003915721507803691,0.09653233364573571,74.0,103.0,73.0,11.0,19.0
dentex,Implant,0.6,0.4180790960451977,0.9765109527579836,0.003915721507803691,0.09653233364573571,74.0,103.0,73.0,11.0,19.0
dentex,Implant,0.61,0.41954022988505746,0.9633148588017947,0.0038396880804676967,0.09465791940018745,73.0,101.0,71.0,11.0,19.0
dentex,Implant,0.62,0.4269005847953216,0.9633148588017947,0.0037256379394637056,0.09184629803186505,73.0,98.0,70.0,10.0,18.0
dentex,Implant,0.63,0.437125748502994,0.9633148588017947,0.0035735710847917177,0.08809746954076851,73.0,94.0,66.0,10.0,18.0
dentex,Implant,0.64,0.44242424242424244,0.9633148588017947,0.0034975376574557238,0.08622305529522024,73.0,92.0,65.0,10.0,17.0
dentex,Implant,0.65,0.453416149068323,0.9633148588017947,0.003345470802783736,0.08247422680412371,73.0,88.0,63.0,8.0,17.0
dentex,Implant,0.66,0.453416149068323,0.9633148588017947,0.003345470802783736,0.08247422680412371,73.0,88.0,63.0,8.0,17.0
dentex,Implant,0.67,0.45625,0.9633148588017947,0.0033074540891157387,0.08153701968134958,73.0,87.0,63.0,8.0,16.0
dentex,Implant,0.68,0.4620253164556962,0.9633148588017947,0.0032314206617797448,0.07966260543580131,73.0,85.0,61.0,8.0,16.0
dentex,Implant,0.69,0.4645161290322581,0.9501187648456056,0.003155387234443751,0.07778819119025304,72.0,83.0,59.0,8.0,16.0
dentex,Implant,0.7,0.47058823529411764,0.9501187648456056,0.003079353807107757,0.07591377694470477,72.0,81.0,58.0,7.0,16.0
dentex,Implant,0.71,0.47368421052631576,0.9501187648456056,0.0030413370934397597,0.07497656982193064,72.0,80.0,57.0,7.0,16.0
dentex,Implant,0.72,0.48,0.9501187648456056,0.0029653036661037658,0.07310215557638237,72.0,78.0,56.0,7.0,15.0
dentex,Implant,0.73,0.4897959183673469,0.9501187648456056,0.0028512535250997746,0.07029053420805999,72.0,75.0,55.0,5.0,15.0
dentex,Implant,0.74,0.5034965034965035,0.9501187648456056,0.0026991866704277868,0.06654170571696345,72.0,71.0,53.0,3.0,15.0
dentex,Implant,0.75,0.5106382978723404,0.9501187648456056,0.002623153243091793,0.06466729147141519,72.0,69.0,51.0,3.0,15.0
dentex,Implant,0.76,0.5142857142857142,0.9501187648456056,0.0025851365294237956,0.06373008434864105,72.0,68.0,50.0,3.0,15.0
dentex,Implant,0.77,0.5179856115107914,0.9501187648456056,0.002547119815755799,0.06279287722586692,72.0,67.0,49.0,3.0,15.0
dentex,Implant,0.78,0.5298507462686567,0.9369226708894167,0.0023950529610838106,0.059044048734770385,71.0,63.0,45.0,3.0,15.0
dentex,Implant,0.79,0.5546875,0.9369226708894167,0.0021669526790758288,0.053420805998125584,71.0,57.0,42.0,3.0,12.0
dentex,Implant,0.8,0.5772357723577236,0.9369226708894167,0.0019768691107358437,0.04873477038425492,71.0,52.0,38.0,2.0,12.0
dentex,Implant,0.81,0.5916666666666667,0.9369226708894167,0.0018628189697318528,0.04592314901593252,71.0,49.0,35.0,2.0,12.0
dentex,Implant,0.82,0.6016949152542372,0.9369226708894167,0.0017867855423958588,0.044048734770384255,71.0,47.0,34.0,2.0,11.0
dentex,Implant,0.83,0.6228070175438597,0.9369226708894167,0.0016347186877238708,0.04029990627928772,71.0,43.0,31.0,2.0,10.0
dentex,Implant,0.84,0.6228070175438597,0.9369226708894167,0.0016347186877238708,0.04029990627928772,71.0,43.0,31.0,2.0,10.0
dentex,Implant,0.85,0.6454545454545455,0.9369226708894167,0.0014826518330518829,0.03655107778819119,71.0,39.0,28.0,2.0,9.0
dentex,Implant,0.86,0.6635514018691588,0.9369226708894167,0.001368601692047892,0.033739456419868794,71.0,36.0,26.0,2.0,8.0
dentex,Implant,0.87,0.6826923076923077,0.9369226708894167,0.0012545515510439008,0.030927835051546393,71.0,33.0,23.0,2.0,8.0
dentex,Implant,0.88,0.6826923076923077,0.9369226708894167,0.0012545515510439008,0.030927835051546393,71.0,33.0,23.0,2.0,8.0
dentex,Implant,0.89,0.6893203883495146,0.9369226708894167,0.0012165348373759039,0.02999062792877226,71.0,32.0,22.0,2.0,8.0
dentex,Implant,0.9,0.7171717171717171,0.9369226708894167,0.001064467982703916,0.026241799437675725,71.0,28.0,19.0,2.0,7.0
dentex,Implant,0.91,0.7244897959183674,0.9369226708894167,0.0010264512690359188,0.02530459231490159,71.0,27.0,18.0,2.0,7.0
dentex,Implant,0.92,0.7553191489361702,0.9369226708894167,0.0008743844143639309,0.02155576382380506,71.0,23.0,14.0,2.0,7.0
dentex,Implant,0.93,0.7634408602150538,0.9369226708894167,0.000836367700695934,0.020618556701030927,71.0,22.0,14.0,1.0,7.0
dentex,Implant,0.94,0.7717391304347826,0.9369226708894167,0.0007983509870279369,0.019681349578256794,71.0,21.0,13.0,1.0,7.0
dentex,Implant,0.95,0.7888888888888889,0.9369226708894167,0.000722317559691943,0.01780693533270853,71.0,19.0,11.0,1.0,7.0
dentex,Implant,0.96,0.8452380952380952,0.9369226708894167,0.0004942172776839609,0.01218369259606373,71.0,13.0,7.0,1.0,5.0
dentex,Implant,0.97,0.8765432098765432,0.9369226708894167,0.00038016713667996996,0.00937207122774133,71.0,10.0,4.0,1.0,5.0
dentex,Implant,0.98,0.8961038961038961,0.9105304829770388,0.00030413370934397597,0.007497656982193065,69.0,8.0,4.0,0.0,4.0
dentex,Implant,0.99,0.9452054794520548,0.9105304829770388,0.00015206685467198798,0.0037488284910965324,69.0,4.0,2.0,0.0,2.0
dentex,Implant,0.995,0.9444444444444444,0.8973343890208498,0.00015206685467198798,0.0037488284910965324,68.0,4.0,2.0,0.0,2.0
dentex,Implant,0.999,1.0,0.2903140670361573,0.0,0.0,22.0,0.0,0.0,0.0,0.0
