filepath,class,role
Endodontics/lyria__P0692__b1.png,Endodontics,train
Healthy/lyria__P0785__b19.png,Healthy,train
Healthy/lyria__P0109__b1.png,Healthy,train
Implant/lyria__P0063__b1.png,Implant,train
Implant/lyria__P0139__b2.png,Implant,train
Impacted/lyria__P0109__b1.png,Impacted,train
Impacted/lyria__P0468__b2.png,Impacted,train
Healthy/lyria__P0632__b4.png,Healthy,train
Restored/lyria__P0122__b1.png,Restored,train
Endodontics/lyria__P0086__b1.png,Endodontics,train
Healthy/lyria__P0726__b1.png,Healthy,train
crops/disease__train_24__t13.png,Implant,train
Implant/lyria__P0071__b0.png,Implant,train
Endodontics/lyria__P0554__b0.png,Endodontics,train
crops/406__t26.png,Implant,train
Restored/lyria__P0174__b0.png,Restored,train
Endodontics/lyria__P0186__b3.png,Endodontics,train
Impacted/lyria__P0334__b0.png,Impacted,train
Endodontics/lyria__P0752__b2.png,Endodontics,train
Healthy/lyria__P0692__b11.png,Healthy,train
Endodontics/lyria__P0566__b4.png,Endodontics,train
Restored/lyria__P0255__b3.png,Restored,train
Impacted/lyria__P0183__b1.png,Impacted,train
crops/537__t16.png,Implant,train
crops/disease__train_664__t29.png,Implant,train
Endodontics/lyria__P0530__b5.png,Endodontics,train
crops/561__t03.png,Implant,train
Restored/lyria__P0487__b0.png,Restored,train
crops/disease__train_611__t00.png,Implant,train
Restored/lyria__P0081__b9.png,Restored,train
Endodontics/lyria__P0263__b10.png,Endodontics,train
Healthy/lyria__P0186__b12.png,Healthy,train
Endodontics/lyria__P0566__b3.png,Endodontics,train
Restored/lyria__P0604__b2.png,Restored,train
Endodontics/lyria__P0213__b0.png,Endodontics,train
crops/540__t01.png,Implant,train
crops/869__t03.png,Implant,train
Impacted/lyria__P0183__b0.png,Impacted,train
Impacted/lyria__P0008__b2.png,Impacted,train
crops/enum__train_547__t25.png,Implant,train
Impacted/lyria__P0158__b1.png,Impacted,train
Restored/lyria__P0389__b1.png,Restored,train
Impacted/lyria__P0187__b1.png,Impacted,train
Endodontics/lyria__P0363__b1.png,Endodontics,train
Healthy/lyria__P0794__b9.png,Healthy,train
Impacted/lyria__P0262__b0.png,Impacted,train
Healthy/lyria__P0110__b14.png,Healthy,train
crops/enum__train_459__t19.png,Implant,train
Endodontics/lyria__P0363__b2.png,Endodontics,train
Impacted/lyria__P0262__b1.png,Impacted,train
Healthy/lyria__P0448__b0.png,Healthy,train
Restored/lyria__P0360__b1.png,Restored,train
Restored/lyria__P0270__b4.png,Restored,train
Impacted/lyria__P0002__b2.png,Impacted,train
Impacted/lyria__P0371__b1.png,Impacted,train
Impacted/lyria__P0286__b0.png,Impacted,train
Endodontics/lyria__P0305__b7.png,Endodontics,train
Endodontics/lyria__P0566__b2.png,Endodontics,train
crops/441__t06.png,Implant,train
Impacted/lyria__P0110__b0.png,Impacted,train
Impacted/lyria__P0468__b3.png,Impacted,train
Implant/lyria__P0050__b0.png,Implant,train
Restored/lyria__P0003__b5.png,Restored,train
Restored/lyria__P0145__b5.png,Restored,train
Endodontics/lyria__P0186__b1.png,Endodontics,train
Healthy/lyria__P0655__b0.png,Healthy,train
Impacted/lyria__P0187__b3.png,Impacted,train
Endodontics/lyria__P0550__b2.png,Endodontics,train
Healthy/lyria__P0056__b17.png,Healthy,train
crops/290__t01.png,Implant,train
crops/343__t03.png,Implant,train
crops/338__t03.png,Implant,train
Restored/lyria__P0062__b9.png,Restored,train
crops/408__t13.png,Implant,train
Healthy/lyria__P0122__b0.png,Healthy,train
Restored/lyria__P0498__b0.png,Restored,train
Restored/lyria__P0785__b3.png,Restored,train
Impacted/lyria__P0692__b0.png,Impacted,train
Endodontics/lyria__P0145__b1.png,Endodontics,train
Healthy/lyria__P0446__b23.png,Healthy,train
Implant/lyria__P0655__b2.png,Implant,train
Endodontics/lyria__P0375__b4.png,Endodontics,train
Impacted/lyria__P0457__b1.png,Impacted,train
crops/408__t06.png,Implant,train
crops/124__t19.png,Implant,train
Healthy/lyria__P0291__b13.png,Healthy,train
Impacted/lyria__P0669__b2.png,Impacted,train
crops/564__t15.png,Implant,train
Healthy/lyria__P0248__b4.png,Healthy,train
Endodontics/lyria__P0363__b3.png,Endodontics,train
Endodontics/lyria__P0357__b0.png,Endodontics,train
crops/enum__train_436__t15.png,Implant,train
Impacted/lyria__P0498__b2.png,Impacted,train
Impacted/lyria__P0474__b1.png,Impacted,train
Impacted/lyria__P0086__b0.png,Impacted,train
Healthy/lyria__P0028__b0.png,Healthy,train
Healthy/lyria__P0016__b0.png,Healthy,train
Restored/lyria__P0263__b6.png,Restored,train
Healthy/lyria__P0020__b25.png,Healthy,train
Restored/lyria__P0457__b0.png,Restored,train
Endodontics/lyria__P0139__b2.png,Endodontics,train
Healthy/lyria__P0472__b17.png,Healthy,train
Restored/lyria__P0595__b3.png,Restored,train
crops/598__t23.png,Implant,train
crops/658__t14.png,Implant,train
crops/enum__train_365__t04.png,Implant,train
Healthy/lyria__P0377__b7.png,Healthy,train
Restored/lyria__P0218__b6.png,Restored,train
Healthy/lyria__P0207__b0.png,Healthy,train
Healthy/lyria__P0062__b0.png,Healthy,train
Impacted/lyria__P0097__b0.png,Impacted,train
Impacted/lyria__P0487__b3.png,Impacted,train
Healthy/lyria__P0081__b5.png,Healthy,train
crops/disease__train_664__t27.png,Implant,train
Restored/lyria__P0752__b4.png,Restored,train
Endodontics/lyria__P0442__b3.png,Endodontics,train
Impacted/lyria__P0150__b0.png,Impacted,train
Endodontics/lyria__P0442__b2.png,Endodontics,train
Implant/lyria__P0096__b5.png,Implant,train
Restored/lyria__P0632__b3.png,Restored,train
Impacted/lyria__P0668__b0.png,Impacted,train
Implant/lyria__P0139__b1.png,Implant,train
Restored/lyria__P0292__b6.png,Restored,train
Restored/lyria__P0647__b5.png,Restored,train
crops/116__t02.png,Implant,train
Endodontics/lyria__P0752__b5.png,Endodontics,train
Restored/lyria__P0186__b11.png,Restored,train
Impacted/lyria__P0020__b3.png,Impacted,train
Healthy/lyria__P0444__b15.png,Healthy,train
Endodontics/lyria__P0008__b1.png,Endodontics,train
Impacted/lyria__P0457__b0.png,Impacted,train
crops/564__t01.png,Implant,train
Endodontics/lyria__P0003__b3.png,Endodontics,train
Restored/lyria__P0096__b9.png,Restored,train
Endodontics/lyria__P0270__b0.png,Endodontics,train
Restored/lyria__P0008__b13.png,Restored,train
crops/338__t04.png,Implant,train
crops/enum__train_459__t24.png,Implant,train
Impacted/lyria__P0467__b3.png,Impacted,train
Healthy/lyria__P0504__b14.png,Healthy,train
Restored/lyria__P0297__b10.png,Restored,train
Healthy/lyria__P0072__b4.png,Healthy,train
Endodontics/lyria__P0207__b0.png,Endodontics,train
Healthy/lyria__P0377__b11.png,Healthy,train
Healthy/lyria__P0508__b21.png,Healthy,train
Endodontics/lyria__P0167__b0.png,Endodontics,train
Impacted/lyria__P0318__b0.png,Impacted,train
Restored/lyria__P0416__b1.png,Restored,train
Healthy/lyria__P0498__b13.png,Healthy,train
Endodontics/lyria__P0025__b0.png,Endodontics,train
Impacted/lyria__P0144__b0.png,Impacted,train
Impacted/lyria__P0287__b1.png,Impacted,train
Implant/lyria__P0655__b0.png,Implant,train
Endodontics/lyria__P0246__b0.png,Endodontics,train
Endodontics/lyria__P0334__b0.png,Endodontics,train
Restored/lyria__P0363__b0.png,Restored,train
Impacted/lyria__P0669__b1.png,Impacted,train
Healthy/lyria__P0355__b8.png,Healthy,train
Endodontics/lyria__P0533__b2.png,Endodontics,train
Restored/lyria__P0744__b2.png,Restored,train
Endodontics/lyria__P0375__b5.png,Endodontics,train
Impacted/lyria__P0100__b3.png,Impacted,train
crops/537__t02.png,Implant,train
Restored/lyria__P0078__b8.png,Restored,train
Restored/lyria__P0286__b4.png,Restored,train
Implant/lyria__P0350__b2.png,Implant,train
Impacted/lyria__P0016__b1.png,Impacted,train
Healthy/lyria__P0517__b23.png,Healthy,train
Impacted/lyria__P0186__b1.png,Impacted,train
Impacted/lyria__P0482__b0.png,Impacted,train
Healthy/lyria__P0086__b19.png,Healthy,train
Restored/lyria__P0692__b6.png,Restored,train
Restored/lyria__P0357__b8.png,Restored,train
Endodontics/lyria__P0218__b0.png,Endodontics,train
Healthy/lyria__P0508__b15.png,Healthy,train
Implant/lyria__P0071__b1.png,Implant,train
Healthy/lyria__P0502__b26.png,Healthy,train
Restored/lyria__P0246__b4.png,Restored,train
Impacted/lyria__P0109__b0.png,Impacted,train
Impacted/lyria__P0502__b0.png,Impacted,train
Endodontics/lyria__P0550__b0.png,Endodontics,train
crops/408__t02.png,Implant,train
Healthy/lyria__P0376__b0.png,Healthy,train
Impacted/lyria__P0100__b2.png,Impacted,train
Restored/lyria__P0248__b2.png,Restored,train
crops/537__t13.png,Implant,train
Impacted/lyria__P0187__b2.png,Impacted,train
Impacted/lyria__P0072__b1.png,Impacted,train
Impacted/lyria__P0487__b1.png,Impacted,train
Restored/lyria__P0632__b11.png,Restored,train
Restored/lyria__P0726__b1.png,Restored,train
Healthy/lyria__P0357__b1.png,Healthy,train
Endodontics/lyria__P0263__b0.png,Endodontics,train
Endodontics/lyria__P0286__b2.png,Endodontics,train
Impacted/lyria__P0136__b0.png,Impacted,train
crops/243__t02.png,Implant,train
Endodontics/lyria__P0218__b1.png,Endodontics,train
Healthy/lyria__P0411__b12.png,Healthy,train
Impacted/lyria__P0073__b0.png,Impacted,train
Healthy/lyria__P0554__b3.png,Healthy,train
Healthy/lyria__P0669__b12.png,Healthy,train
crops/62__t20.png,Implant,train
Restored/lyria__P0243__b3.png,Restored,train
Healthy/lyria__P0730__b9.png,Healthy,train
Endodontics/lyria__P0678__b1.png,Endodontics,train
Endodontics/lyria__P0329__b1.png,Endodontics,train
Restored/lyria__P0357__b6.png,Restored,train
Impacted/lyria__P0692__b1.png,Impacted,train
crops/478__t20.png,Implant,train
Healthy/lyria__P0109__b0.png,Healthy,train
crops/903__t04.png,Implant,train
crops/disease__train_699__t04.png,Implant,train
crops/903__t07.png,Implant,train
crops/808__t21.png,Implant,train
Endodontics/lyria__P0759__b0.png,Endodontics,train
Restored/lyria__P0473__b1.png,Restored,train
Impacted/lyria__P0467__b2.png,Impacted,train
Impacted/lyria__P0504__b0.png,Impacted,train
Healthy/lyria__P0550__b4.png,Healthy,train
Impacted/lyria__P0311__b2.png,Impacted,train
Impacted/lyria__P0003__b0.png,Impacted,train
crops/759__t11.png,Implant,train
Restored/lyria__P0113__b1.png,Restored,train
Restored/lyria__P0287__b1.png,Restored,train
Endodontics/lyria__P0785__b0.png,Endodontics,train
Restored/lyria__P0668__b0.png,Restored,train
Endodontics/lyria__P0730__b1.png,Endodontics,train
crops/634__t19.png,Implant,train
Endodontics/lyria__P0196__b0.png,Endodontics,train
Impacted/lyria__P0262__b3.png,Impacted,train
Restored/lyria__P0668__b2.png,Restored,train
Restored/lyria__P0389__b0.png,Restored,train
crops/343__t00.png,Implant,train
Endodontics/lyria__P0213__b7.png,Endodontics,train
Impacted/lyria__P0474__b2.png,Impacted,train
Restored/lyria__P0519__b1.png,Restored,train
Impacted/lyria__P0487__b2.png,Impacted,train
Restored/lyria__P0331__b10.png,Restored,train
crops/894__t02.png,Implant,train
Restored/lyria__P0072__b6.png,Restored,train
Healthy/lyria__P0057__b15.png,Healthy,train
Endodontics/lyria__P0759__b1.png,Endodontics,train
Implant/lyria__P0108__b2.png,Implant,train
Healthy/lyria__P0464__b17.png,Healthy,train
Restored/lyria__P0177__b1.png,Restored,train
Endodontics/lyria__P0108__b3.png,Endodontics,train
Restored/lyria__P0291__b4.png,Restored,train
Restored/lyria__P0334__b5.png,Restored,train
Endodontics/lyria__P0145__b3.png,Endodontics,train
crops/124__t02.png,Implant,train
Healthy/lyria__P0453__b23.png,Healthy,train
crops/987__t04.png,Implant,train
Endodontics/lyria__P0780__b2.png,Endodontics,train
Implant/lyria__P0096__b1.png,Implant,train
crops/869__t11.png,Implant,train
Restored/lyria__P0446__b2.png,Restored,train
Restored/lyria__P0443__b7.png,Restored,train
Healthy/lyria__P0487__b4.png,Healthy,train
Endodontics/lyria__P0752__b4.png,Endodontics,train
Endodontics/lyria__P0196__b1.png,Endodontics,train
Healthy/lyria__P0533__b4.png,Healthy,train
crops/350__t09.png,Implant,train
Implant/lyria__P0145__b0.png,Implant,train
Restored/lyria__P0123__b8.png,Restored,train
Endodontics/lyria__P0716__b2.png,Endodontics,train
Endodontics/lyria__P0752__b0.png,Endodontics,train
Restored/lyria__P0063__b3.png,Restored,train
Restored/lyria__P0659__b2.png,Restored,train
crops/808__t05.png,Implant,train
Restored/lyria__P0050__b11.png,Restored,train
Healthy/lyria__P0080__b9.png,Healthy,train
Healthy/lyria__P0376__b13.png,Healthy,train
Healthy/lyria__P0270__b11.png,Healthy,train
Endodontics/lyria__P0286__b0.png,Endodontics,train
Endodontics/lyria__P0287__b2.png,Endodontics,train
Endodontics/lyria__P0287__b1.png,Endodontics,train
Healthy/lyria__P0003__b0.png,Healthy,train
Restored/lyria__P0080__b1.png,Restored,train
Implant/lyria__P0078__b0.png,Implant,train
Endodontics/lyria__P0063__b2.png,Endodontics,train
Endodontics/lyria__P0780__b1.png,Endodontics,train
Healthy/lyria__P0145__b0.png,Healthy,train
Restored/lyria__P0286__b0.png,Restored,train
Restored/lyria__P0780__b14.png,Restored,train
Endodontics/lyria__P0669__b0.png,Endodontics,train
Implant/lyria__P0350__b3.png,Implant,train
Restored/lyria__P0600__b2.png,Restored,train
crops/775__t19.png,Implant,train
Impacted/lyria__P0498__b1.png,Impacted,train
Healthy/lyria__P0357__b4.png,Healthy,train
crops/110__t02.png,Implant,train
crops/637__t19.png,Implant,train
Restored/lyria__P0177__b2.png,Restored,train
Impacted/lyria__P0270__b0.png,Impacted,train
Healthy/lyria__P0700__b16.png,Healthy,train
Endodontics/lyria__P0647__b0.png,Endodontics,train
Healthy/lyria__P0090__b17.png,Healthy,train
Healthy/lyria__P0487__b25.png,Healthy,train
Healthy/lyria__P0286__b4.png,Healthy,train
crops/309__t20.png,Implant,train
Endodontics/lyria__P0675__b0.png,Endodontics,train
Impacted/lyria__P0150__b1.png,Impacted,train
Restored/lyria__P0183__b4.png,Restored,train
crops/869__t02.png,Implant,train
crops/536__t15.png,Implant,train
Endodontics/lyria__P0086__b0.png,Endodontics,train
Restored/lyria__P0707__b3.png,Restored,train
Impacted/lyria__P0369__b2.png,Impacted,train
Impacted/lyria__P0255__b1.png,Impacted,train
Implant/lyria__P0759__b1.png,Implant,train
Implant/lyria__P0139__b0.png,Implant,train
Healthy/lyria__P0660__b14.png,Healthy,train
Impacted/lyria__P0420__b0.png,Impacted,train
Endodontics/lyria__P0078__b2.png,Endodontics,train
Restored/lyria__P0109__b11.png,Restored,train
crops/93__t28.png,Implant,train
Endodontics/lyria__P0174__b1.png,Endodontics,train
Healthy/lyria__P0073__b11.png,Healthy,train
Impacted/lyria__P0457__b2.png,Impacted,train
Restored/lyria__P0519__b0.png,Restored,train
Endodontics/lyria__P0158__b2.png,Endodontics,train
Healthy/lyria__P0127__b0.png,Healthy,train
Healthy/lyria__P0270__b12.png,Healthy,train
Endodontics/lyria__P0358__b0.png,Endodontics,train
Healthy/lyria__P0330__b24.png,Healthy,train
Restored/lyria__P0759__b3.png,Restored,train
Implant/lyria__P0108__b1.png,Implant,train
Impacted/lyria__P0186__b0.png,Impacted,train
Impacted/lyria__P0508__b1.png,Impacted,train
Restored/lyria__P0600__b0.png,Restored,train
Restored/lyria__P0073__b1.png,Restored,train
Impacted/lyria__P0136__b1.png,Impacted,train
Impacted/lyria__P0331__b0.png,Impacted,train
Endodontics/lyria__P0566__b6.png,Endodontics,train
Endodontics/lyria__P0286__b1.png,Endodontics,train
Impacted/lyria__P0008__b1.png,Impacted,train
Impacted/lyria__P0270__b1.png,Impacted,train
Implant/lyria__P0003__b0.png,Implant,train
Restored/lyria__P0213__b0.png,Restored,train
Restored/lyria__P0752__b3.png,Restored,train
Impacted/lyria__P0072__b0.png,Impacted,train
Restored/lyria__P0311__b12.png,Restored,train
Impacted/lyria__P0150__b2.png,Impacted,train
Healthy/lyria__P0100__b0.png,Healthy,train
Endodontics/lyria__P0550__b4.png,Endodontics,train
Implant/lyria__P0071__b4.png,Implant,train
Healthy/lyria__P0700__b5.png,Healthy,train
Healthy/lyria__P0158__b2.png,Healthy,train
Restored/lyria__P0369__b4.png,Restored,train
Impacted/lyria__P0287__b0.png,Impacted,train
Implant/lyria__P0263__b0.png,Implant,train
Endodontics/lyria__P0071__b0.png,Endodontics,train
crops/disease__train_592__t20.png,Implant,train
Impacted/lyria__P0371__b0.png,Impacted,train
Healthy/lyria__P0174__b0.png,Healthy,train
crops/903__t00.png,Implant,train
crops/116__t01.png,Implant,train
Impacted/lyria__P0669__b0.png,Impacted,train
Healthy/lyria__P0187__b18.png,Healthy,train
Endodontics/lyria__P0003__b2.png,Endodontics,train
Endodontics/lyria__P0675__b1.png,Endodontics,train
Healthy/lyria__P0369__b3.png,Healthy,train
Endodontics/lyria__P0213__b3.png,Endodontics,train
crops/678__t00.png,Implant,train
Impacted/lyria__P0055__b1.png,Impacted,train
Healthy/lyria__P0292__b5.png,Healthy,train
Healthy/lyria__P0080__b18.png,Healthy,train
crops/enum__train_492__t18.png,Implant,train
Endodontics/lyria__P0675__b2.png,Endodontics,train
Restored/lyria__P0057__b0.png,Restored,train
Healthy/lyria__P0542__b12.png,Healthy,train
crops/enum__train_459__t22.png,Implant,train
Endodontics/lyria__P0286__b6.png,Endodontics,train
Impacted/lyria__P0055__b0.png,Impacted,train
Endodontics/lyria__P0530__b7.png,Endodontics,train
Healthy/lyria__P0363__b0.png,Healthy,train
crops/disease__train_24__t10.png,Implant,train
Healthy/lyria__P0196__b0.png,Healthy,train
Endodontics/lyria__P0213__b2.png,Endodontics,train
crops/411__t00.png,Implant,train
Restored/lyria__P0554__b4.png,Restored,train
Implant/lyria__P0139__b5.png,Implant,train
Restored/lyria__P0002__b0.png,Restored,train
Healthy/lyria__P0097__b16.png,Healthy,train
crops/enum__train_436__t17.png,Implant,train
crops/309__t03.png,Implant,train
Endodontics/lyria__P0442__b4.png,Endodontics,train
Restored/lyria__P0020__b0.png,Restored,train
Healthy/lyria__P0801__b0.png,Healthy,train
Restored/lyria__P0263__b4.png,Restored,train
Endodontics/lyria__P0442__b0.png,Endodontics,train
Impacted/lyria__P0262__b2.png,Impacted,train
Healthy/lyria__P0090__b0.png,Healthy,train
crops/808__t20.png,Implant,train
Healthy/lyria__P0301__b20.png,Healthy,train
Endodontics/lyria__P0050__b1.png,Endodontics,train
crops/1018__t03.png,Implant,train
Endodontics/lyria__P0350__b0.png,Endodontics,train
Endodontics/lyria__P0375__b2.png,Endodontics,train
Impacted/lyria__P0484__b0.png,Impacted,train
Healthy/lyria__P0482__b13.png,Healthy,train
Endodontics/lyria__P0292__b1.png,Endodontics,train
crops/309__t24.png,Implant,train
crops/561__t05.png,Implant,train
Restored/lyria__P0595__b4.png,Restored,train
Restored/lyria__P0775__b0.png,Restored,train
crops/212__t05.png,Implant,train
Impacted/lyria__P0150__b3.png,Impacted,train
Endodontics/lyria__P0003__b5.png,Endodontics,train
Healthy/lyria__P0028__b11.png,Healthy,train
Endodontics/lyria__P0270__b1.png,Endodontics,train
Endodontics/lyria__P0050__b5.png,Endodontics,train
Endodontics/lyria__P0527__b1.png,Endodontics,train
Restored/lyria__P0350__b0.png,Restored,train
Restored/lyria__P0448__b2.png,Restored,train
Impacted/lyria__P0008__b0.png,Impacted,train
Endodontics/lyria__P0263__b3.png,Endodontics,train
Endodontics/lyria__P0730__b0.png,Endodontics,train
Implant/lyria__P0122__b0.png,Implant,train
Endodontics/lyria__P0422__b5.png,Endodontics,train
Healthy/lyria__P0499__b14.png,Healthy,train
crops/537__t04.png,Implant,train
crops/disease__train_97__t11.png,Implant,train
Restored/lyria__P0073__b0.png,Restored,train
Healthy/lyria__P0016__b1.png,Healthy,train
Impacted/lyria__P0468__b1.png,Impacted,train
Impacted/lyria__P0774__b0.png,Impacted,train
Impacted/lyria__P0453__b0.png,Impacted,train
crops/808__t07.png,Implant,train
Implant/lyria__P0358__b0.png,Implant,train
Impacted/lyria__P0416__b0.png,Impacted,train
Endodontics/lyria__P0379__b0.png,Endodontics,train
Restored/lyria__P0108__b8.png,Restored,train
Endodontics/lyria__P0213__b6.png,Endodontics,train
crops/505__t21.png,Implant,train
Restored/lyria__P0376__b1.png,Restored,train
Restored/lyria__P0604__b0.png,Restored,train
Restored/lyria__P0025__b1.png,Restored,train
Impacted/lyria__P0301__b0.png,Impacted,train
Endodontics/lyria__P0375__b1.png,Endodontics,train
Impacted/lyria__P0468__b0.png,Impacted,train
crops/1013__t24.png,Implant,train
Impacted/lyria__P0472__b0.png,Impacted,train
Restored/lyria__P0801__b5.png,Restored,train
Impacted/lyria__P0498__b3.png,Impacted,train
Endodontics/lyria__P0350__b9.png,Endodontics,train
crops/enum__train_630__t20.png,Implant,train
Endodontics/lyria__P0668__b2.png,Endodontics,train
Impacted/lyria__P0136__b2.png,Impacted,train
Restored/lyria__P0292__b5.png,Restored,train
Impacted/lyria__P0502__b1.png,Impacted,train
Healthy/lyria__P0301__b12.png,Healthy,train
crops/505__t22.png,Implant,train
Endodontics/lyria__P0416__b0.png,Endodontics,train
Endodontics/lyria__P0647__b2.png,Endodontics,train
Restored/lyria__P0366__b5.png,Restored,train
Implant/lyria__P0071__b2.png,Implant,train
Endodontics/lyria__P0363__b0.png,Endodontics,train
Endodontics/lyria__P0078__b0.png,Endodontics,train
Healthy/lyria__P0484__b24.png,Healthy,train
Implant/lyria__P0752__b0.png,Implant,train
Healthy/lyria__P0016__b5.png,Healthy,train
Healthy/lyria__P0311__b6.png,Healthy,train
crops/505__t24.png,Implant,train
crops/678__t03.png,Implant,train
Impacted/lyria__P0472__b1.png,Impacted,train
Impacted/lyria__P0498__b0.png,Impacted,train
crops/537__t15.png,Implant,train
Healthy/lyria__P0123__b0.png,Healthy,train
Impacted/lyria__P0467__b0.png,Impacted,train
Impacted/lyria__P0467__b1.png,Impacted,train
Endodontics/lyria__P0375__b0.png,Endodontics,train
Restored/lyria__P0655__b0.png,Restored,train
crops/441__t05.png,Implant,train
Healthy/lyria__P0186__b2.png,Healthy,train
Endodontics/lyria__P0305__b4.png,Endodontics,train
Impacted/lyria__P0369__b1.png,Impacted,train
Healthy/lyria__P0520__b20.png,Healthy,train
Restored/lyria__P0443__b10.png,Restored,train
crops/116__t18.png,Implant,train
Impacted/lyria__P0297__b0.png,Impacted,train
Impacted/lyria__P0020__b1.png,Impacted,train
Endodontics/lyria__P0286__b4.png,Endodontics,train
Restored/lyria__P0794__b1.png,Restored,train
Restored/lyria__P0123__b6.png,Restored,train
crops/428__t15.png,Implant,train
Restored/lyria__P0411__b2.png,Restored,train
Restored/lyria__P0246__b0.png,Restored,train
Restored/lyria__P0318__b0.png,Restored,train
Restored/lyria__P0071__b1.png,Restored,train
Restored/lyria__P0716__b2.png,Restored,train
Restored/lyria__P0527__b17.png,Restored,train
Endodontics/lyria__P0752__b6.png,Endodontics,train
Endodontics/lyria__P0416__b1.png,Endodontics,train
Impacted/lyria__P0090__b1.png,Impacted,train
Endodontics/lyria__P0692__b0.png,Endodontics,train
Endodontics/lyria__P0716__b0.png,Endodontics,train
Restored/lyria__P0351__b1.png,Restored,train
crops/408__t05.png,Implant,train
Healthy/lyria__P0726__b10.png,Healthy,train
Impacted/lyria__P0452__b0.png,Impacted,train
Endodontics/lyria__P0530__b0.png,Endodontics,train
Endodontics/lyria__P0527__b2.png,Endodontics,train
crops/enum__train_436__t18.png,Implant,train
Healthy/lyria__P0479__b13.png,Healthy,train
Restored/lyria__P0301__b1.png,Restored,train
Implant/lyria__P0108__b0.png,Implant,train
Endodontics/lyria__P0595__b0.png,Endodontics,train
Endodontics/lyria__P0050__b3.png,Endodontics,train
Endodontics/lyria__P0072__b2.png,Endodontics,train
Restored/lyria__P0446__b0.png,Restored,train
Healthy/lyria__P0420__b11.png,Healthy,train
Restored/lyria__P0008__b14.png,Restored,train
Restored/lyria__P0305__b6.png,Restored,train
crops/894__t08.png,Implant,train
Healthy/lyria__P0566__b5.png,Healthy,train
Endodontics/lyria__P0759__b2.png,Endodontics,train
Restored/lyria__P0692__b4.png,Restored,train
Impacted/lyria__P0369__b0.png,Impacted,train
crops/894__t04.png,Implant,train
Impacted/lyria__P0002__b3.png,Impacted,train
Restored/lyria__P0472__b1.png,Restored,train
Healthy/lyria__P0527__b2.png,Healthy,train
Healthy/lyria__P0087__b13.png,Healthy,train
Healthy/lyria__P0669__b21.png,Healthy,train
Restored/lyria__P0474__b0.png,Restored,train
crops/enum__train_34__t27.png,Implant,train
Impacted/lyria__P0487__b0.png,Impacted,train
Healthy/lyria__P0187__b17.png,Healthy,train
crops/808__t24.png,Implant,train
crops/441__t07.png,Implant,train
Endodontics/lyria__P0071__b1.png,Endodontics,train
Endodontics/lyria__P0008__b0.png,Endodontics,train
crops/124__t01.png,Implant,train
Restored/lyria__P0028__b4.png,Restored,train
Impacted/lyria__P0730__b0.png,Impacted,train
Impacted/lyria__P0090__b2.png,Impacted,train
Endodontics/lyria__P0246__b1.png,Endodontics,train
Endodontics/lyria__P0286__b3.png,Endodontics,train
Healthy/lyria__P0468__b27.png,Healthy,train
Restored/lyria__P0063__b1.png,Restored,train
Healthy/lyria__P0474__b21.png,Healthy,train
Impacted/lyria__P0453__b1.png,Impacted,train
Impacted/lyria__P0073__b1.png,Impacted,train
Restored/lyria__P0025__b3.png,Restored,train
Restored/lyria__P0700__b5.png,Restored,train
Endodontics/lyria__P0566__b0.png,Endodontics,train
Healthy/lyria__P0330__b1.png,Healthy,train
crops/438__t11.png,Implant,train
Healthy/lyria__P0369__b5.png,Healthy,train
Impacted/lyria__P0700__b0.png,Impacted,train
Healthy/lyria__P0774__b12.png,Healthy,train
Impacted/lyria__P0056__b0.png,Impacted,train
Healthy/lyria__P0139__b2.png,Healthy,train
Restored/lyria__P0158__b8.png,Restored,train
Impacted/lyria__P0016__b0.png,Impacted,train
Restored/lyria__P0542__b0.png,Restored,train
Endodontics/lyria__P0269__b0.png,Endodontics,train
Restored/lyria__P0086__b3.png,Restored,train
Restored/lyria__P0358__b18.png,Restored,train
Endodontics/lyria__P0668__b6.png,Endodontics,train
crops/564__t12.png,Implant,train
Endodontics/lyria__P0442__b6.png,Endodontics,train
Impacted/lyria__P0028__b0.png,Impacted,train
Endodontics/lyria__P0759__b6.png,Endodontics,train
Endodontics/lyria__P0350__b3.png,Endodontics,train
Restored/lyria__P0647__b4.png,Restored,train
Restored/lyria__P0269__b0.png,Restored,train
crops/enum__train_42__t12.png,Implant,train
Impacted/lyria__P0087__b0.png,Impacted,train
Healthy/lyria__P0081__b11.png,Healthy,train
Implant/lyria__P0096__b2.png,Implant,train
crops/505__t04.png,Implant,train
Healthy/lyria__P0073__b18.png,Healthy,train
crops/869__t04.png,Implant,train
Healthy/lyria__P0647__b6.png,Healthy,train
crops/disease__train_398__t00.png,Implant,train
Restored/lyria__P0422__b5.png,Restored,train
Impacted/lyria__P0377__b0.png,Impacted,train
Impacted/lyria__P0484__b1.png,Impacted,train
Healthy/lyria__P0669__b15.png,Healthy,train
Implant/lyria__P0071__b5.png,Implant,train
Healthy/lyria__P0457__b0.png,Healthy,train
crops/enum__train_630__t21.png,Implant,train
Restored/lyria__P0207__b5.png,Restored,train
Endodontics/lyria__P0263__b2.png,Endodontics,train
Impacted/lyria__P0020__b2.png,Impacted,train
crops/290__t04.png,Implant,train
Implant/lyria__P0057__b0.png,Implant,train
Endodontics/lyria__P0669__b1.png,Endodontics,train
Restored/lyria__P0716__b11.png,Restored,train
Endodontics/lyria__P0422__b2.png,Endodontics,train
Impacted/lyria__P0002__b1.png,Impacted,train
Healthy/lyria__P0008__b2.png,Healthy,train
Impacted/lyria__P0087__b3.png,Impacted,train
Restored/lyria__P0297__b8.png,Restored,train
Endodontics/lyria__P0207__b1.png,Endodontics,train
Healthy/lyria__P0632__b6.png,Healthy,train
Restored/lyria__P0360__b2.png,Restored,train
Endodontics/lyria__P0350__b5.png,Endodontics,train
Implant/lyria__P0213__b0.png,Implant,train
Restored/lyria__P0780__b4.png,Restored,train
Restored/lyria__P0071__b0.png,Restored,train
crops/360__t02.png,Implant,train
Restored/lyria__P0377__b7.png,Restored,train
Restored/lyria__P0790__b1.png,Restored,train
Healthy/lyria__P0660__b15.png,Healthy,train
Healthy/lyria__P0443__b1.png,Healthy,train
Restored/lyria__P0498__b1.png,Restored,train
Impacted/lyria__P0660__b0.png,Impacted,train
Healthy/lyria__P0287__b1.png,Healthy,train
Healthy/lyria__P0246__b0.png,Healthy,train
crops/962__t00.png,Implant,train
Restored/lyria__P0081__b0.png,Restored,train
Endodontics/lyria__P0003__b0.png,Endodontics,train
Restored/lyria__P0533__b11.png,Restored,train
Endodontics/lyria__P0078__b4.png,Endodontics,train
Endodontics/lyria__P0675__b4.png,Endodontics,train
crops/962__t01.png,Implant,train
crops/230__t10.png,Implant,train
Impacted/lyria__P0420__b1.png,Impacted,train
Implant/lyria__P0752__b1.png,Implant,train
Endodontics/lyria__P0072__b1.png,Endodontics,train
Restored/lyria__P0566__b3.png,Restored,train
Healthy/lyria__P0072__b0.png,Healthy,train
Implant/lyria__P0063__b2.png,Implant,train
Endodontics/lyria__P0422__b6.png,Endodontics,train
Restored/lyria__P0080__b0.png,Restored,train
Healthy/lyria__P0464__b22.png,Healthy,train
Impacted/lyria__P0311__b1.png,Impacted,train
Endodontics/lyria__P0305__b1.png,Endodontics,train
Healthy/lyria__P0675__b5.png,Healthy,train
Endodontics/lyria__P0050__b4.png,Endodontics,train
Restored/lyria__P0801__b0.png,Restored,train
Impacted/lyria__P0255__b0.png,Impacted,train
crops/775__t21.png,Implant,train
Impacted/lyria__P0542__b0.png,Impacted,train
crops/290__t00.png,Implant,train
Restored/lyria__P0122__b0.png,Restored,train
Endodontics/lyria__P0139__b4.png,Endodontics,train
Impacted/lyria__P0311__b0.png,Impacted,train
Implant/lyria__P0759__b2.png,Implant,train
Impacted/lyria__P0087__b2.png,Impacted,train
Restored/lyria__P0453__b1.png,Restored,train
Impacted/lyria__P0002__b0.png,Impacted,train
crops/561__t00.png,Implant,train
Healthy/lyria__P0086__b7.png,Healthy,train
Restored/lyria__P0371__b2.png,Restored,train
Healthy/lyria__P0484__b14.png,Healthy,train
Impacted/lyria__P0100__b1.png,Impacted,train
Impacted/lyria__P0542__b1.png,Impacted,train
crops/537__t14.png,Implant,train
Endodontics/lyria__P0263__b5.png,Endodontics,train
Implant/lyria__P0566__b0.png,Implant,train
Impacted/lyria__P0604__b0.png,Impacted,train
Impacted/lyria__P0255__b2.png,Impacted,train
Restored/lyria__P0422__b1.png,Restored,train
Restored/lyria__P0355__b6.png,Restored,train
Endodontics/lyria__P0213__b9.png,Endodontics,train
Restored/lyria__P0057__b4.png,Restored,train
Healthy/lyria__P0422__b0.png,Healthy,train
Endodontics/lyria__P0139__b5.png,Endodontics,train
Impacted/lyria__P0474__b0.png,Impacted,train
Restored/lyria__P0016__b0.png,Restored,train
crops/505__t25.png,Implant,train
Healthy/lyria__P0286__b12.png,Healthy,train
Restored/lyria__P0678__b10.png,Restored,train
Impacted/lyria__P0078__b0.png,Impacted,train
Endodontics/lyria__P0050__b2.png,Endodontics,train
Healthy/lyria__P0389__b24.png,Healthy,train
Restored/lyria__P0218__b4.png,Restored,train
Healthy/lyria__P0073__b0.png,Healthy,train
Restored/lyria__P0330__b2.png,Restored,train
Impacted/lyria__P0444__b1.png,Impacted,train
Restored/lyria__P0533__b12.png,Restored,train
Impacted/lyria__P0444__b0.png,Impacted,train
Restored/lyria__P0016__b1.png,Restored,train
Healthy/lyria__P0287__b4.png,Healthy,train
Healthy/lyria__P0185__b0.png,Healthy,train
Healthy/lyria__P0659__b22.png,Healthy,train
Healthy/lyria__P0369__b16.png,Healthy,train
Endodontics/lyria__P0759__b8.png,Endodontics,train
Restored/lyria__P0329__b1.png,Restored,train
Endodontics/lyria__P0668__b3.png,Endodontics,train
crops/124__t21.png,Implant,train
Impacted/lyria__P0090__b0.png,Impacted,train
Endodontics/lyria__P0174__b0.png,Endodontics,train
Healthy/lyria__P0474__b7.png,Healthy,train
Impacted/lyria__P0187__b0.png,Impacted,train
Impacted/lyria__P0020__b0.png,Impacted,train
crops/869__t06.png,Implant,train
Restored/lyria__P0376__b0.png,Restored,train
Restored/lyria__P0136__b1.png,Restored,train
Healthy/lyria__P0097__b0.png,Healthy,train
Impacted/lyria__P0527__b0.png,Impacted,train
Healthy/lyria__P0028__b23.png,Healthy,train
Restored/lyria__P0062__b1.png,Restored,train
Impacted/lyria__P0508__b0.png,Impacted,train
Endodontics/lyria__P0655__b0.png,Endodontics,train
Implant/lyria__P0350__b0.png,Implant,train
Impacted/lyria__P0087__b1.png,Impacted,train
crops/441__t04.png,Implant,train
Restored/lyria__P0744__b15.png,Restored,train
Impacted/lyria__P0080__b0.png,Impacted,train
Impacted/lyria__P0028__b1.png,Impacted,train
Impacted/lyria__P0484__b2.png,Impacted,train
crops/155__t13.png,Implant,train
Impacted/lyria__P0504__b1.png,Impacted,train
Impacted/lyria__P0499__b0.png,Impacted,train
Impacted/lyria__P0479__b0.png,Impacted,train
Implant/lyria__P0759__b5.png,Implant,train
Healthy/lyria__P0286__b2.png,Healthy,train
crops/enum__train_141__t04.png,Implant,train
Healthy/lyria__P0444__b16.png,Healthy,train
Impacted/lyria__P0604__b1.png,Impacted,train
crops/155__t14.png,Implant,train
Healthy/lyria__P0499__b9.png,Healthy,train
Healthy/lyria__P0350__b5.png,Healthy,train
Endodontics/lyria__P0263__b7.png,Endodontics,train
Healthy/lyria__P0127__b16.png,Healthy,train
Healthy/lyria__P0451__b26.png,Healthy,val
Impacted/lyria__P0171__b2.png,Impacted,val
Restored/lyria__P0171__b0.png,Restored,val
Impacted/lyria__P0750__b0.png,Impacted,val
Endodontics/lyria__P0304__b1.png,Endodontics,val
Endodontics/lyria__P0049__b1.png,Endodontics,val
Restored/lyria__P0338__b2.png,Restored,val
Impacted/lyria__P0317__b1.png,Impacted,val
Restored/lyria__P0170__b6.png,Restored,val
Impacted/lyria__P0507__b0.png,Impacted,val
Restored/lyria__P0202__b1.png,Restored,val
Healthy/lyria__P0229__b4.png,Healthy,val
Healthy/lyria__P0531__b1.png,Healthy,val
Impacted/lyria__P0365__b0.png,Impacted,val
Healthy/lyria__P0095__b3.png,Healthy,val
Endodontics/lyria__P0560__b6.png,Endodontics,val
Healthy/lyria__P0317__b10.png,Healthy,val
Healthy/lyria__P0602__b17.png,Healthy,val
Endodontics/lyria__P0036__b3.png,Endodontics,val
Impacted/lyria__P0577__b1.png,Impacted,val
Endodontics/lyria__P0605__b5.png,Endodontics,val
Endodontics/lyria__P0800__b0.png,Endodontics,val
crops/345__t04.png,Implant,val
Healthy/lyria__P0392__b0.png,Healthy,val
crops/170__t21.png,Implant,val
Healthy/lyria__P0365__b14.png,Healthy,val
Endodontics/lyria__P0605__b3.png,Endodontics,val
crops/842__t03.png,Implant,val
Healthy/lyria__P0327__b0.png,Healthy,val
Endodontics/lyria__P0229__b1.png,Endodontics,val
Healthy/lyria__P0507__b20.png,Healthy,val
Impacted/lyria__P0383__b0.png,Impacted,val
Healthy/lyria__P0222__b5.png,Healthy,val
crops/175__t25.png,Implant,val
Restored/lyria__P0540__b3.png,Restored,val
Healthy/lyria__P0503__b22.png,Healthy,val
Endodontics/lyria__P0560__b0.png,Endodontics,val
Impacted/lyria__P0171__b1.png,Impacted,val
Endodontics/lyria__P0170__b2.png,Endodontics,val
Healthy/lyria__P0036__b4.png,Healthy,val
Healthy/lyria__P0459__b22.png,Healthy,val
Implant/lyria__P0170__b3.png,Implant,val
Healthy/lyria__P0656__b12.png,Healthy,val
Restored/lyria__P0656__b1.png,Restored,val
Restored/lyria__P0507__b5.png,Restored,val
Impacted/lyria__P0507__b1.png,Impacted,val
Impacted/lyria__P0701__b2.png,Impacted,val
Impacted/lyria__P0701__b3.png,Impacted,val
crops/345__t02.png,Implant,val
Endodontics/lyria__P0036__b0.png,Endodontics,val
Endodontics/lyria__P0701__b2.png,Endodontics,val
Endodontics/lyria__P0577__b1.png,Endodontics,val
crops/197__t01.png,Implant,val
Impacted/lyria__P0036__b0.png,Impacted,val
Healthy/lyria__P0338__b10.png,Healthy,val
crops/215__t16.png,Implant,val
Endodontics/lyria__P0317__b0.png,Endodontics,val
Impacted/lyria__P0701__b0.png,Impacted,val
Healthy/lyria__P0338__b0.png,Healthy,val
Restored/lyria__P0577__b7.png,Restored,val
Impacted/lyria__P0147__b0.png,Impacted,val
Restored/lyria__P0681__b3.png,Restored,val
Impacted/lyria__P0338__b0.png,Impacted,val
Restored/lyria__P0475__b2.png,Restored,val
Endodontics/lyria__P0151__b0.png,Endodontics,val
Endodontics/lyria__P0567__b1.png,Endodontics,val
Restored/lyria__P0451__b0.png,Restored,val
Endodontics/lyria__P0800__b1.png,Endodontics,val
Endodontics/lyria__P0229__b0.png,Endodontics,val
Restored/lyria__P0584__b10.png,Restored,val
crops/disease__train_115__t23.png,Implant,val
crops/disease__train_8__t21.png,Implant,val
Implant/lyria__P0170__b0.png,Implant,val
Restored/lyria__P0800__b4.png,Restored,val
crops/enum__train_508__t04.png,Implant,val
Impacted/lyria__P0229__b0.png,Impacted,val
Impacted/lyria__P0036__b1.png,Impacted,val
Implant/lyria__P0750__b0.png,Implant,val
Endodontics/lyria__P0459__b0.png,Endodontics,val
Impacted/lyria__P0392__b0.png,Impacted,val
Endodontics/lyria__P0560__b5.png,Endodontics,val
crops/576__t11.png,Implant,val
Impacted/lyria__P0171__b3.png,Impacted,val
Healthy/lyria__P0383__b11.png,Healthy,val
Endodontics/lyria__P0531__b2.png,Endodontics,val
crops/disease__train_115__t22.png,Implant,val
Implant/lyria__P0750__b1.png,Implant,val
Endodontics/lyria__P0304__b2.png,Endodontics,val
Impacted/lyria__P0326__b0.png,Impacted,val
Impacted/lyria__P0317__b0.png,Impacted,val
Endodontics/lyria__P0202__b0.png,Endodontics,val
Restored/lyria__P0304__b8.png,Restored,val
Impacted/lyria__P0383__b1.png,Impacted,val
crops/576__t10.png,Implant,val
Implant/lyria__P0531__b0.png,Implant,val
Healthy/lyria__P0398__b1.png,Healthy,val
Endodontics/lyria__P0049__b4.png,Endodontics,val
Endodontics/lyria__P0049__b2.png,Endodontics,val
Healthy/lyria__P0222__b1.png,Healthy,val
Healthy/lyria__P0317__b3.png,Healthy,val
Healthy/lyria__P0338__b7.png,Healthy,val
Endodontics/lyria__P0304__b0.png,Endodontics,val
Restored/lyria__P0577__b1.png,Restored,val
Healthy/lyria__P0147__b14.png,Healthy,val
Restored/lyria__P0341__b1.png,Restored,val
Healthy/lyria__P0326__b13.png,Healthy,val
Healthy/lyria__P0451__b13.png,Healthy,val
Impacted/lyria__P0171__b0.png,Impacted,val
Restored/lyria__P0656__b3.png,Restored,val
Impacted/lyria__P0503__b1.png,Impacted,val
crops/disease__train_265__t06.png,Implant,val
Impacted/lyria__P0503__b0.png,Impacted,val
Impacted/lyria__P0459__b0.png,Impacted,val
Restored/lyria__P0605__b6.png,Restored,val
crops/197__t05.png,Implant,val
Healthy/lyria__P0540__b0.png,Healthy,val
Impacted/lyria__P0459__b2.png,Impacted,val
Healthy/lyria__P0656__b17.png,Healthy,val
Impacted/lyria__P0229__b1.png,Impacted,val
Impacted/lyria__P0095__b1.png,Impacted,val
crops/21__t21.png,Implant,val
Restored/lyria__P0222__b1.png,Restored,val
Healthy/lyria__P0202__b2.png,Healthy,val
Impacted/lyria__P0459__b1.png,Impacted,val
Impacted/lyria__P0095__b0.png,Impacted,val
Restored/lyria__P0560__b8.png,Restored,val
Healthy/lyria__P0392__b28.png,Healthy,val
Restored/lyria__P0137__b1.png,Restored,val
Healthy/lyria__P0365__b27.png,Healthy,val
Impacted/lyria__P0475__b0.png,Impacted,val
Endodontics/lyria__P0531__b3.png,Endodontics,val
crops/345__t01.png,Implant,val
Restored/lyria__P0151__b3.png,Restored,val
Restored/lyria__P0398__b3.png,Restored,val
Healthy/lyria__P0341__b10.png,Healthy,val
Healthy/lyria__P0567__b12.png,Healthy,val
Endodontics/lyria__P0800__b3.png,Endodontics,val
Endodontics/lyria__P0605__b1.png,Endodontics,val
Restored/lyria__P0317__b5.png,Restored,val
Healthy/lyria__P0584__b5.png,Healthy,val
Healthy/lyria__P0681__b14.png,Healthy,val
Impacted/lyria__P0701__b1.png,Impacted,val
Endodontics/lyria__P0577__b0.png,Endodontics,val
Endodontics/lyria__P0605__b2.png,Endodontics,val
Healthy/lyria__P0383__b14.png,Healthy,val
Healthy/lyria__P0147__b13.png,Healthy,val
Healthy/lyria__P0171__b10.png,Healthy,val
crops/842__t01.png,Implant,val
Impacted/lyria__P0681__b0.png,Impacted,val
Restored/lyria__P0327__b0.png,Restored,val
Impacted/lyria__P0577__b0.png,Impacted,val
Restored/lyria__P0216__b4.png,Restored,val
Endodontics/lyria__P0304__b4.png,Endodontics,val
Endodontics/lyria__P0531__b1.png,Endodontics,val
crops/842__t00.png,Implant,val
Healthy/lyria__P0095__b13.png,Healthy,val
crops/842__t02.png,Implant,val
Healthy/lyria__P0327__b7.png,Healthy,val
Impacted/lyria__P0656__b0.png,Impacted,val
Healthy/lyria__P0531__b0.png,Healthy,val
Healthy/lyria__P0503__b11.png,Healthy,val
Restored/lyria__P0326__b1.png,Restored,val
Healthy/lyria__P0475__b10.png,Healthy,val
Restored/lyria__P0341__b2.png,Restored,val
crops/842__t04.png,Implant,val
crops/672__t02.png,Implant,val
Healthy/lyria__P0373__b0.png,Healthy,val
Impacted/lyria__P0341__b0.png,Impacted,val
crops/345__t05.png,Implant,val
Healthy/lyria__P0602__b14.png,Healthy,val
Endodontics/lyria__P0202__b1.png,Endodontics,val
Impacted/lyria__P0459__b3.png,Impacted,val
Endodontics/lyria__P0750__b0.png,Endodontics,val
Restored/lyria__P0082__b3.png,Restored,val
Implant/lyria__P0373__b0.png,Implant,val
crops/enum__train_508__t05.png,Implant,val
crops/enum__train_508__t07.png,Implant,val
Restored/lyria__P0326__b0.png,Restored,val
Healthy/lyria__P0383__b0.png,Healthy,val
Healthy/lyria__P0304__b1.png,Healthy,val
