enhancement,aug,arch,n_runs,macro_f1_mean,macro_f1_std,macro_f1_ci95_low,macro_f1_ci95_high,accuracy_mean,accuracy_std,f1_Endodontics_mean,f1_Endodontics_std,f1_Healthy_mean,f1_Healthy_std,f1_Impacted_mean,f1_Impacted_std,f1_Implant_mean,f1_Implant_std
msthgr,aug,inception_v3,15,0.9724,0.0157,0.9638,0.9811,0.9722,0.016,0.9727,0.0178,0.9598,0.0281,0.9757,0.0195,0.9815,0.0213
msthgr,aug,resnetv2_50,15,0.9742,0.0114,0.9679,0.9805,0.9735,0.0113,0.9801,0.0166,0.9564,0.0236,0.9713,0.0216,0.9889,0.0159
msthgr,aug,vgg16,15,0.9773,0.011,0.9712,0.9834,0.9777,0.01,0.9758,0.0217,0.9726,0.0187,0.9723,0.0169,0.9887,0.0138
msthgr,noaug,inception_v3,15,0.9689,0.0144,0.9609,0.9769,0.9675,0.0159,0.9704,0.0281,0.9554,0.0164,0.9673,0.0144,0.9826,0.0302
msthgr,noaug,resnetv2_50,15,0.9655,0.0107,0.9596,0.9715,0.9646,0.0091,0.9668,0.0263,0.939,0.0292,0.9696,0.0207,0.9868,0.0163
msthgr,noaug,vgg16,15,0.9792,0.0132,0.9719,0.9865,0.9785,0.0141,0.9783,0.0224,0.9778,0.0116,0.9757,0.0155,0.985,0.0234
msthgr-clahe,aug,inception_v3,15,0.9467,0.022,0.9345,0.9588,0.9466,0.0227,0.9469,0.025,0.9227,0.0376,0.9616,0.0243,0.9554,0.0402
msthgr-clahe,aug,resnetv2_50,15,0.9564,0.0271,0.9414,0.9714,0.9564,0.0266,0.9554,0.0292,0.9384,0.0363,0.9663,0.0286,0.9655,0.0293
msthgr-clahe,aug,vgg16,15,0.9692,0.0139,0.9614,0.9769,0.9695,0.0147,0.9576,0.0213,0.9649,0.0183,0.9754,0.0169,0.9787,0.0191
msthgr-clahe,noaug,inception_v3,15,0.9736,0.0127,0.9665,0.9806,0.9737,0.0123,0.9754,0.0185,0.959,0.0208,0.9708,0.015,0.9891,0.0158
msthgr-clahe,noaug,resnetv2_50,15,0.9563,0.0184,0.9461,0.9664,0.9559,0.0157,0.9638,0.0205,0.9194,0.0452,0.9522,0.0337,0.9896,0.0161
msthgr-clahe,noaug,vgg16,15,0.9705,0.0113,0.9642,0.9768,0.9695,0.0119,0.967,0.017,0.9575,0.019,0.971,0.0167,0.9866,0.0165
none,aug,inception_v3,15,0.9708,0.0098,0.9654,0.9762,0.9712,0.01,0.9824,0.0085,0.9471,0.0167,0.9709,0.018,0.9827,0.0197
none,aug,resnetv2_50,15,0.9613,0.0198,0.9503,0.9722,0.963,0.0185,0.9601,0.0334,0.9284,0.0422,0.9616,0.0198,0.995,0.0091
none,aug,vgg16,15,0.9683,0.0081,0.9638,0.9728,0.9679,0.0081,0.9625,0.0185,0.9561,0.0155,0.9717,0.0161,0.9827,0.0183
none,noaug,convnext_tiny,15,0.981,0.0104,0.9752,0.9867,0.9808,0.0105,0.988,0.0164,0.9713,0.0141,0.9736,0.0112,0.991,0.0152
none,noaug,deit_small_patch16_224,15,0.9822,0.0078,0.9779,0.9866,0.9819,0.0075,0.9833,0.0154,0.9714,0.0161,0.9821,0.0127,0.992,0.0124
none,noaug,inception_v3,15,0.9809,0.0084,0.9763,0.9856,0.9811,0.0081,0.9841,0.0144,0.969,0.0202,0.9813,0.0133,0.9893,0.0132
none,noaug,resnetv2_50,15,0.97,0.0091,0.965,0.9751,0.9699,0.0079,0.9736,0.0233,0.9494,0.0224,0.9679,0.0163,0.9893,0.0141
none,noaug,tf_efficientnetv2_s,15,0.9583,0.0139,0.9506,0.9661,0.9587,0.0138,0.9538,0.0245,0.9292,0.0254,0.9611,0.019,0.9894,0.0128
none,noaug,vgg16,15,0.9792,0.0103,0.9735,0.9849,0.9799,0.0097,0.9772,0.0195,0.9753,0.0126,0.9759,0.0156,0.9884,0.0139
