filepath,class,source,patient_id,width,height
Restored/lyria__P0645__b5.png,Restored,lyria,P0645,88,249
Restored/lyria__P0691__b11.png,Restored,lyria,P0691,347,376
Restored/lyria__P0196__b7.png,Restored,lyria,P0196,180,333
Restored/lyria__P0575__b0.png,Restored,lyria,P0575,127,285
Restored/lyria__P0727__b1.png,Restored,lyria,P0727,325,335
Restored/lyria__P0225__b0.png,Restored,lyria,P0225,375,370
Restored/lyria__P0317__b5.png,Restored,lyria,P0317,179,278
Restored/lyria__P0675__b9.png,Restored,lyria,P0675,121,310
Restored/lyria__P0292__b5.png,Restored,lyria,P0292,121,325
Restored/lyria__P0793__b7.png,Restored,lyria,P0793,316,327
Restored/lyria__P0493__b0.png,Restored,lyria,P0493,258,314
Restored/lyria__P0790__b1.png,Restored,lyria,P0790,204,302
Restored/lyria__P0464__b1.png,Restored,lyria,P0464,164,323
Restored/lyria__P0514__b1.png,Restored,lyria,P0514,221,310
Restored/lyria__P0044__b1.png,Restored,lyria,P0044,79,301
Restored/lyria__P0726__b0.png,Restored,lyria,P0726,116,321
Restored/lyria__P0751__b6.png,Restored,lyria,P0751,196,300
Restored/lyria__P0194__b0.png,Restored,lyria,P0194,153,303
Restored/lyria__P0598__b6.png,Restored,lyria,P0598,390,311
Restored/lyria__P0152__b4.png,Restored,lyria,P0152,363,343
Restored/lyria__P0554__b2.png,Restored,lyria,P0554,125,299
Restored/lyria__P0674__b1.png,Restored,lyria,P0674,150,334
Restored/lyria__P0085__b1.png,Restored,lyria,P0085,125,342
Restored/lyria__P0047__b1.png,Restored,lyria,P0047,168,345
Restored/lyria__P0068__b1.png,Restored,lyria,P0068,189,322
Restored/lyria__P0452__b0.png,Restored,lyria,P0452,123,325
Restored/lyria__P0216__b4.png,Restored,lyria,P0216,346,348
Restored/lyria__P0456__b0.png,Restored,lyria,P0456,141,279
Restored/lyria__P0799__b2.png,Restored,lyria,P0799,94,327
Restored/lyria__P0763__b0.png,Restored,lyria,P0763,156,255
Restored/lyria__P0644__b4.png,Restored,lyria,P0644,148,322
Restored/lyria__P0161__b12.png,Restored,lyria,P0161,316,379
Restored/lyria__P0135__b12.png,Restored,lyria,P0135,294,364
Restored/lyria__P0589__b1.png,Restored,lyria,P0589,355,365
Restored/lyria__P0532__b0.png,Restored,lyria,P0532,277,324
Restored/lyria__P0345__b1.png,Restored,lyria,P0345,279,347
Restored/lyria__P0028__b3.png,Restored,lyria,P0028,277,317
Restored/lyria__P0603__b14.png,Restored,lyria,P0603,308,367
Restored/lyria__P0762__b1.png,Restored,lyria,P0762,123,296
Restored/lyria__P0179__b0.png,Restored,lyria,P0179,169,286
Restored/lyria__P0056__b4.png,Restored,lyria,P0056,308,374
Restored/lyria__P0802__b2.png,Restored,lyria,P0802,86,327
Restored/lyria__P0150__b0.png,Restored,lyria,P0150,208,322
Restored/lyria__P0475__b1.png,Restored,lyria,P0475,91,267
Restored/lyria__P0783__b15.png,Restored,lyria,P0783,59,281
Restored/lyria__P0723__b1.png,Restored,lyria,P0723,85,279
Restored/lyria__P0618__b0.png,Restored,lyria,P0618,118,319
Restored/lyria__P0801__b5.png,Restored,lyria,P0801,87,311
Restored/lyria__P0022__b2.png,Restored,lyria,P0022,100,325
Restored/lyria__P0034__b2.png,Restored,lyria,P0034,127,221
Restored/lyria__P0808__b1.png,Restored,lyria,P0808,113,271
Restored/lyria__P0453__b5.png,Restored,lyria,P0453,157,288
Restored/lyria__P0528__b4.png,Restored,lyria,P0528,135,250
Restored/lyria__P0213__b0.png,Restored,lyria,P0213,183,267
Restored/lyria__P0289__b4.png,Restored,lyria,P0289,171,353
Restored/lyria__P0337__b13.png,Restored,lyria,P0337,293,357
Restored/lyria__P0324__b1.png,Restored,lyria,P0324,154,328
Restored/lyria__P0779__b6.png,Restored,lyria,P0779,96,337
Restored/lyria__P0076__b9.png,Restored,lyria,P0076,312,310
Restored/lyria__P0481__b1.png,Restored,lyria,P0481,238,316
Restored/lyria__P0709__b5.png,Restored,lyria,P0709,119,285
Restored/lyria__P0712__b8.png,Restored,lyria,P0712,111,267
Restored/lyria__P0187__b1.png,Restored,lyria,P0187,299,363
Restored/lyria__P0141__b2.png,Restored,lyria,P0141,150,292
Restored/lyria__P0349__b6.png,Restored,lyria,P0349,112,309
Restored/lyria__P0222__b1.png,Restored,lyria,P0222,125,342
Restored/lyria__P0084__b4.png,Restored,lyria,P0084,99,286
Restored/lyria__P0566__b5.png,Restored,lyria,P0566,110,319
Restored/lyria__P0379__b6.png,Restored,lyria,P0379,122,317
Restored/lyria__P0252__b0.png,Restored,lyria,P0252,357,363
Restored/lyria__P0631__b11.png,Restored,lyria,P0631,96,271
Restored/lyria__P0577__b1.png,Restored,lyria,P0577,99,286
Restored/lyria__P0218__b6.png,Restored,lyria,P0218,84,301
Restored/lyria__P0151__b5.png,Restored,lyria,P0151,135,336
Restored/lyria__P0210__b1.png,Restored,lyria,P0210,135,369
Restored/lyria__P0335__b0.png,Restored,lyria,P0335,144,345
Restored/lyria__P0268__b14.png,Restored,lyria,P0268,359,401
Restored/lyria__P0263__b4.png,Restored,lyria,P0263,58,208
Restored/lyria__P0276__b17.png,Restored,lyria,P0276,328,407
Restored/lyria__P0653__b0.png,Restored,lyria,P0653,144,271
Restored/lyria__P0114__b4.png,Restored,lyria,P0114,297,404
Restored/lyria__P0635__b2.png,Restored,lyria,P0635,117,308
Restored/lyria__P0543__b1.png,Restored,lyria,P0543,148,281
Restored/lyria__P0136__b1.png,Restored,lyria,P0136,180,297
Restored/lyria__P0426__b3.png,Restored,lyria,P0426,244,361
Restored/lyria__P0359__b6.png,Restored,lyria,P0359,167,349
Restored/lyria__P0242__b2.png,Restored,lyria,P0242,331,360
Restored/lyria__P0061__b9.png,Restored,lyria,P0061,271,363
Restored/lyria__P0633__b6.png,Restored,lyria,P0633,140,335
Restored/lyria__P0582__b3.png,Restored,lyria,P0582,205,289
Restored/lyria__P0113__b0.png,Restored,lyria,P0113,163,278
Restored/lyria__P0555__b3.png,Restored,lyria,P0555,92,311
Restored/lyria__P0019__b14.png,Restored,lyria,P0019,256,340
Restored/lyria__P0197__b0.png,Restored,lyria,P0197,366,312
Restored/lyria__P0637__b4.png,Restored,lyria,P0637,128,356
Restored/lyria__P0169__b2.png,Restored,lyria,P0169,166,313
Restored/lyria__P0195__b0.png,Restored,lyria,P0195,323,377
Restored/lyria__P0761__b3.png,Restored,lyria,P0761,82,336
Restored/lyria__P0604__b2.png,Restored,lyria,P0604,156,307
Restored/lyria__P0294__b6.png,Restored,lyria,P0294,171,334
Restored/lyria__P0626__b15.png,Restored,lyria,P0626,303,380
Restored/lyria__P0156__b2.png,Restored,lyria,P0156,212,344
Restored/lyria__P0676__b3.png,Restored,lyria,P0676,215,323
Restored/lyria__P0552__b12.png,Restored,lyria,P0552,137,276
Restored/lyria__P0082__b3.png,Restored,lyria,P0082,153,345
Restored/lyria__P0131__b11.png,Restored,lyria,P0131,140,299
Restored/lyria__P0039__b2.png,Restored,lyria,P0039,210,319
Restored/lyria__P0358__b13.png,Restored,lyria,P0358,123,283
Restored/lyria__P0170__b10.png,Restored,lyria,P0170,96,332
Restored/lyria__P0184__b12.png,Restored,lyria,P0184,327,368
Restored/lyria__P0584__b13.png,Restored,lyria,P0584,173,327
Restored/lyria__P0428__b0.png,Restored,lyria,P0428,108,313
Restored/lyria__P0422__b1.png,Restored,lyria,P0422,111,311
Restored/lyria__P0247__b4.png,Restored,lyria,P0247,115,304
Restored/lyria__P0748__b5.png,Restored,lyria,P0748,286,339
Restored/lyria__P0362__b2.png,Restored,lyria,P0362,69,271
Restored/lyria__P0427__b9.png,Restored,lyria,P0427,229,350
Restored/lyria__P0640__b3.png,Restored,lyria,P0640,182,315
Restored/lyria__P0129__b1.png,Restored,lyria,P0129,113,345
Restored/lyria__P0527__b17.png,Restored,lyria,P0527,267,351
Restored/lyria__P0346__b15.png,Restored,lyria,P0346,349,342
Restored/lyria__P0764__b8.png,Restored,lyria,P0764,328,343
Restored/lyria__P0168__b7.png,Restored,lyria,P0168,236,324
Restored/lyria__P0569__b7.png,Restored,lyria,P0569,314,349
Restored/lyria__P0471__b2.png,Restored,lyria,P0471,269,365
Restored/lyria__P0287__b12.png,Restored,lyria,P0287,311,378
Restored/lyria__P0079__b1.png,Restored,lyria,P0079,112,309
Restored/lyria__P0501__b0.png,Restored,lyria,P0501,134,305
Restored/lyria__P0224__b17.png,Restored,lyria,P0224,73,284
Restored/lyria__P0621__b0.png,Restored,lyria,P0621,185,307
Restored/lyria__P0052__b6.png,Restored,lyria,P0052,160,258
Restored/lyria__P0327__b1.png,Restored,lyria,P0327,275,344
Restored/lyria__P0455__b4.png,Restored,lyria,P0455,161,350
Restored/lyria__P0046__b8.png,Restored,lyria,P0046,225,310
Restored/lyria__P0612__b11.png,Restored,lyria,P0612,118,284
Restored/lyria__P0356__b2.png,Restored,lyria,P0356,323,370
Restored/lyria__P0377__b8.png,Restored,lyria,P0377,311,375
Restored/lyria__P0160__b12.png,Restored,lyria,P0160,189,333
Restored/lyria__P0596__b1.png,Restored,lyria,P0596,108,340
Restored/lyria__P0669__b0.png,Restored,lyria,P0669,316,359
Restored/lyria__P0545__b2.png,Restored,lyria,P0545,350,304
Restored/lyria__P0099__b1.png,Restored,lyria,P0099,179,284
Restored/lyria__P0641__b0.png,Restored,lyria,P0641,80,290
Restored/lyria__P0188__b3.png,Restored,lyria,P0188,77,225
Restored/lyria__P0255__b0.png,Restored,lyria,P0255,162,309
Restored/lyria__P0728__b6.png,Restored,lyria,P0728,127,260
Restored/lyria__P0120__b6.png,Restored,lyria,P0120,162,159
Restored/lyria__P0089__b0.png,Restored,lyria,P0089,177,262
Restored/lyria__P0060__b2.png,Restored,lyria,P0060,181,353
Restored/lyria__P0211__b10.png,Restored,lyria,P0211,91,269
Restored/lyria__P0163__b1.png,Restored,lyria,P0163,312,382
Restored/lyria__P0525__b4.png,Restored,lyria,P0525,86,304
Restored/lyria__P0348__b10.png,Restored,lyria,P0348,138,328
Restored/lyria__P0663__b10.png,Restored,lyria,P0663,301,349
Restored/lyria__P0546__b2.png,Restored,lyria,P0546,133,300
Restored/lyria__P0583__b12.png,Restored,lyria,P0583,142,269
Restored/lyria__P0190__b2.png,Restored,lyria,P0190,329,393
Restored/lyria__P0523__b1.png,Restored,lyria,P0523,108,278
Restored/lyria__P0270__b2.png,Restored,lyria,P0270,127,342
Restored/lyria__P0749__b12.png,Restored,lyria,P0749,312,371
Restored/lyria__P0651__b1.png,Restored,lyria,P0651,65,364
Restored/lyria__P0711__b1.png,Restored,lyria,P0711,79,315
Restored/lyria__P0725__b2.png,Restored,lyria,P0725,263,343
Restored/lyria__P0459__b1.png,Restored,lyria,P0459,168,315
Restored/lyria__P0448__b2.png,Restored,lyria,P0448,287,360
Restored/lyria__P0297__b8.png,Restored,lyria,P0297,81,229
Restored/lyria__P0231__b2.png,Restored,lyria,P0231,153,340
Restored/lyria__P0380__b1.png,Restored,lyria,P0380,142,288
Restored/lyria__P0302__b0.png,Restored,lyria,P0302,198,310
Restored/lyria__P0049__b2.png,Restored,lyria,P0049,117,338
Restored/lyria__P0401__b0.png,Restored,lyria,P0401,152,282
Restored/lyria__P0649__b0.png,Restored,lyria,P0649,132,285
Restored/lyria__P0794__b1.png,Restored,lyria,P0794,90,323
Restored/lyria__P0227__b9.png,Restored,lyria,P0227,119,319
Restored/lyria__P0586__b1.png,Restored,lyria,P0586,142,281
Restored/lyria__P0106__b1.png,Restored,lyria,P0106,165,288
Restored/lyria__P0109__b2.png,Restored,lyria,P0109,140,304
Restored/lyria__P0766__b7.png,Restored,lyria,P0766,165,284
Restored/lyria__P0436__b0.png,Restored,lyria,P0436,82,263
Restored/lyria__P0062__b1.png,Restored,lyria,P0062,163,282
Restored/lyria__P0277__b6.png,Restored,lyria,P0277,98,316
Restored/lyria__P0378__b6.png,Restored,lyria,P0378,110,284
Restored/lyria__P0741__b2.png,Restored,lyria,P0741,311,359
Restored/lyria__P0182__b0.png,Restored,lyria,P0182,287,364
Restored/lyria__P0791__b0.png,Restored,lyria,P0791,94,334
Restored/lyria__P0072__b6.png,Restored,lyria,P0072,150,249
Restored/lyria__P0680__b6.png,Restored,lyria,P0680,144,309
Restored/lyria__P0322__b1.png,Restored,lyria,P0322,259,407
Restored/lyria__P0559__b1.png,Restored,lyria,P0559,140,277
Restored/lyria__P0792__b2.png,Restored,lyria,P0792,83,300
Restored/lyria__P0278__b9.png,Restored,lyria,P0278,334,367
Restored/lyria__P0398__b3.png,Restored,lyria,P0398,101,290
Restored/lyria__P0053__b2.png,Restored,lyria,P0053,240,314
Restored/lyria__P0246__b0.png,Restored,lyria,P0246,179,284
Restored/lyria__P0321__b2.png,Restored,lyria,P0321,181,315
Restored/lyria__P0600__b0.png,Restored,lyria,P0600,73,213
Restored/lyria__P0702__b2.png,Restored,lyria,P0702,65,288
Restored/lyria__P0564__b10.png,Restored,lyria,P0564,70,297
Restored/lyria__P0332__b0.png,Restored,lyria,P0332,168,323
Restored/lyria__P0361__b4.png,Restored,lyria,P0361,112,292
Restored/lyria__P0050__b11.png,Restored,lyria,P0050,96,331
Restored/lyria__P0562__b2.png,Restored,lyria,P0562,105,365
Restored/lyria__P0423__b7.png,Restored,lyria,P0423,157,320
Restored/lyria__P0752__b4.png,Restored,lyria,P0752,123,300
Restored/lyria__P0775__b0.png,Restored,lyria,P0775,194,311
Restored/lyria__P0443__b7.png,Restored,lyria,P0443,326,302
Restored/lyria__P0334__b6.png,Restored,lyria,P0334,161,274
Restored/lyria__P0389__b0.png,Restored,lyria,P0389,131,303
Restored/lyria__P0008__b14.png,Restored,lyria,P0008,139,293
Restored/lyria__P0498__b0.png,Restored,lyria,P0498,149,302
Restored/lyria__P0111__b1.png,Restored,lyria,P0111,160,275
Restored/lyria__P0208__b4.png,Restored,lyria,P0208,185,335
Restored/lyria__P0753__b9.png,Restored,lyria,P0753,96,302
Restored/lyria__P0648__b8.png,Restored,lyria,P0648,107,323
Restored/lyria__P0595__b3.png,Restored,lyria,P0595,132,274
Restored/lyria__P0029__b0.png,Restored,lyria,P0029,90,250
Restored/lyria__P0620__b9.png,Restored,lyria,P0620,115,367
Restored/lyria__P0703__b1.png,Restored,lyria,P0703,164,309
Restored/lyria__P0784__b17.png,Restored,lyria,P0784,100,309
Restored/lyria__P0425__b1.png,Restored,lyria,P0425,142,295
Restored/lyria__P0634__b10.png,Restored,lyria,P0634,169,244
Restored/lyria__P0781__b8.png,Restored,lyria,P0781,127,262
Restored/lyria__P0550__b1.png,Restored,lyria,P0550,94,294
Restored/lyria__P0098__b3.png,Restored,lyria,P0098,101,290
Restored/lyria__P0214__b5.png,Restored,lyria,P0214,115,309
Restored/lyria__P0393__b6.png,Restored,lyria,P0393,127,294
Restored/lyria__P0267__b2.png,Restored,lyria,P0267,106,319
Restored/lyria__P0115__b3.png,Restored,lyria,P0115,339,388
Restored/lyria__P0743__b4.png,Restored,lyria,P0743,63,215
Restored/lyria__P0171__b0.png,Restored,lyria,P0171,282,329
Restored/lyria__P0319__b2.png,Restored,lyria,P0319,88,240
Restored/lyria__P0133__b0.png,Restored,lyria,P0133,144,326
Restored/lyria__P0140__b5.png,Restored,lyria,P0140,160,348
Restored/lyria__P0025__b1.png,Restored,lyria,P0025,104,337
Restored/lyria__P0064__b12.png,Restored,lyria,P0064,127,256
Restored/lyria__P0504__b0.png,Restored,lyria,P0504,156,306
Restored/lyria__P0624__b0.png,Restored,lyria,P0624,139,298
Restored/lyria__P0274__b1.png,Restored,lyria,P0274,93,353
Restored/lyria__P0720__b5.png,Restored,lyria,P0720,139,335
Restored/lyria__P0204__b7.png,Restored,lyria,P0204,317,362
Restored/lyria__P0625__b6.png,Restored,lyria,P0625,140,236
Restored/lyria__P0438__b8.png,Restored,lyria,P0438,112,308
Restored/lyria__P0613__b0.png,Restored,lyria,P0613,127,288
Restored/lyria__P0661__b0.png,Restored,lyria,P0661,311,324
Restored/lyria__P0013__b1.png,Restored,lyria,P0013,134,289
Restored/lyria__P0535__b9.png,Restored,lyria,P0535,135,279
Restored/lyria__P0440__b3.png,Restored,lyria,P0440,85,331
Restored/lyria__P0355__b6.png,Restored,lyria,P0355,293,376
Restored/lyria__P0240__b2.png,Restored,lyria,P0240,107,356
Restored/lyria__P0416__b1.png,Restored,lyria,P0416,81,305
Restored/lyria__P0610__b2.png,Restored,lyria,P0610,132,314
Restored/lyria__P0038__b0.png,Restored,lyria,P0038,293,335
Restored/lyria__P0754__b0.png,Restored,lyria,P0754,609,571
Restored/lyria__P0494__b9.png,Restored,lyria,P0494,113,298
Restored/lyria__P0134__b0.png,Restored,lyria,P0134,260,392
Restored/lyria__P0750__b9.png,Restored,lyria,P0750,144,288
Restored/lyria__P0127__b0.png,Restored,lyria,P0127,115,300
Restored/lyria__P0611__b1.png,Restored,lyria,P0611,278,327
Restored/lyria__P0078__b8.png,Restored,lyria,P0078,355,379
Restored/lyria__P0174__b7.png,Restored,lyria,P0174,119,304
Restored/lyria__P0092__b1.png,Restored,lyria,P0092,110,405
Restored/lyria__P0201__b0.png,Restored,lyria,P0201,118,363
Restored/lyria__P0730__b2.png,Restored,lyria,P0730,115,381
Restored/lyria__P0126__b8.png,Restored,lyria,P0126,134,353
Restored/lyria__P0037__b1.png,Restored,lyria,P0037,63,270
Restored/lyria__P0371__b2.png,Restored,lyria,P0371,102,312
Restored/lyria__P0395__b1.png,Restored,lyria,P0395,198,336
Restored/lyria__P0772__b0.png,Restored,lyria,P0772,100,304
Restored/lyria__P0758__b4.png,Restored,lyria,P0758,98,302
Restored/lyria__P0451__b0.png,Restored,lyria,P0451,103,349
Restored/lyria__P0656__b3.png,Restored,lyria,P0656,196,272
Restored/lyria__P0030__b7.png,Restored,lyria,P0030,79,294
Restored/lyria__P0357__b8.png,Restored,lyria,P0357,334,282
Restored/lyria__P0086__b3.png,Restored,lyria,P0086,148,348
Restored/lyria__P0236__b2.png,Restored,lyria,P0236,210,371
Restored/lyria__P0788__b4.png,Restored,lyria,P0788,163,298
Restored/lyria__P0360__b1.png,Restored,lyria,P0360,154,311
Restored/lyria__P0746__b4.png,Restored,lyria,P0746,144,257
Restored/lyria__P0382__b0.png,Restored,lyria,P0382,140,322
Restored/lyria__P0162__b0.png,Restored,lyria,P0162,179,358
Restored/lyria__P0183__b2.png,Restored,lyria,P0183,127,310
Restored/lyria__P0803__b0.png,Restored,lyria,P0803,401,389
Restored/lyria__P0699__b2.png,Restored,lyria,P0699,85,301
Restored/lyria__P0474__b0.png,Restored,lyria,P0474,130,274
Restored/lyria__P0243__b1.png,Restored,lyria,P0243,314,334
Restored/lyria__P0780__b14.png,Restored,lyria,P0780,299,316
Restored/lyria__P0149__b12.png,Restored,lyria,P0149,119,332
Restored/lyria__P0768__b10.png,Restored,lyria,P0768,142,267
Restored/lyria__P0679__b5.png,Restored,lyria,P0679,197,289
Restored/lyria__P0344__b5.png,Restored,lyria,P0344,290,346
Restored/lyria__P0311__b12.png,Restored,lyria,P0311,280,371
Restored/lyria__P0016__b0.png,Restored,lyria,P0016,96,243
Restored/lyria__P0551__b2.png,Restored,lyria,P0551,334,329
Restored/lyria__P0571__b8.png,Restored,lyria,P0571,107,267
Restored/lyria__P0606__b9.png,Restored,lyria,P0606,283,345
Restored/lyria__P0137__b9.png,Restored,lyria,P0137,100,296
Restored/lyria__P0400__b1.png,Restored,lyria,P0400,218,343
Restored/lyria__P0433__b0.png,Restored,lyria,P0433,163,288
Restored/lyria__P0018__b6.png,Restored,lyria,P0018,231,392
Restored/lyria__P0105__b3.png,Restored,lyria,P0105,182,289
Restored/lyria__P0203__b4.png,Restored,lyria,P0203,160,315
Restored/lyria__P0312__b5.png,Restored,lyria,P0312,165,382
Restored/lyria__P0189__b0.png,Restored,lyria,P0189,144,310
Restored/lyria__P0759__b6.png,Restored,lyria,P0759,87,303
Restored/lyria__P0439__b0.png,Restored,lyria,P0439,142,240
Restored/lyria__P0024__b0.png,Restored,lyria,P0024,140,280
Restored/lyria__P0165__b1.png,Restored,lyria,P0165,119,312
Restored/lyria__P0677__b2.png,Restored,lyria,P0677,109,319
Restored/lyria__P0593__b11.png,Restored,lyria,P0593,112,334
Restored/lyria__P0376__b0.png,Restored,lyria,P0376,157,324
Restored/lyria__P0457__b0.png,Restored,lyria,P0457,250,335
Restored/lyria__P0301__b1.png,Restored,lyria,P0301,102,302
Restored/lyria__P0386__b4.png,Restored,lyria,P0386,79,317
Restored/lyria__P0608__b0.png,Restored,lyria,P0608,325,345
Restored/lyria__P0145__b7.png,Restored,lyria,P0145,123,310
Restored/lyria__P0223__b8.png,Restored,lyria,P0223,283,348
Restored/lyria__P0708__b3.png,Restored,lyria,P0708,71,305
Restored/lyria__P0415__b10.png,Restored,lyria,P0415,277,343
Restored/lyria__P0081__b0.png,Restored,lyria,P0081,150,273
Restored/lyria__P0740__b2.png,Restored,lyria,P0740,228,334
Restored/lyria__P0719__b1.png,Restored,lyria,P0719,298,337
Restored/lyria__P0010__b2.png,Restored,lyria,P0010,93,244
Restored/lyria__P0483__b0.png,Restored,lyria,P0483,144,262
Restored/lyria__P0773__b1.png,Restored,lyria,P0773,96,328
Restored/lyria__P0694__b1.png,Restored,lyria,P0694,117,269
Restored/lyria__P0112__b0.png,Restored,lyria,P0112,241,363
Restored/lyria__P0012__b3.png,Restored,lyria,P0012,74,292
Restored/lyria__P0689__b0.png,Restored,lyria,P0689,78,315
Restored/lyria__P0529__b4.png,Restored,lyria,P0529,251,308
Restored/lyria__P0609__b4.png,Restored,lyria,P0609,77,326
Restored/lyria__P0259__b4.png,Restored,lyria,P0259,173,339
Restored/lyria__P0540__b0.png,Restored,lyria,P0540,98,283
Restored/lyria__P0392__b0.png,Restored,lyria,P0392,231,320
Restored/lyria__P0542__b0.png,Restored,lyria,P0542,94,303
Restored/lyria__P0158__b8.png,Restored,lyria,P0158,125,392
Restored/lyria__P0153__b6.png,Restored,lyria,P0153,196,325
Restored/lyria__P0777__b4.png,Restored,lyria,P0777,106,304
Restored/lyria__P0806__b12.png,Restored,lyria,P0806,125,298
Restored/lyria__P0581__b5.png,Restored,lyria,P0581,255,361
Restored/lyria__P0177__b1.png,Restored,lyria,P0177,125,352
Restored/lyria__P0665__b3.png,Restored,lyria,P0665,102,290
Restored/lyria__P0164__b6.png,Restored,lyria,P0164,127,320
Restored/lyria__P0023__b1.png,Restored,lyria,P0023,92,277
Restored/lyria__P0710__b6.png,Restored,lyria,P0710,339,381
Restored/lyria__P0745__b6.png,Restored,lyria,P0745,298,385
Restored/lyria__P0486__b2.png,Restored,lyria,P0486,291,364
Restored/lyria__P0473__b1.png,Restored,lyria,P0473,141,307
Restored/lyria__P0354__b6.png,Restored,lyria,P0354,121,309
Restored/lyria__P0668__b2.png,Restored,lyria,P0668,85,242
Restored/lyria__P0146__b0.png,Restored,lyria,P0146,100,300
Restored/lyria__P0732__b3.png,Restored,lyria,P0732,172,339
Restored/lyria__P0736__b12.png,Restored,lyria,P0736,107,305
Restored/lyria__P0331__b6.png,Restored,lyria,P0331,109,283
Restored/lyria__P0205__b13.png,Restored,lyria,P0205,215,316
Restored/lyria__P0553__b13.png,Restored,lyria,P0553,154,275
Restored/lyria__P0226__b3.png,Restored,lyria,P0226,90,313
Restored/lyria__P0385__b5.png,Restored,lyria,P0385,262,361
Restored/lyria__P0662__b1.png,Restored,lyria,P0662,221,336
Restored/lyria__P0073__b1.png,Restored,lyria,P0073,96,327
Restored/lyria__P0199__b1.png,Restored,lyria,P0199,173,281
Restored/lyria__P0533__b11.png,Restored,lyria,P0533,280,353
Restored/lyria__P0757__b0.png,Restored,lyria,P0757,94,281
Restored/lyria__P0432__b1.png,Restored,lyria,P0432,96,275
Restored/lyria__P0286__b4.png,Restored,lyria,P0286,140,278
Restored/lyria__P0521__b14.png,Restored,lyria,P0521,328,312
Restored/lyria__P0342__b2.png,Restored,lyria,P0342,115,290
Restored/lyria__P0424__b7.png,Restored,lyria,P0424,89,330
Restored/lyria__P0450__b7.png,Restored,lyria,P0450,192,354
Restored/lyria__P0463__b0.png,Restored,lyria,P0463,238,356
Restored/lyria__P0220__b1.png,Restored,lyria,P0220,225,334
Restored/lyria__P0021__b3.png,Restored,lyria,P0021,75,268
Restored/lyria__P0695__b3.png,Restored,lyria,P0695,92,313
Restored/lyria__P0318__b0.png,Restored,lyria,P0318,333,380
Restored/lyria__P0642__b1.png,Restored,lyria,P0642,321,349
Restored/lyria__P0413__b0.png,Restored,lyria,P0413,173,306
Restored/lyria__P0573__b13.png,Restored,lyria,P0573,308,293
Restored/lyria__P0579__b1.png,Restored,lyria,P0579,197,325
Restored/lyria__P0027__b3.png,Restored,lyria,P0027,91,296
Restored/lyria__P0437__b1.png,Restored,lyria,P0437,150,342
Restored/lyria__P0515__b0.png,Restored,lyria,P0515,302,364
Restored/lyria__P0273__b1.png,Restored,lyria,P0273,203,322
Restored/lyria__P0328__b4.png,Restored,lyria,P0328,125,345
Restored/lyria__P0057__b4.png,Restored,lyria,P0057,150,275
Restored/lyria__P0264__b0.png,Restored,lyria,P0264,257,356
Restored/lyria__P0041__b4.png,Restored,lyria,P0041,117,237
Restored/lyria__P0067__b13.png,Restored,lyria,P0067,103,305
Restored/lyria__P0664__b8.png,Restored,lyria,P0664,96,248
Restored/lyria__P0280__b2.png,Restored,lyria,P0280,94,292
Restored/lyria__P0574__b9.png,Restored,lyria,P0574,332,368
Restored/lyria__P0435__b6.png,Restored,lyria,P0435,123,353
Restored/lyria__P0051__b5.png,Restored,lyria,P0051,187,338
Restored/lyria__P0352__b11.png,Restored,lyria,P0352,231,313
Restored/lyria__P0787__b1.png,Restored,lyria,P0787,113,311
Restored/lyria__P0685__b9.png,Restored,lyria,P0685,143,273
Restored/lyria__P0602__b5.png,Restored,lyria,P0602,259,334
Restored/lyria__P0387__b2.png,Restored,lyria,P0387,104,313
Restored/lyria__P0765__b0.png,Restored,lyria,P0765,168,306
Restored/lyria__P0070__b0.png,Restored,lyria,P0070,107,300
Restored/lyria__P0713__b3.png,Restored,lyria,P0713,99,307
Restored/lyria__P0418__b4.png,Restored,lyria,P0418,156,336
Restored/lyria__P0724__b12.png,Restored,lyria,P0724,274,322
Restored/lyria__P0091__b1.png,Restored,lyria,P0091,125,313
Restored/lyria__P0123__b8.png,Restored,lyria,P0123,119,185
Restored/lyria__P0235__b1.png,Restored,lyria,P0235,132,325
Restored/lyria__P0096__b0.png,Restored,lyria,P0096,121,227
Restored/lyria__P0228__b0.png,Restored,lyria,P0228,142,336
Restored/lyria__P0480__b4.png,Restored,lyria,P0480,267,357
Restored/lyria__P0142__b7.png,Restored,lyria,P0142,311,253
Restored/lyria__P0015__b0.png,Restored,lyria,P0015,117,311
Restored/lyria__P0256__b7.png,Restored,lyria,P0256,377,339
Restored/lyria__P0681__b7.png,Restored,lyria,P0681,276,330
Restored/lyria__P0020__b0.png,Restored,lyria,P0020,246,331
Restored/lyria__P0774__b5.png,Restored,lyria,P0774,238,305
Restored/lyria__P0407__b3.png,Restored,lyria,P0407,107,322
Restored/lyria__P0108__b5.png,Restored,lyria,P0108,169,331
Restored/lyria__P0601__b9.png,Restored,lyria,P0601,280,370
Restored/lyria__P0054__b4.png,Restored,lyria,P0054,119,306
Restored/lyria__P0518__b9.png,Restored,lyria,P0518,139,282
Restored/lyria__P0507__b5.png,Restored,lyria,P0507,135,275
Restored/lyria__P0472__b2.png,Restored,lyria,P0472,267,379
Restored/lyria__P0059__b2.png,Restored,lyria,P0059,105,335
Restored/lyria__P0556__b5.png,Restored,lyria,P0556,129,336
Restored/lyria__P0670__b5.png,Restored,lyria,P0670,304,312
Restored/lyria__P0003__b5.png,Restored,lyria,P0003,291,336
Restored/lyria__P0045__b1.png,Restored,lyria,P0045,88,250
Restored/lyria__P0175__b0.png,Restored,lyria,P0175,234,320
Restored/lyria__P0406__b12.png,Restored,lyria,P0406,56,252
Restored/lyria__P0004__b3.png,Restored,lyria,P0004,98,320
Restored/lyria__P0565__b4.png,Restored,lyria,P0565,321,313
Restored/lyria__P0627__b7.png,Restored,lyria,P0627,89,290
Restored/lyria__P0304__b9.png,Restored,lyria,P0304,107,294
Restored/lyria__P0014__b3.png,Restored,lyria,P0014,75,274
Restored/lyria__P0167__b3.png,Restored,lyria,P0167,209,356
Restored/lyria__P0721__b1.png,Restored,lyria,P0721,228,328
Restored/lyria__P0636__b1.png,Restored,lyria,P0636,114,294
Restored/lyria__P0508__b2.png,Restored,lyria,P0508,228,318
Restored/lyria__P0485__b4.png,Restored,lyria,P0485,288,346
Restored/lyria__P0807__b7.png,Restored,lyria,P0807,270,333
Restored/lyria__P0696__b0.png,Restored,lyria,P0696,146,286
Restored/lyria__P0193__b4.png,Restored,lyria,P0193,138,302
Restored/lyria__P0733__b0.png,Restored,lyria,P0733,346,340
Restored/lyria__P0548__b2.png,Restored,lyria,P0548,73,302
Restored/lyria__P0339__b0.png,Restored,lyria,P0339,150,305
Restored/lyria__P0007__b10.png,Restored,lyria,P0007,273,326
Restored/lyria__P0470__b4.png,Restored,lyria,P0470,275,365
Restored/lyria__P0647__b5.png,Restored,lyria,P0647,94,292
Restored/lyria__P0461__b0.png,Restored,lyria,P0461,73,263
Restored/lyria__P0368__b5.png,Restored,lyria,P0368,150,284
Restored/lyria__P0798__b6.png,Restored,lyria,P0798,98,346
Restored/lyria__P0558__b2.png,Restored,lyria,P0558,110,327
Restored/lyria__P0048__b2.png,Restored,lyria,P0048,102,267
Restored/lyria__P0547__b1.png,Restored,lyria,P0547,90,305
Restored/lyria__P0800__b4.png,Restored,lyria,P0800,123,319
Restored/lyria__P0245__b3.png,Restored,lyria,P0245,98,348
Restored/lyria__P0006__b7.png,Restored,lyria,P0006,188,301
Restored/lyria__P0229__b3.png,Restored,lyria,P0229,96,302
Restored/lyria__P0372__b3.png,Restored,lyria,P0372,332,343
Restored/lyria__P0446__b0.png,Restored,lyria,P0446,81,279
Restored/lyria__P0275__b3.png,Restored,lyria,P0275,134,332
Restored/lyria__P0219__b4.png,Restored,lyria,P0219,131,382
Restored/lyria__P0605__b6.png,Restored,lyria,P0605,109,340
Restored/lyria__P0291__b4.png,Restored,lyria,P0291,154,308
Restored/lyria__P0066__b4.png,Restored,lyria,P0066,79,248
Restored/lyria__P0705__b6.png,Restored,lyria,P0705,83,284
Restored/lyria__P0107__b6.png,Restored,lyria,P0107,150,336
Restored/lyria__P0260__b1.png,Restored,lyria,P0260,146,303
Restored/lyria__P0502__b0.png,Restored,lyria,P0502,146,284
Restored/lyria__P0563__b8.png,Restored,lyria,P0563,241,340
Restored/lyria__P0130__b1.png,Restored,lyria,P0130,110,286
Restored/lyria__P0307__b6.png,Restored,lyria,P0307,101,331
Restored/lyria__P0539__b2.png,Restored,lyria,P0539,96,303
Restored/lyria__P0399__b1.png,Restored,lyria,P0399,111,297
Restored/lyria__P0769__b3.png,Restored,lyria,P0769,94,300
Restored/lyria__P0591__b1.png,Restored,lyria,P0591,143,280
Restored/lyria__P0704__b6.png,Restored,lyria,P0704,278,351
Restored/lyria__P0173__b6.png,Restored,lyria,P0173,111,325
Restored/lyria__P0202__b10.png,Restored,lyria,P0202,262,372
Restored/lyria__P0178__b2.png,Restored,lyria,P0178,119,342
Restored/lyria__P0478__b4.png,Restored,lyria,P0478,235,316
Restored/lyria__P0522__b3.png,Restored,lyria,P0522,137,333
Restored/lyria__P0077__b1.png,Restored,lyria,P0077,127,340
Restored/lyria__P0017__b8.png,Restored,lyria,P0017,98,273
Restored/lyria__P0652__b9.png,Restored,lyria,P0652,383,344
Restored/lyria__P0659__b2.png,Restored,lyria,P0659,278,319
Restored/lyria__P0744__b15.png,Restored,lyria,P0744,293,363
Restored/lyria__P0516__b3.png,Restored,lyria,P0516,159,256
Restored/lyria__P0296__b5.png,Restored,lyria,P0296,288,377
Restored/lyria__P0489__b1.png,Restored,lyria,P0489,268,377
Restored/lyria__P0011__b10.png,Restored,lyria,P0011,116,219
Restored/lyria__P0083__b6.png,Restored,lyria,P0083,191,337
Restored/lyria__P0281__b2.png,Restored,lyria,P0281,315,379
Restored/lyria__P0217__b10.png,Restored,lyria,P0217,343,400
Restored/lyria__P0430__b0.png,Restored,lyria,P0430,123,317
Restored/lyria__P0445__b0.png,Restored,lyria,P0445,169,300
Restored/lyria__P0760__b3.png,Restored,lyria,P0760,98,301
Restored/lyria__P0250__b0.png,Restored,lyria,P0250,162,309
Restored/lyria__P0284__b5.png,Restored,lyria,P0284,155,315
Restored/lyria__P0026__b6.png,Restored,lyria,P0026,258,304
Restored/lyria__P0628__b3.png,Restored,lyria,P0628,88,288
Restored/lyria__P0262__b16.png,Restored,lyria,P0262,301,350
Restored/lyria__P0316__b11.png,Restored,lyria,P0316,88,261
Restored/lyria__P0369__b2.png,Restored,lyria,P0369,104,323
Restored/lyria__P0329__b1.png,Restored,lyria,P0329,121,355
Restored/lyria__P0122__b0.png,Restored,lyria,P0122,80,141
Restored/lyria__P0005__b8.png,Restored,lyria,P0005,183,263
Restored/lyria__P0155__b0.png,Restored,lyria,P0155,179,320
Restored/lyria__P0706__b2.png,Restored,lyria,P0706,140,293
Restored/lyria__P0778__b0.png,Restored,lyria,P0778,181,309
Restored/lyria__P0118__b3.png,Restored,lyria,P0118,332,369
Restored/lyria__P0032__b9.png,Restored,lyria,P0032,111,269
Restored/lyria__P0698__b6.png,Restored,lyria,P0698,69,263
Restored/lyria__P0530__b3.png,Restored,lyria,P0530,257,303
Restored/lyria__P0271__b3.png,Restored,lyria,P0271,96,317
Restored/lyria__P0148__b7.png,Restored,lyria,P0148,107,310
Restored/lyria__P0421__b0.png,Restored,lyria,P0421,115,327
Restored/lyria__P0718__b4.png,Restored,lyria,P0718,84,332
Restored/lyria__P0279__b3.png,Restored,lyria,P0279,298,380
Restored/lyria__P0655__b0.png,Restored,lyria,P0655,94,340
Restored/lyria__P0103__b6.png,Restored,lyria,P0103,239,343
Restored/lyria__P0071__b1.png,Restored,lyria,P0071,63,250
Restored/lyria__P0434__b5.png,Restored,lyria,P0434,144,336
Restored/lyria__P0384__b5.png,Restored,lyria,P0384,246,348
Restored/lyria__P0181__b2.png,Restored,lyria,P0181,106,330
Restored/lyria__P0288__b7.png,Restored,lyria,P0288,98,328
Restored/lyria__P0462__b2.png,Restored,lyria,P0462,138,327
Restored/lyria__P0632__b3.png,Restored,lyria,P0632,108,298
Restored/lyria__P0308__b3.png,Restored,lyria,P0308,187,409
Restored/lyria__P0404__b0.png,Restored,lyria,P0404,169,304
Restored/lyria__P0119__b14.png,Restored,lyria,P0119,347,379
Restored/lyria__P0244__b12.png,Restored,lyria,P0244,75,306
Restored/lyria__P0735__b11.png,Restored,lyria,P0735,256,357
Restored/lyria__P0063__b3.png,Restored,lyria,P0063,73,265
Restored/lyria__P0080__b0.png,Restored,lyria,P0080,167,305
Restored/lyria__P0350__b0.png,Restored,lyria,P0350,119,288
Restored/lyria__P0363__b1.png,Restored,lyria,P0363,323,397
Restored/lyria__P0576__b2.png,Restored,lyria,P0576,109,325
Restored/lyria__P0221__b4.png,Restored,lyria,P0221,109,294
Restored/lyria__P0509__b1.png,Restored,lyria,P0509,238,314
Restored/lyria__P0650__b1.png,Restored,lyria,P0650,283,312
Restored/lyria__P0298__b4.png,Restored,lyria,P0298,346,347
Restored/lyria__P0157__b0.png,Restored,lyria,P0157,148,284
Restored/lyria__P0370__b8.png,Restored,lyria,P0370,146,301
Restored/lyria__P0805__b7.png,Restored,lyria,P0805,264,305
Restored/lyria__P0417__b5.png,Restored,lyria,P0417,321,363
Restored/lyria__P0176__b7.png,Restored,lyria,P0176,346,344
Restored/lyria__P0233__b7.png,Restored,lyria,P0233,107,334
Restored/lyria__P0510__b1.png,Restored,lyria,P0510,251,314
Restored/lyria__P0673__b0.png,Restored,lyria,P0673,144,288
Restored/lyria__P0206__b8.png,Restored,lyria,P0206,150,275
Restored/lyria__P0617__b5.png,Restored,lyria,P0617,209,325
Restored/lyria__P0465__b1.png,Restored,lyria,P0465,269,380
Restored/lyria__P0290__b3.png,Restored,lyria,P0290,138,358
Restored/lyria__P0110__b2.png,Restored,lyria,P0110,326,343
Restored/lyria__P0657__b0.png,Restored,lyria,P0657,152,298
Restored/lyria__P0654__b13.png,Restored,lyria,P0654,87,325
Restored/lyria__P0557__b8.png,Restored,lyria,P0557,149,322
Restored/lyria__P0043__b4.png,Restored,lyria,P0043,67,277
Restored/lyria__P0666__b0.png,Restored,lyria,P0666,90,376
Restored/lyria__P0232__b12.png,Restored,lyria,P0232,213,332
Restored/lyria__P0009__b1.png,Restored,lyria,P0009,149,260
Restored/lyria__P0325__b1.png,Restored,lyria,P0325,116,307
Restored/lyria__P0697__b1.png,Restored,lyria,P0697,348,359
Restored/lyria__P0341__b2.png,Restored,lyria,P0341,128,379
Restored/lyria__P0326__b0.png,Restored,lyria,P0326,187,344
Restored/lyria__P0537__b3.png,Restored,lyria,P0537,169,307
Restored/lyria__P0230__b10.png,Restored,lyria,P0230,165,323
Restored/lyria__P0265__b2.png,Restored,lyria,P0265,139,318
Restored/lyria__P0033__b3.png,Restored,lyria,P0033,83,273
Restored/lyria__P0678__b10.png,Restored,lyria,P0678,330,354
Restored/lyria__P0200__b11.png,Restored,lyria,P0200,344,394
Restored/lyria__P0116__b1.png,Restored,lyria,P0116,270,329
Restored/lyria__P0414__b3.png,Restored,lyria,P0414,179,336
Restored/lyria__P0570__b2.png,Restored,lyria,P0570,83,311
Restored/lyria__P0716__b2.png,Restored,lyria,P0716,73,306
Restored/lyria__P0568__b3.png,Restored,lyria,P0568,347,326
Restored/lyria__P0390__b0.png,Restored,lyria,P0390,137,290
Restored/lyria__P0391__b2.png,Restored,lyria,P0391,82,290
Restored/lyria__P0191__b4.png,Restored,lyria,P0191,161,299
Restored/lyria__P0306__b0.png,Restored,lyria,P0306,116,325
Restored/lyria__P0520__b2.png,Restored,lyria,P0520,258,350
Restored/lyria__P0058__b0.png,Restored,lyria,P0058,83,327
Restored/lyria__P0707__b3.png,Restored,lyria,P0707,153,267
Restored/lyria__P0241__b3.png,Restored,lyria,P0241,323,360
Restored/lyria__P0622__b1.png,Restored,lyria,P0622,105,314
Restored/lyria__P0683__b8.png,Restored,lyria,P0683,302,320
Restored/lyria__P0692__b4.png,Restored,lyria,P0692,100,297
Restored/lyria__P0519__b1.png,Restored,lyria,P0519,94,333
Restored/lyria__P0534__b0.png,Restored,lyria,P0534,125,284
Restored/lyria__P0366__b9.png,Restored,lyria,P0366,256,345
Restored/lyria__P0138__b0.png,Restored,lyria,P0138,229,362
Restored/lyria__P0402__b2.png,Restored,lyria,P0402,135,323
Restored/lyria__P0467__b0.png,Restored,lyria,P0467,269,358
Restored/lyria__P0619__b0.png,Restored,lyria,P0619,284,348
Restored/lyria__P0042__b1.png,Restored,lyria,P0042,123,257
Restored/lyria__P0394__b0.png,Restored,lyria,P0394,104,330
Restored/lyria__P0411__b2.png,Restored,lyria,P0411,155,292
Restored/lyria__P0524__b1.png,Restored,lyria,P0524,142,350
Restored/lyria__P0460__b2.png,Restored,lyria,P0460,244,378
Restored/lyria__P0295__b0.png,Restored,lyria,P0295,61,313
Restored/lyria__P0336__b3.png,Restored,lyria,P0336,162,288
Restored/lyria__P0544__b1.png,Restored,lyria,P0544,84,263
Restored/lyria__P0075__b0.png,Restored,lyria,P0075,193,295
Restored/lyria__P0065__b0.png,Restored,lyria,P0065,76,310
Restored/lyria__P0454__b3.png,Restored,lyria,P0454,254,313
Restored/lyria__P0441__b7.png,Restored,lyria,P0441,305,335
Restored/lyria__P0192__b5.png,Restored,lyria,P0192,162,291
Restored/lyria__P0409__b1.png,Restored,lyria,P0409,155,338
Restored/lyria__P0667__b1.png,Restored,lyria,P0667,62,234
Restored/lyria__P0139__b5.png,Restored,lyria,P0139,99,288
Restored/lyria__P0715__b12.png,Restored,lyria,P0715,328,301
Restored/lyria__P0616__b0.png,Restored,lyria,P0616,131,356
Restored/lyria__P0767__b1.png,Restored,lyria,P0767,172,330
Restored/lyria__P0513__b0.png,Restored,lyria,P0513,84,342
Restored/lyria__P0738__b0.png,Restored,lyria,P0738,98,326
Restored/lyria__P0687__b6.png,Restored,lyria,P0687,123,161
Restored/lyria__P0104__b4.png,Restored,lyria,P0104,114,242
Restored/lyria__P0405__b4.png,Restored,lyria,P0405,261,361
Restored/lyria__P0249__b7.png,Restored,lyria,P0249,152,327
Restored/lyria__P0615__b10.png,Restored,lyria,P0615,102,280
Restored/lyria__P0093__b6.png,Restored,lyria,P0093,158,327
Restored/lyria__P0580__b11.png,Restored,lyria,P0580,157,290
Restored/lyria__P0124__b7.png,Restored,lyria,P0124,277,334
Restored/lyria__P0253__b0.png,Restored,lyria,P0253,152,305
Restored/lyria__P0215__b3.png,Restored,lyria,P0215,138,332
Restored/lyria__P0770__b2.png,Restored,lyria,P0770,81,286
Restored/lyria__P0343__b7.png,Restored,lyria,P0343,117,323
Restored/lyria__P0185__b5.png,Restored,lyria,P0185,270,360
Restored/lyria__P0353__b13.png,Restored,lyria,P0353,332,372
Restored/lyria__P0074__b0.png,Restored,lyria,P0074,157,287
Restored/lyria__P0731__b1.png,Restored,lyria,P0731,121,162
Restored/lyria__P0283__b4.png,Restored,lyria,P0283,131,326
Restored/lyria__P0771__b1.png,Restored,lyria,P0771,169,327
Restored/lyria__P0285__b3.png,Restored,lyria,P0285,92,296
Restored/lyria__P0159__b0.png,Restored,lyria,P0159,167,321
Restored/lyria__P0408__b5.png,Restored,lyria,P0408,137,273
Restored/lyria__P0419__b4.png,Restored,lyria,P0419,222,301
Restored/lyria__P0536__b2.png,Restored,lyria,P0536,84,325
Restored/lyria__P0646__b4.png,Restored,lyria,P0646,202,263
Restored/lyria__P0630__b3.png,Restored,lyria,P0630,123,342
Restored/lyria__P0001__b0.png,Restored,lyria,P0001,161,289
Restored/lyria__P0567__b9.png,Restored,lyria,P0567,339,359
Restored/lyria__P0238__b5.png,Restored,lyria,P0238,190,357
Restored/lyria__P0442__b11.png,Restored,lyria,P0442,218,388
Restored/lyria__P0375__b1.png,Restored,lyria,P0375,108,344
Restored/lyria__P0531__b5.png,Restored,lyria,P0531,104,298
Restored/lyria__P0684__b1.png,Restored,lyria,P0684,75,298
Restored/lyria__P0686__b11.png,Restored,lyria,P0686,277,285
Restored/lyria__P0682__b6.png,Restored,lyria,P0682,257,338
Restored/lyria__P0785__b3.png,Restored,lyria,P0785,163,300
Restored/lyria__P0737__b0.png,Restored,lyria,P0737,184,311
Restored/lyria__P0338__b2.png,Restored,lyria,P0338,111,323
Restored/lyria__P0810__b4.png,Restored,lyria,P0810,96,277
Restored/lyria__P0487__b0.png,Restored,lyria,P0487,272,363
Restored/lyria__P0036__b12.png,Restored,lyria,P0036,146,296
Restored/lyria__P0420__b2.png,Restored,lyria,P0420,156,287
Restored/lyria__P0209__b8.png,Restored,lyria,P0209,106,330
Restored/lyria__P0782__b5.png,Restored,lyria,P0782,277,339
Restored/lyria__P0351__b1.png,Restored,lyria,P0351,100,300
Restored/lyria__P0410__b9.png,Restored,lyria,P0410,263,337
Restored/lyria__P0365__b1.png,Restored,lyria,P0365,365,425
Restored/lyria__P0700__b5.png,Restored,lyria,P0700,84,281
Restored/lyria__P0303__b1.png,Restored,lyria,P0303,101,273
Restored/lyria__P0101__b1.png,Restored,lyria,P0101,106,375
Restored/lyria__P0309__b5.png,Restored,lyria,P0309,101,329
Restored/lyria__P0623__b0.png,Restored,lyria,P0623,79,315
Restored/lyria__P0786__b4.png,Restored,lyria,P0786,83,304
Restored/lyria__P0313__b10.png,Restored,lyria,P0313,90,332
Restored/lyria__P0796__b1.png,Restored,lyria,P0796,248,326
Restored/lyria__P0607__b2.png,Restored,lyria,P0607,140,290
Restored/lyria__P0251__b15.png,Restored,lyria,P0251,156,322
Restored/lyria__P0269__b0.png,Restored,lyria,P0269,303,232
Restored/lyria__P0088__b11.png,Restored,lyria,P0088,160,325
Restored/lyria__P0578__b4.png,Restored,lyria,P0578,176,281
Restored/lyria__P0588__b13.png,Restored,lyria,P0588,94,329
Restored/lyria__P0212__b8.png,Restored,lyria,P0212,127,319
Restored/lyria__P0305__b6.png,Restored,lyria,P0305,346,367
Restored/lyria__P0002__b0.png,Restored,lyria,P0002,140,248
Restored/lyria__P0734__b6.png,Restored,lyria,P0734,125,277
Restored/lyria__P0717__b4.png,Restored,lyria,P0717,140,257
Restored/lyria__P0330__b2.png,Restored,lyria,P0330,297,395
Restored/lyria__P0688__b5.png,Restored,lyria,P0688,278,342
Restored/lyria__P0561__b7.png,Restored,lyria,P0561,375,388
Restored/lyria__P0094__b17.png,Restored,lyria,P0094,73,236
Restored/lyria__P0739__b0.png,Restored,lyria,P0739,87,274
Restored/lyria__P0102__b10.png,Restored,lyria,P0102,119,288
Restored/lyria__P0254__b6.png,Restored,lyria,P0254,371,368
Restored/lyria__P0374__b7.png,Restored,lyria,P0374,167,313
Restored/lyria__P0492__b1.png,Restored,lyria,P0492,221,354
Restored/lyria__P0040__b1.png,Restored,lyria,P0040,139,203
Restored/lyria__P0431__b3.png,Restored,lyria,P0431,230,372
Restored/lyria__P0166__b10.png,Restored,lyria,P0166,321,340
Restored/lyria__P0590__b3.png,Restored,lyria,P0590,195,326
Restored/lyria__P0512__b0.png,Restored,lyria,P0512,92,321
Restored/lyria__P0310__b6.png,Restored,lyria,P0310,156,302
Restored/lyria__P0560__b8.png,Restored,lyria,P0560,100,278
Restored/lyria__P0756__b0.png,Restored,lyria,P0756,100,277
Restored/lyria__P0282__b1.png,Restored,lyria,P0282,115,332
Restored/lyria__P0207__b5.png,Restored,lyria,P0207,201,367
Restored/lyria__P0476__b4.png,Restored,lyria,P0476,143,261
Restored/lyria__P0315__b0.png,Restored,lyria,P0315,94,373
Restored/lyria__P0701__b0.png,Restored,lyria,P0701,87,371
Restored/lyria__P0403__b7.png,Restored,lyria,P0403,337,388
Restored/lyria__P0373__b2.png,Restored,lyria,P0373,90,356
Restored/lyria__P0809__b5.png,Restored,lyria,P0809,237,318
Restored/lyria__P0198__b2.png,Restored,lyria,P0198,93,321
Restored/lyria__P0121__b3.png,Restored,lyria,P0121,47,179
Restored/lyria__P0599__b0.png,Restored,lyria,P0599,81,244
Restored/lyria__P0323__b1.png,Restored,lyria,P0323,316,393
Restored/lyria__P0234__b5.png,Restored,lyria,P0234,85,292
Restored/lyria__P0100__b11.png,Restored,lyria,P0100,354,393
Restored/lyria__P0449__b0.png,Restored,lyria,P0449,331,393
Restored/lyria__P0572__b9.png,Restored,lyria,P0572,306,332
Restored/lyria__P0597__b0.png,Restored,lyria,P0597,225,313
Restored/lyria__P0804__b2.png,Restored,lyria,P0804,77,319
Restored/lyria__P0643__b0.png,Restored,lyria,P0643,96,280
Restored/lyria__P0364__b5.png,Restored,lyria,P0364,92,283
Restored/lyria__P0293__b0.png,Restored,lyria,P0293,342,377
Restored/lyria__P0747__b0.png,Restored,lyria,P0747,119,352
Restored/lyria__P0381__b2.png,Restored,lyria,P0381,92,384
Restored/lyria__P0592__b4.png,Restored,lyria,P0592,128,320
Restored/lyria__P0639__b2.png,Restored,lyria,P0639,226,305
Restored/lyria__P0776__b9.png,Restored,lyria,P0776,98,299
Restored/lyria__P0638__b2.png,Restored,lyria,P0638,121,305
Restored/lyria__P0266__b9.png,Restored,lyria,P0266,87,280
Restored/lyria__P0714__b15.png,Restored,lyria,P0714,275,338
Restored/lyria__P0347__b7.png,Restored,lyria,P0347,166,339
Restored/lyria__P0125__b1.png,Restored,lyria,P0125,108,298
Restored/lyria__P0239__b6.png,Restored,lyria,P0239,358,382
Restored/lyria__P0797__b9.png,Restored,lyria,P0797,91,273
Restored/lyria__P0172__b0.png,Restored,lyria,P0172,219,370
Restored/lyria__P0248__b2.png,Restored,lyria,P0248,86,248
Restored/lyria__P0272__b11.png,Restored,lyria,P0272,150,280
Restored/lyria__P0755__b3.png,Restored,lyria,P0755,255,335
Restored/lyria__P0538__b3.png,Restored,lyria,P0538,92,315
Restored/lyria__P0186__b11.png,Restored,lyria,P0186,343,388
Restored/lyria__P0154__b3.png,Restored,lyria,P0154,98,311
Restored/lyria__P0645__b4.png,Restored,lyria,P0645,137,256
Restored/lyria__P0691__b9.png,Restored,lyria,P0691,128,305
Restored/lyria__P0196__b8.png,Restored,lyria,P0196,119,269
Restored/lyria__P0575__b4.png,Restored,lyria,P0575,125,290
Restored/lyria__P0727__b0.png,Restored,lyria,P0727,88,315
Restored/lyria__P0317__b4.png,Restored,lyria,P0317,315,343
Restored/lyria__P0675__b12.png,Restored,lyria,P0675,246,352
Restored/lyria__P0292__b6.png,Restored,lyria,P0292,179,307
Restored/lyria__P0793__b2.png,Restored,lyria,P0793,100,304
Restored/lyria__P0790__b3.png,Restored,lyria,P0790,321,329
Restored/lyria__P0464__b6.png,Restored,lyria,P0464,224,349
Restored/lyria__P0514__b0.png,Restored,lyria,P0514,226,294
Restored/lyria__P0044__b0.png,Restored,lyria,P0044,117,287
Restored/lyria__P0726__b1.png,Restored,lyria,P0726,117,290
Restored/lyria__P0751__b5.png,Restored,lyria,P0751,117,221
Restored/lyria__P0194__b5.png,Restored,lyria,P0194,117,309
Restored/lyria__P0598__b1.png,Restored,lyria,P0598,90,332
Restored/lyria__P0152__b9.png,Restored,lyria,P0152,90,290
Restored/lyria__P0554__b4.png,Restored,lyria,P0554,107,298
Restored/lyria__P0674__b0.png,Restored,lyria,P0674,150,331
Restored/lyria__P0085__b5.png,Restored,lyria,P0085,347,349
Restored/lyria__P0047__b0.png,Restored,lyria,P0047,104,298
Restored/lyria__P0068__b3.png,Restored,lyria,P0068,101,290
Restored/lyria__P0216__b1.png,Restored,lyria,P0216,146,301
Restored/lyria__P0799__b1.png,Restored,lyria,P0799,83,342
Restored/lyria__P0763__b4.png,Restored,lyria,P0763,78,288
Restored/lyria__P0644__b0.png,Restored,lyria,P0644,173,311
Restored/lyria__P0161__b10.png,Restored,lyria,P0161,323,409
Restored/lyria__P0135__b5.png,Restored,lyria,P0135,109,331
Restored/lyria__P0589__b0.png,Restored,lyria,P0589,331,382
Restored/lyria__P0345__b2.png,Restored,lyria,P0345,230,346
Restored/lyria__P0028__b4.png,Restored,lyria,P0028,288,336
Restored/lyria__P0603__b11.png,Restored,lyria,P0603,98,347
Restored/lyria__P0762__b5.png,Restored,lyria,P0762,134,282
Restored/lyria__P0179__b9.png,Restored,lyria,P0179,296,407
Restored/lyria__P0056__b0.png,Restored,lyria,P0056,276,341
Restored/lyria__P0802__b7.png,Restored,lyria,P0802,91,241
Restored/lyria__P0150__b1.png,Restored,lyria,P0150,193,338
Restored/lyria__P0475__b2.png,Restored,lyria,P0475,131,254
Restored/lyria__P0783__b10.png,Restored,lyria,P0783,69,292
Restored/lyria__P0723__b5.png,Restored,lyria,P0723,94,300
Restored/lyria__P0618__b1.png,Restored,lyria,P0618,94,271
Restored/lyria__P0801__b0.png,Restored,lyria,P0801,109,286
Restored/lyria__P0022__b1.png,Restored,lyria,P0022,110,308
Restored/lyria__P0034__b3.png,Restored,lyria,P0034,285,326
Restored/lyria__P0808__b2.png,Restored,lyria,P0808,182,285
Restored/lyria__P0453__b1.png,Restored,lyria,P0453,286,354
Restored/lyria__P0528__b3.png,Restored,lyria,P0528,98,236
Restored/lyria__P0213__b7.png,Restored,lyria,P0213,133,306
Restored/lyria__P0289__b14.png,Restored,lyria,P0289,135,313
Restored/lyria__P0337__b0.png,Restored,lyria,P0337,171,315
Restored/lyria__P0324__b4.png,Restored,lyria,P0324,240,377
Restored/lyria__P0779__b3.png,Restored,lyria,P0779,90,310
Restored/lyria__P0076__b0.png,Restored,lyria,P0076,167,282
Restored/lyria__P0481__b4.png,Restored,lyria,P0481,269,311
Restored/lyria__P0709__b4.png,Restored,lyria,P0709,110,259
Restored/lyria__P0712__b9.png,Restored,lyria,P0712,143,290
Restored/lyria__P0187__b8.png,Restored,lyria,P0187,241,344
Restored/lyria__P0141__b1.png,Restored,lyria,P0141,190,280
Restored/lyria__P0349__b4.png,Restored,lyria,P0349,271,329
Restored/lyria__P0222__b12.png,Restored,lyria,P0222,86,322
Restored/lyria__P0084__b17.png,Restored,lyria,P0084,162,299
Restored/lyria__P0566__b3.png,Restored,lyria,P0566,138,311
Restored/lyria__P0379__b9.png,Restored,lyria,P0379,305,353
Restored/lyria__P0252__b3.png,Restored,lyria,P0252,129,320
Restored/lyria__P0631__b2.png,Restored,lyria,P0631,77,298
Restored/lyria__P0577__b7.png,Restored,lyria,P0577,105,281
Restored/lyria__P0218__b4.png,Restored,lyria,P0218,121,296
Restored/lyria__P0151__b3.png,Restored,lyria,P0151,163,376
Restored/lyria__P0210__b3.png,Restored,lyria,P0210,117,338
Restored/lyria__P0335__b1.png,Restored,lyria,P0335,90,298
Restored/lyria__P0268__b5.png,Restored,lyria,P0268,106,345
Restored/lyria__P0263__b6.png,Restored,lyria,P0263,86,296
Restored/lyria__P0276__b0.png,Restored,lyria,P0276,231,297
Restored/lyria__P0653__b1.png,Restored,lyria,P0653,236,284
Restored/lyria__P0114__b6.png,Restored,lyria,P0114,306,381
Restored/lyria__P0635__b8.png,Restored,lyria,P0635,94,319
Restored/lyria__P0543__b0.png,Restored,lyria,P0543,158,286
Restored/lyria__P0136__b4.png,Restored,lyria,P0136,296,345
Restored/lyria__P0426__b5.png,Restored,lyria,P0426,284,347
Restored/lyria__P0359__b2.png,Restored,lyria,P0359,116,409
Restored/lyria__P0242__b0.png,Restored,lyria,P0242,90,365
Restored/lyria__P0061__b1.png,Restored,lyria,P0061,96,375
Restored/lyria__P0633__b5.png,Restored,lyria,P0633,138,311
Restored/lyria__P0582__b8.png,Restored,lyria,P0582,88,297
Restored/lyria__P0113__b1.png,Restored,lyria,P0113,289,354
Restored/lyria__P0555__b5.png,Restored,lyria,P0555,123,283
Restored/lyria__P0019__b12.png,Restored,lyria,P0019,69,317
Restored/lyria__P0197__b2.png,Restored,lyria,P0197,368,387
Restored/lyria__P0637__b7.png,Restored,lyria,P0637,105,327
Restored/lyria__P0169__b7.png,Restored,lyria,P0169,171,313
Restored/lyria__P0195__b3.png,Restored,lyria,P0195,182,332
Restored/lyria__P0761__b6.png,Restored,lyria,P0761,140,325
Restored/lyria__P0604__b0.png,Restored,lyria,P0604,119,275
Restored/lyria__P0294__b4.png,Restored,lyria,P0294,248,373
Restored/lyria__P0626__b14.png,Restored,lyria,P0626,206,328
Restored/lyria__P0156__b0.png,Restored,lyria,P0156,192,325
Restored/lyria__P0676__b0.png,Restored,lyria,P0676,125,313
Restored/lyria__P0552__b5.png,Restored,lyria,P0552,61,265
Restored/lyria__P0082__b2.png,Restored,lyria,P0082,73,254
Restored/lyria__P0131__b8.png,Restored,lyria,P0131,90,351
Restored/lyria__P0039__b3.png,Restored,lyria,P0039,209,336
Restored/lyria__P0358__b18.png,Restored,lyria,P0358,88,288
Restored/lyria__P0170__b6.png,Restored,lyria,P0170,154,321
Restored/lyria__P0184__b8.png,Restored,lyria,P0184,109,309
Restored/lyria__P0584__b10.png,Restored,lyria,P0584,157,322
Restored/lyria__P0422__b5.png,Restored,lyria,P0422,98,325
Restored/lyria__P0247__b7.png,Restored,lyria,P0247,77,311
Restored/lyria__P0748__b6.png,Restored,lyria,P0748,199,333
Restored/lyria__P0362__b0.png,Restored,lyria,P0362,160,292
Restored/lyria__P0427__b0.png,Restored,lyria,P0427,132,307
Restored/lyria__P0640__b4.png,Restored,lyria,P0640,252,360
Restored/lyria__P0129__b0.png,Restored,lyria,P0129,107,344
Restored/lyria__P0527__b15.png,Restored,lyria,P0527,89,288
Restored/lyria__P0346__b6.png,Restored,lyria,P0346,100,311
Restored/lyria__P0764__b1.png,Restored,lyria,P0764,75,326
Restored/lyria__P0168__b6.png,Restored,lyria,P0168,100,283
Restored/lyria__P0569__b6.png,Restored,lyria,P0569,218,266
Restored/lyria__P0471__b3.png,Restored,lyria,P0471,268,353
Restored/lyria__P0287__b1.png,Restored,lyria,P0287,100,346
Restored/lyria__P0079__b0.png,Restored,lyria,P0079,160,300
Restored/lyria__P0501__b1.png,Restored,lyria,P0501,141,332
Restored/lyria__P0224__b11.png,Restored,lyria,P0224,281,308
Restored/lyria__P0052__b0.png,Restored,lyria,P0052,157,240
Restored/lyria__P0327__b0.png,Restored,lyria,P0327,142,296
Restored/lyria__P0455__b5.png,Restored,lyria,P0455,263,349
Restored/lyria__P0046__b5.png,Restored,lyria,P0046,107,338
Restored/lyria__P0612__b2.png,Restored,lyria,P0612,96,294
Restored/lyria__P0356__b3.png,Restored,lyria,P0356,326,378
Restored/lyria__P0377__b7.png,Restored,lyria,P0377,290,350
Restored/lyria__P0160__b10.png,Restored,lyria,P0160,263,352
Restored/lyria__P0596__b7.png,Restored,lyria,P0596,340,351
Restored/lyria__P0669__b1.png,Restored,lyria,P0669,308,372
Restored/lyria__P0545__b3.png,Restored,lyria,P0545,83,357
Restored/lyria__P0099__b6.png,Restored,lyria,P0099,344,330
Restored/lyria__P0641__b14.png,Restored,lyria,P0641,210,303
Restored/lyria__P0188__b2.png,Restored,lyria,P0188,154,260
Restored/lyria__P0255__b3.png,Restored,lyria,P0255,222,330
Restored/lyria__P0728__b0.png,Restored,lyria,P0728,121,323
Restored/lyria__P0120__b2.png,Restored,lyria,P0120,56,150
Restored/lyria__P0089__b5.png,Restored,lyria,P0089,264,357
Restored/lyria__P0060__b0.png,Restored,lyria,P0060,160,323
Restored/lyria__P0211__b9.png,Restored,lyria,P0211,102,280
Restored/lyria__P0163__b0.png,Restored,lyria,P0163,275,336
Restored/lyria__P0525__b3.png,Restored,lyria,P0525,111,323
Restored/lyria__P0348__b14.png,Restored,lyria,P0348,287,361
Restored/lyria__P0663__b2.png,Restored,lyria,P0663,286,325
Restored/lyria__P0546__b5.png,Restored,lyria,P0546,166,291
Restored/lyria__P0583__b3.png,Restored,lyria,P0583,70,257
Restored/lyria__P0190__b0.png,Restored,lyria,P0190,268,388
Restored/lyria__P0523__b6.png,Restored,lyria,P0523,357,294
Restored/lyria__P0270__b4.png,Restored,lyria,P0270,116,354
Restored/lyria__P0749__b0.png,Restored,lyria,P0749,87,342
Restored/lyria__P0651__b4.png,Restored,lyria,P0651,156,277
Restored/lyria__P0711__b0.png,Restored,lyria,P0711,90,349
Restored/lyria__P0725__b5.png,Restored,lyria,P0725,262,336
Restored/lyria__P0459__b2.png,Restored,lyria,P0459,282,377
Restored/lyria__P0448__b0.png,Restored,lyria,P0448,258,349
Restored/lyria__P0297__b10.png,Restored,lyria,P0297,167,336
Restored/lyria__P0231__b1.png,Restored,lyria,P0231,109,402
Restored/lyria__P0380__b0.png,Restored,lyria,P0380,197,303
Restored/lyria__P0049__b10.png,Restored,lyria,P0049,94,282
Restored/lyria__P0401__b9.png,Restored,lyria,P0401,337,344
Restored/lyria__P0649__b2.png,Restored,lyria,P0649,85,297
Restored/lyria__P0794__b2.png,Restored,lyria,P0794,112,303
Restored/lyria__P0227__b8.png,Restored,lyria,P0227,197,307
Restored/lyria__P0586__b5.png,Restored,lyria,P0586,265,340
Restored/lyria__P0106__b3.png,Restored,lyria,P0106,319,391
Restored/lyria__P0109__b11.png,Restored,lyria,P0109,94,384
Restored/lyria__P0766__b6.png,Restored,lyria,P0766,210,273
Restored/lyria__P0436__b4.png,Restored,lyria,P0436,367,383
Restored/lyria__P0062__b9.png,Restored,lyria,P0062,312,343
Restored/lyria__P0277__b0.png,Restored,lyria,P0277,188,273
Restored/lyria__P0378__b2.png,Restored,lyria,P0378,111,288
Restored/lyria__P0741__b4.png,Restored,lyria,P0741,257,358
Restored/lyria__P0182__b1.png,Restored,lyria,P0182,303,371
Restored/lyria__P0791__b1.png,Restored,lyria,P0791,65,254
Restored/lyria__P0072__b12.png,Restored,lyria,P0072,281,310
Restored/lyria__P0680__b1.png,Restored,lyria,P0680,92,235
Restored/lyria__P0322__b0.png,Restored,lyria,P0322,156,290
Restored/lyria__P0559__b3.png,Restored,lyria,P0559,162,285
Restored/lyria__P0792__b4.png,Restored,lyria,P0792,158,225
Restored/lyria__P0278__b0.png,Restored,lyria,P0278,364,398
Restored/lyria__P0398__b7.png,Restored,lyria,P0398,98,333
Restored/lyria__P0053__b0.png,Restored,lyria,P0053,111,324
Restored/lyria__P0246__b4.png,Restored,lyria,P0246,96,342
Restored/lyria__P0321__b6.png,Restored,lyria,P0321,100,354
Restored/lyria__P0600__b2.png,Restored,lyria,P0600,75,228
Restored/lyria__P0702__b11.png,Restored,lyria,P0702,273,345
Restored/lyria__P0564__b5.png,Restored,lyria,P0564,330,374
Restored/lyria__P0332__b4.png,Restored,lyria,P0332,98,329
Restored/lyria__P0361__b7.png,Restored,lyria,P0361,368,327
Restored/lyria__P0050__b10.png,Restored,lyria,P0050,109,317
Restored/lyria__P0562__b6.png,Restored,lyria,P0562,171,329
Restored/lyria__P0423__b2.png,Restored,lyria,P0423,94,315
Restored/lyria__P0752__b3.png,Restored,lyria,P0752,370,343
Restored/lyria__P0775__b1.png,Restored,lyria,P0775,109,255
Restored/lyria__P0443__b10.png,Restored,lyria,P0443,100,323
Restored/lyria__P0334__b5.png,Restored,lyria,P0334,142,296
Restored/lyria__P0389__b1.png,Restored,lyria,P0389,140,311
Restored/lyria__P0008__b13.png,Restored,lyria,P0008,94,293
Restored/lyria__P0498__b1.png,Restored,lyria,P0498,163,277
Restored/lyria__P0111__b0.png,Restored,lyria,P0111,148,223
Restored/lyria__P0208__b0.png,Restored,lyria,P0208,298,327
Restored/lyria__P0753__b6.png,Restored,lyria,P0753,172,293
Restored/lyria__P0648__b16.png,Restored,lyria,P0648,362,410
Restored/lyria__P0595__b4.png,Restored,lyria,P0595,128,260
Restored/lyria__P0029__b1.png,Restored,lyria,P0029,178,330
Restored/lyria__P0620__b10.png,Restored,lyria,P0620,108,344
Restored/lyria__P0703__b0.png,Restored,lyria,P0703,104,283
Restored/lyria__P0784__b21.png,Restored,lyria,P0784,162,324
Restored/lyria__P0425__b5.png,Restored,lyria,P0425,299,348
Restored/lyria__P0634__b2.png,Restored,lyria,P0634,90,240
Restored/lyria__P0781__b14.png,Restored,lyria,P0781,271,315
Restored/lyria__P0550__b3.png,Restored,lyria,P0550,105,246
Restored/lyria__P0098__b4.png,Restored,lyria,P0098,83,317
Restored/lyria__P0214__b15.png,Restored,lyria,P0214,207,365
Restored/lyria__P0393__b9.png,Restored,lyria,P0393,100,298
Restored/lyria__P0267__b3.png,Restored,lyria,P0267,84,310
Restored/lyria__P0115__b1.png,Restored,lyria,P0115,318,371
Restored/lyria__P0743__b5.png,Restored,lyria,P0743,57,239
Restored/lyria__P0171__b3.png,Restored,lyria,P0171,296,354
Restored/lyria__P0319__b1.png,Restored,lyria,P0319,174,265
Restored/lyria__P0133__b2.png,Restored,lyria,P0133,122,367
Restored/lyria__P0140__b3.png,Restored,lyria,P0140,136,331
Restored/lyria__P0025__b3.png,Restored,lyria,P0025,166,288
Restored/lyria__P0064__b3.png,Restored,lyria,P0064,119,336
Restored/lyria__P0624__b1.png,Restored,lyria,P0624,148,294
Restored/lyria__P0274__b7.png,Restored,lyria,P0274,341,391
Restored/lyria__P0720__b0.png,Restored,lyria,P0720,144,238
Restored/lyria__P0204__b3.png,Restored,lyria,P0204,117,330
Restored/lyria__P0625__b9.png,Restored,lyria,P0625,180,300
Restored/lyria__P0438__b2.png,Restored,lyria,P0438,69,302
Restored/lyria__P0613__b7.png,Restored,lyria,P0613,242,341
Restored/lyria__P0661__b1.png,Restored,lyria,P0661,324,353
Restored/lyria__P0013__b2.png,Restored,lyria,P0013,208,308
Restored/lyria__P0535__b0.png,Restored,lyria,P0535,129,296
Restored/lyria__P0440__b8.png,Restored,lyria,P0440,211,336
Restored/lyria__P0355__b0.png,Restored,lyria,P0355,253,333
Restored/lyria__P0240__b1.png,Restored,lyria,P0240,177,342
Restored/lyria__P0416__b7.png,Restored,lyria,P0416,137,307
Restored/lyria__P0610__b5.png,Restored,lyria,P0610,234,335
Restored/lyria__P0038__b1.png,Restored,lyria,P0038,301,353
Restored/lyria__P0754__b1.png,Restored,lyria,P0754,115,302
Restored/lyria__P0494__b4.png,Restored,lyria,P0494,265,387
Restored/lyria__P0750__b3.png,Restored,lyria,P0750,153,294
Restored/lyria__P0611__b5.png,Restored,lyria,P0611,296,345
Restored/lyria__P0078__b1.png,Restored,lyria,P0078,93,295
Restored/lyria__P0174__b0.png,Restored,lyria,P0174,121,290
Restored/lyria__P0092__b2.png,Restored,lyria,P0092,105,315
Restored/lyria__P0201__b3.png,Restored,lyria,P0201,283,385
Restored/lyria__P0730__b1.png,Restored,lyria,P0730,154,334
Restored/lyria__P0126__b11.png,Restored,lyria,P0126,88,305
Restored/lyria__P0037__b6.png,Restored,lyria,P0037,117,256
Restored/lyria__P0371__b3.png,Restored,lyria,P0371,98,313
Restored/lyria__P0395__b3.png,Restored,lyria,P0395,89,302
Restored/lyria__P0772__b1.png,Restored,lyria,P0772,301,326
Restored/lyria__P0758__b8.png,Restored,lyria,P0758,184,328
Restored/lyria__P0451__b2.png,Restored,lyria,P0451,243,367
Restored/lyria__P0656__b1.png,Restored,lyria,P0656,107,252
Restored/lyria__P0030__b0.png,Restored,lyria,P0030,132,299
Restored/lyria__P0357__b6.png,Restored,lyria,P0357,112,306
Restored/lyria__P0086__b0.png,Restored,lyria,P0086,267,343
Restored/lyria__P0236__b1.png,Restored,lyria,P0236,265,360
Restored/lyria__P0788__b2.png,Restored,lyria,P0788,98,373
Restored/lyria__P0360__b2.png,Restored,lyria,P0360,150,319
Restored/lyria__P0746__b6.png,Restored,lyria,P0746,245,312
Restored/lyria__P0382__b3.png,Restored,lyria,P0382,98,327
Restored/lyria__P0162__b1.png,Restored,lyria,P0162,169,328
Restored/lyria__P0183__b4.png,Restored,lyria,P0183,119,374
Restored/lyria__P0699__b5.png,Restored,lyria,P0699,84,298
Restored/lyria__P0474__b3.png,Restored,lyria,P0474,229,329
Restored/lyria__P0243__b3.png,Restored,lyria,P0243,105,304
Restored/lyria__P0780__b4.png,Restored,lyria,P0780,77,267
Restored/lyria__P0149__b3.png,Restored,lyria,P0149,318,372
Restored/lyria__P0768__b5.png,Restored,lyria,P0768,91,317
Restored/lyria__P0679__b6.png,Restored,lyria,P0679,266,328
Restored/lyria__P0344__b2.png,Restored,lyria,P0344,171,309
Restored/lyria__P0311__b2.png,Restored,lyria,P0311,114,292
Restored/lyria__P0016__b1.png,Restored,lyria,P0016,89,204
Restored/lyria__P0551__b10.png,Restored,lyria,P0551,77,307
Restored/lyria__P0571__b9.png,Restored,lyria,P0571,162,305
Restored/lyria__P0606__b5.png,Restored,lyria,P0606,104,298
Restored/lyria__P0137__b1.png,Restored,lyria,P0137,140,313
Restored/lyria__P0400__b10.png,Restored,lyria,P0400,309,328
Restored/lyria__P0433__b1.png,Restored,lyria,P0433,324,265
Restored/lyria__P0018__b5.png,Restored,lyria,P0018,212,363
Restored/lyria__P0105__b1.png,Restored,lyria,P0105,111,324
Restored/lyria__P0203__b1.png,Restored,lyria,P0203,213,306
Restored/lyria__P0312__b2.png,Restored,lyria,P0312,125,340
Restored/lyria__P0189__b8.png,Restored,lyria,P0189,102,321
Restored/lyria__P0759__b3.png,Restored,lyria,P0759,69,294
Restored/lyria__P0439__b4.png,Restored,lyria,P0439,105,301
Restored/lyria__P0024__b4.png,Restored,lyria,P0024,88,351
Restored/lyria__P0165__b2.png,Restored,lyria,P0165,184,334
Restored/lyria__P0677__b1.png,Restored,lyria,P0677,103,317
Restored/lyria__P0593__b4.png,Restored,lyria,P0593,314,344
Restored/lyria__P0376__b1.png,Restored,lyria,P0376,341,385
Restored/lyria__P0301__b0.png,Restored,lyria,P0301,158,292
Restored/lyria__P0386__b10.png,Restored,lyria,P0386,153,327
Restored/lyria__P0608__b1.png,Restored,lyria,P0608,101,292
Restored/lyria__P0145__b5.png,Restored,lyria,P0145,106,292
Restored/lyria__P0223__b0.png,Restored,lyria,P0223,152,300
Restored/lyria__P0708__b1.png,Restored,lyria,P0708,71,294
Restored/lyria__P0415__b11.png,Restored,lyria,P0415,301,327
Restored/lyria__P0081__b9.png,Restored,lyria,P0081,370,333
Restored/lyria__P0740__b3.png,Restored,lyria,P0740,169,286
Restored/lyria__P0719__b0.png,Restored,lyria,P0719,256,349
Restored/lyria__P0010__b3.png,Restored,lyria,P0010,78,238
Restored/lyria__P0483__b4.png,Restored,lyria,P0483,235,318
Restored/lyria__P0773__b0.png,Restored,lyria,P0773,210,347
Restored/lyria__P0694__b0.png,Restored,lyria,P0694,158,279
Restored/lyria__P0112__b2.png,Restored,lyria,P0112,354,325
Restored/lyria__P0012__b4.png,Restored,lyria,P0012,85,347
Restored/lyria__P0689__b9.png,Restored,lyria,P0689,159,296
Restored/lyria__P0529__b1.png,Restored,lyria,P0529,244,302
Restored/lyria__P0609__b12.png,Restored,lyria,P0609,260,279
Restored/lyria__P0259__b1.png,Restored,lyria,P0259,94,307
Restored/lyria__P0540__b3.png,Restored,lyria,P0540,138,282
Restored/lyria__P0158__b9.png,Restored,lyria,P0158,349,402
Restored/lyria__P0153__b7.png,Restored,lyria,P0153,117,338
Restored/lyria__P0777__b6.png,Restored,lyria,P0777,125,280
Restored/lyria__P0806__b1.png,Restored,lyria,P0806,135,285
Restored/lyria__P0581__b1.png,Restored,lyria,P0581,80,313
Restored/lyria__P0177__b2.png,Restored,lyria,P0177,245,313
Restored/lyria__P0665__b12.png,Restored,lyria,P0665,332,343
Restored/lyria__P0164__b8.png,Restored,lyria,P0164,195,330
Restored/lyria__P0023__b0.png,Restored,lyria,P0023,279,281
Restored/lyria__P0710__b2.png,Restored,lyria,P0710,80,323
Restored/lyria__P0745__b0.png,Restored,lyria,P0745,119,301
Restored/lyria__P0486__b1.png,Restored,lyria,P0486,241,345
Restored/lyria__P0473__b0.png,Restored,lyria,P0473,173,277
Restored/lyria__P0354__b10.png,Restored,lyria,P0354,281,339
Restored/lyria__P0668__b0.png,Restored,lyria,P0668,304,361
Restored/lyria__P0146__b5.png,Restored,lyria,P0146,289,369
Restored/lyria__P0732__b6.png,Restored,lyria,P0732,260,358
Restored/lyria__P0736__b15.png,Restored,lyria,P0736,329,358
Restored/lyria__P0331__b10.png,Restored,lyria,P0331,98,290
Restored/lyria__P0205__b8.png,Restored,lyria,P0205,327,346
Restored/lyria__P0553__b9.png,Restored,lyria,P0553,272,358
Restored/lyria__P0226__b5.png,Restored,lyria,P0226,121,336
Restored/lyria__P0385__b1.png,Restored,lyria,P0385,173,317
Restored/lyria__P0662__b2.png,Restored,lyria,P0662,260,344
Restored/lyria__P0073__b0.png,Restored,lyria,P0073,169,317
Restored/lyria__P0199__b3.png,Restored,lyria,P0199,271,345
Restored/lyria__P0533__b12.png,Restored,lyria,P0533,238,348
Restored/lyria__P0757__b3.png,Restored,lyria,P0757,309,267
Restored/lyria__P0432__b2.png,Restored,lyria,P0432,119,278
Restored/lyria__P0286__b0.png,Restored,lyria,P0286,177,298
Restored/lyria__P0521__b15.png,Restored,lyria,P0521,140,252
Restored/lyria__P0342__b3.png,Restored,lyria,P0342,77,332
Restored/lyria__P0424__b0.png,Restored,lyria,P0424,232,365
Restored/lyria__P0450__b2.png,Restored,lyria,P0450,117,317
Restored/lyria__P0220__b4.png,Restored,lyria,P0220,80,319
Restored/lyria__P0021__b5.png,Restored,lyria,P0021,92,312
Restored/lyria__P0695__b9.png,Restored,lyria,P0695,148,292
Restored/lyria__P0642__b0.png,Restored,lyria,P0642,305,338
Restored/lyria__P0413__b5.png,Restored,lyria,P0413,121,308
Restored/lyria__P0573__b6.png,Restored,lyria,P0573,104,287
Restored/lyria__P0579__b0.png,Restored,lyria,P0579,138,286
Restored/lyria__P0027__b5.png,Restored,lyria,P0027,80,315
Restored/lyria__P0437__b3.png,Restored,lyria,P0437,92,338
Restored/lyria__P0273__b3.png,Restored,lyria,P0273,88,358
Restored/lyria__P0328__b2.png,Restored,lyria,P0328,93,323
Restored/lyria__P0057__b0.png,Restored,lyria,P0057,204,309
Restored/lyria__P0264__b1.png,Restored,lyria,P0264,293,357
Restored/lyria__P0041__b0.png,Restored,lyria,P0041,119,245
Restored/lyria__P0067__b4.png,Restored,lyria,P0067,87,263
Restored/lyria__P0664__b3.png,Restored,lyria,P0664,64,292
Restored/lyria__P0280__b0.png,Restored,lyria,P0280,184,275
Restored/lyria__P0574__b2.png,Restored,lyria,P0574,98,361
Restored/lyria__P0435__b4.png,Restored,lyria,P0435,61,332
Restored/lyria__P0051__b1.png,Restored,lyria,P0051,221,303
Restored/lyria__P0352__b10.png,Restored,lyria,P0352,277,325
Restored/lyria__P0787__b0.png,Restored,lyria,P0787,117,301
Restored/lyria__P0685__b12.png,Restored,lyria,P0685,310,294
Restored/lyria__P0602__b3.png,Restored,lyria,P0602,188,303
Restored/lyria__P0387__b3.png,Restored,lyria,P0387,117,325
Restored/lyria__P0765__b1.png,Restored,lyria,P0765,146,331
Restored/lyria__P0713__b8.png,Restored,lyria,P0713,71,256
Restored/lyria__P0418__b6.png,Restored,lyria,P0418,320,368
Restored/lyria__P0724__b7.png,Restored,lyria,P0724,102,244
Restored/lyria__P0091__b7.png,Restored,lyria,P0091,310,398
Restored/lyria__P0123__b6.png,Restored,lyria,P0123,55,150
Restored/lyria__P0235__b2.png,Restored,lyria,P0235,137,298
Restored/lyria__P0096__b9.png,Restored,lyria,P0096,86,266
Restored/lyria__P0228__b2.png,Restored,lyria,P0228,133,331
Restored/lyria__P0480__b1.png,Restored,lyria,P0480,115,296
Restored/lyria__P0142__b9.png,Restored,lyria,P0142,250,343
Restored/lyria__P0256__b6.png,Restored,lyria,P0256,106,328
Restored/lyria__P0681__b3.png,Restored,lyria,P0681,144,244
Restored/lyria__P0774__b3.png,Restored,lyria,P0774,92,292
Restored/lyria__P0407__b0.png,Restored,lyria,P0407,165,345
Restored/lyria__P0108__b8.png,Restored,lyria,P0108,100,344
Restored/lyria__P0601__b1.png,Restored,lyria,P0601,134,339
Restored/lyria__P0054__b2.png,Restored,lyria,P0054,173,319
Restored/lyria__P0518__b7.png,Restored,lyria,P0518,96,295
Restored/lyria__P0507__b7.png,Restored,lyria,P0507,183,288
Restored/lyria__P0472__b1.png,Restored,lyria,P0472,183,372
Restored/lyria__P0059__b6.png,Restored,lyria,P0059,230,390
Restored/lyria__P0556__b9.png,Restored,lyria,P0556,308,353
Restored/lyria__P0670__b3.png,Restored,lyria,P0670,112,275
Restored/lyria__P0003__b1.png,Restored,lyria,P0003,71,282
Restored/lyria__P0045__b3.png,Restored,lyria,P0045,148,269
Restored/lyria__P0175__b2.png,Restored,lyria,P0175,237,346
Restored/lyria__P0406__b4.png,Restored,lyria,P0406,151,357
Restored/lyria__P0004__b9.png,Restored,lyria,P0004,286,348
Restored/lyria__P0565__b0.png,Restored,lyria,P0565,77,303
Restored/lyria__P0627__b10.png,Restored,lyria,P0627,86,262
Restored/lyria__P0304__b8.png,Restored,lyria,P0304,104,313
Restored/lyria__P0014__b4.png,Restored,lyria,P0014,88,344
Restored/lyria__P0167__b13.png,Restored,lyria,P0167,305,349
Restored/lyria__P0721__b0.png,Restored,lyria,P0721,233,335
Restored/lyria__P0636__b2.png,Restored,lyria,P0636,177,321
Restored/lyria__P0508__b3.png,Restored,lyria,P0508,260,313
Restored/lyria__P0485__b0.png,Restored,lyria,P0485,140,288
Restored/lyria__P0807__b1.png,Restored,lyria,P0807,92,330
Restored/lyria__P0696__b3.png,Restored,lyria,P0696,132,300
Restored/lyria__P0193__b3.png,Restored,lyria,P0193,106,291
Restored/lyria__P0548__b7.png,Restored,lyria,P0548,138,269
Restored/lyria__P0007__b8.png,Restored,lyria,P0007,95,284
Restored/lyria__P0470__b0.png,Restored,lyria,P0470,144,304
Restored/lyria__P0647__b4.png,Restored,lyria,P0647,345,347
Restored/lyria__P0368__b0.png,Restored,lyria,P0368,156,328
Restored/lyria__P0798__b15.png,Restored,lyria,P0798,343,350
Restored/lyria__P0558__b0.png,Restored,lyria,P0558,308,396
Restored/lyria__P0048__b1.png,Restored,lyria,P0048,296,345
Restored/lyria__P0547__b11.png,Restored,lyria,P0547,259,324
Restored/lyria__P0800__b11.png,Restored,lyria,P0800,79,348
Restored/lyria__P0245__b0.png,Restored,lyria,P0245,173,318
Restored/lyria__P0006__b3.png,Restored,lyria,P0006,88,280
Restored/lyria__P0229__b8.png,Restored,lyria,P0229,136,302
Restored/lyria__P0372__b1.png,Restored,lyria,P0372,158,349
Restored/lyria__P0446__b2.png,Restored,lyria,P0446,182,321
Restored/lyria__P0275__b9.png,Restored,lyria,P0275,120,324
Restored/lyria__P0219__b6.png,Restored,lyria,P0219,119,330
Restored/lyria__P0605__b1.png,Restored,lyria,P0605,88,292
Restored/lyria__P0291__b0.png,Restored,lyria,P0291,270,351
Restored/lyria__P0066__b7.png,Restored,lyria,P0066,349,332
Restored/lyria__P0705__b5.png,Restored,lyria,P0705,88,292
Restored/lyria__P0107__b15.png,Restored,lyria,P0107,341,345
Restored/lyria__P0260__b8.png,Restored,lyria,P0260,372,342
Restored/lyria__P0563__b10.png,Restored,lyria,P0563,117,350
Restored/lyria__P0130__b4.png,Restored,lyria,P0130,158,301
Restored/lyria__P0307__b0.png,Restored,lyria,P0307,196,278
Restored/lyria__P0539__b0.png,Restored,lyria,P0539,146,261
Restored/lyria__P0399__b0.png,Restored,lyria,P0399,159,349
Restored/lyria__P0769__b9.png,Restored,lyria,P0769,127,311
Restored/lyria__P0591__b5.png,Restored,lyria,P0591,101,300
Restored/lyria__P0704__b1.png,Restored,lyria,P0704,146,313
Restored/lyria__P0173__b4.png,Restored,lyria,P0173,342,345
Restored/lyria__P0202__b1.png,Restored,lyria,P0202,123,296
Restored/lyria__P0178__b11.png,Restored,lyria,P0178,177,371
Restored/lyria__P0478__b2.png,Restored,lyria,P0478,248,344
Restored/lyria__P0522__b1.png,Restored,lyria,P0522,93,324
Restored/lyria__P0077__b2.png,Restored,lyria,P0077,104,360
Restored/lyria__P0017__b1.png,Restored,lyria,P0017,89,360
Restored/lyria__P0652__b4.png,Restored,lyria,P0652,124,300
Restored/lyria__P0659__b1.png,Restored,lyria,P0659,259,322
Restored/lyria__P0744__b2.png,Restored,lyria,P0744,96,309
Restored/lyria__P0516__b2.png,Restored,lyria,P0516,209,307
Restored/lyria__P0296__b2.png,Restored,lyria,P0296,90,314
Restored/lyria__P0489__b4.png,Restored,lyria,P0489,231,364
Restored/lyria__P0011__b15.png,Restored,lyria,P0011,79,267
Restored/lyria__P0083__b9.png,Restored,lyria,P0083,273,377
Restored/lyria__P0281__b8.png,Restored,lyria,P0281,105,322
Restored/lyria__P0217__b4.png,Restored,lyria,P0217,120,321
Restored/lyria__P0430__b1.png,Restored,lyria,P0430,125,325
Restored/lyria__P0445__b2.png,Restored,lyria,P0445,106,297
Restored/lyria__P0760__b1.png,Restored,lyria,P0760,73,255
Restored/lyria__P0284__b0.png,Restored,lyria,P0284,144,282
Restored/lyria__P0026__b0.png,Restored,lyria,P0026,182,252
Restored/lyria__P0628__b7.png,Restored,lyria,P0628,290,350
Restored/lyria__P0262__b3.png,Restored,lyria,P0262,102,338
Restored/lyria__P0316__b13.png,Restored,lyria,P0316,281,380
Restored/lyria__P0369__b4.png,Restored,lyria,P0369,102,338
Restored/lyria__P0329__b0.png,Restored,lyria,P0329,121,290
Restored/lyria__P0122__b1.png,Restored,lyria,P0122,134,170
Restored/lyria__P0005__b14.png,Restored,lyria,P0005,271,300
Restored/lyria__P0155__b1.png,Restored,lyria,P0155,124,317
Restored/lyria__P0706__b1.png,Restored,lyria,P0706,143,314
Restored/lyria__P0778__b4.png,Restored,lyria,P0778,154,329
Restored/lyria__P0118__b2.png,Restored,lyria,P0118,299,352
Restored/lyria__P0032__b4.png,Restored,lyria,P0032,65,302
Restored/lyria__P0698__b8.png,Restored,lyria,P0698,65,275
Restored/lyria__P0530__b8.png,Restored,lyria,P0530,86,310
Restored/lyria__P0271__b7.png,Restored,lyria,P0271,149,282
Restored/lyria__P0148__b3.png,Restored,lyria,P0148,125,376
Restored/lyria__P0421__b3.png,Restored,lyria,P0421,87,355
Restored/lyria__P0718__b5.png,Restored,lyria,P0718,73,299
Restored/lyria__P0279__b8.png,Restored,lyria,P0279,317,405
Restored/lyria__P0655__b5.png,Restored,lyria,P0655,110,284
Restored/lyria__P0103__b4.png,Restored,lyria,P0103,165,292
Restored/lyria__P0071__b0.png,Restored,lyria,P0071,85,304
Restored/lyria__P0434__b2.png,Restored,lyria,P0434,96,325
Restored/lyria__P0384__b11.png,Restored,lyria,P0384,325,348
Restored/lyria__P0181__b1.png,Restored,lyria,P0181,101,321
Restored/lyria__P0288__b4.png,Restored,lyria,P0288,331,398
Restored/lyria__P0462__b0.png,Restored,lyria,P0462,132,309
Restored/lyria__P0632__b11.png,Restored,lyria,P0632,401,390
Restored/lyria__P0308__b2.png,Restored,lyria,P0308,140,425
Restored/lyria__P0404__b11.png,Restored,lyria,P0404,318,331
Restored/lyria__P0119__b7.png,Restored,lyria,P0119,125,319
Restored/lyria__P0244__b1.png,Restored,lyria,P0244,147,313
Restored/lyria__P0735__b15.png,Restored,lyria,P0735,303,335
Restored/lyria__P0063__b1.png,Restored,lyria,P0063,131,302
Restored/lyria__P0080__b1.png,Restored,lyria,P0080,174,303
Restored/lyria__P0350__b1.png,Restored,lyria,P0350,100,313
Restored/lyria__P0363__b0.png,Restored,lyria,P0363,315,366
Restored/lyria__P0576__b1.png,Restored,lyria,P0576,144,296
Restored/lyria__P0221__b14.png,Restored,lyria,P0221,258,384
Restored/lyria__P0509__b0.png,Restored,lyria,P0509,265,305
Restored/lyria__P0650__b2.png,Restored,lyria,P0650,254,315
Restored/lyria__P0298__b1.png,Restored,lyria,P0298,129,294
Restored/lyria__P0157__b2.png,Restored,lyria,P0157,151,282
Restored/lyria__P0370__b18.png,Restored,lyria,P0370,322,334
Restored/lyria__P0805__b4.png,Restored,lyria,P0805,102,246
Restored/lyria__P0417__b4.png,Restored,lyria,P0417,247,345
Restored/lyria__P0176__b0.png,Restored,lyria,P0176,116,357
Restored/lyria__P0233__b9.png,Restored,lyria,P0233,100,347
Restored/lyria__P0510__b0.png,Restored,lyria,P0510,231,306
Restored/lyria__P0206__b11.png,Restored,lyria,P0206,239,313
Restored/lyria__P0617__b2.png,Restored,lyria,P0617,109,332
Restored/lyria__P0465__b0.png,Restored,lyria,P0465,278,330
Restored/lyria__P0290__b4.png,Restored,lyria,P0290,144,346
Restored/lyria__P0110__b1.png,Restored,lyria,P0110,363,411
Restored/lyria__P0657__b1.png,Restored,lyria,P0657,171,283
Restored/lyria__P0654__b4.png,Restored,lyria,P0654,67,305
Restored/lyria__P0557__b6.png,Restored,lyria,P0557,138,261
Restored/lyria__P0043__b1.png,Restored,lyria,P0043,119,292
Restored/lyria__P0666__b2.png,Restored,lyria,P0666,146,335
Restored/lyria__P0232__b3.png,Restored,lyria,P0232,96,339
Restored/lyria__P0009__b0.png,Restored,lyria,P0009,96,254
Restored/lyria__P0325__b0.png,Restored,lyria,P0325,92,248
Restored/lyria__P0697__b0.png,Restored,lyria,P0697,84,325
Restored/lyria__P0341__b1.png,Restored,lyria,P0341,113,373
Restored/lyria__P0326__b1.png,Restored,lyria,P0326,309,345
Restored/lyria__P0537__b4.png,Restored,lyria,P0537,336,335
Restored/lyria__P0230__b16.png,Restored,lyria,P0230,196,359
Restored/lyria__P0265__b1.png,Restored,lyria,P0265,117,331
Restored/lyria__P0033__b5.png,Restored,lyria,P0033,81,290
Restored/lyria__P0678__b1.png,Restored,lyria,P0678,98,286
Restored/lyria__P0200__b4.png,Restored,lyria,P0200,131,302
Restored/lyria__P0116__b0.png,Restored,lyria,P0116,120,328
Restored/lyria__P0414__b12.png,Restored,lyria,P0414,226,353
Restored/lyria__P0570__b0.png,Restored,lyria,P0570,141,269
Restored/lyria__P0716__b11.png,Restored,lyria,P0716,113,280
Restored/lyria__P0568__b0.png,Restored,lyria,P0568,347,331
Restored/lyria__P0390__b1.png,Restored,lyria,P0390,281,351
Restored/lyria__P0391__b3.png,Restored,lyria,P0391,90,331
Restored/lyria__P0191__b2.png,Restored,lyria,P0191,273,415
Restored/lyria__P0520__b3.png,Restored,lyria,P0520,309,373
Restored/lyria__P0058__b1.png,Restored,lyria,P0058,214,350
Restored/lyria__P0707__b0.png,Restored,lyria,P0707,94,267
Restored/lyria__P0241__b7.png,Restored,lyria,P0241,170,292
Restored/lyria__P0622__b0.png,Restored,lyria,P0622,100,342
Restored/lyria__P0683__b4.png,Restored,lyria,P0683,122,235
Restored/lyria__P0692__b6.png,Restored,lyria,P0692,132,264
Restored/lyria__P0519__b0.png,Restored,lyria,P0519,158,394
Restored/lyria__P0366__b5.png,Restored,lyria,P0366,102,353
Restored/lyria__P0402__b3.png,Restored,lyria,P0402,111,308
Restored/lyria__P0042__b4.png,Restored,lyria,P0042,99,332
Restored/lyria__P0411__b0.png,Restored,lyria,P0411,233,302
Restored/lyria__P0524__b5.png,Restored,lyria,P0524,159,344
DevelopingM3/lyria__P0374__b0.png,DevelopingM3,lyria,P0374,274,281
DevelopingM3/lyria__P0624__b3.png,DevelopingM3,lyria,P0624,277,300
DevelopingM3/lyria__P0659__b2.png,DevelopingM3,lyria,P0659,247,277
DevelopingM3/lyria__P0284__b3.png,DevelopingM3,lyria,P0284,292,290
DevelopingM3/lyria__P0080__b3.png,DevelopingM3,lyria,P0080,282,300
DevelopingM3/lyria__P0489__b0.png,DevelopingM3,lyria,P0489,148,205
DevelopingM3/lyria__P0492__b0.png,DevelopingM3,lyria,P0492,232,289
DevelopingM3/lyria__P0330__b3.png,DevelopingM3,lyria,P0330,312,311
DevelopingM3/lyria__P0725__b1.png,DevelopingM3,lyria,P0725,244,247
DevelopingM3/lyria__P0055__b0.png,DevelopingM3,lyria,P0055,218,265
DevelopingM3/lyria__P0302__b0.png,DevelopingM3,lyria,P0302,209,192
DevelopingM3/lyria__P0124__b3.png,DevelopingM3,lyria,P0124,261,247
DevelopingM3/lyria__P0093__b1.png,DevelopingM3,lyria,P0093,188,264
DevelopingM3/lyria__P0118__b1.png,DevelopingM3,lyria,P0118,215,257
DevelopingM3/lyria__P0693__b1.png,DevelopingM3,lyria,P0693,154,164
DevelopingM3/lyria__P0320__b2.png,DevelopingM3,lyria,P0320,322,334
DevelopingM3/lyria__P0132__b3.png,DevelopingM3,lyria,P0132,269,250
DevelopingM3/lyria__P0661__b0.png,DevelopingM3,lyria,P0661,127,201
DevelopingM3/lyria__P0488__b1.png,DevelopingM3,lyria,P0488,259,285
DevelopingM3/lyria__P0293__b1.png,DevelopingM3,lyria,P0293,312,307
DevelopingM3/lyria__P0619__b3.png,DevelopingM3,lyria,P0619,268,296
DevelopingM3/lyria__P0356__b0.png,DevelopingM3,lyria,P0356,249,275
DevelopingM3/lyria__P0532__b3.png,DevelopingM3,lyria,P0532,254,250
DevelopingM3/lyria__P0397__b2.png,DevelopingM3,lyria,P0397,266,263
DevelopingM3/lyria__P0462__b0.png,DevelopingM3,lyria,P0462,160,252
DevelopingM3/lyria__P0486__b0.png,DevelopingM3,lyria,P0486,269,278
DevelopingM3/lyria__P0115__b3.png,DevelopingM3,lyria,P0115,309,338
DevelopingM3/lyria__P0182__b2.png,DevelopingM3,lyria,P0182,265,259
DevelopingM3/lyria__P0333__b2.png,DevelopingM3,lyria,P0333,299,324
DevelopingM3/lyria__P0323__b2.png,DevelopingM3,lyria,P0323,196,240
DevelopingM3/lyria__P0500__b3.png,DevelopingM3,lyria,P0500,270,288
DevelopingM3/lyria__P0559__b0.png,DevelopingM3,lyria,P0559,260,314
DevelopingM3/lyria__P0471__b3.png,DevelopingM3,lyria,P0471,291,304
DevelopingM3/lyria__P0173__b1.png,DevelopingM3,lyria,P0173,290,289
DevelopingM3/lyria__P0542__b0.png,DevelopingM3,lyria,P0542,184,196
DevelopingM3/lyria__P0053__b1.png,DevelopingM3,lyria,P0053,259,293
DevelopingM3/lyria__P0508__b0.png,DevelopingM3,lyria,P0508,257,272
DevelopingM3/lyria__P0447__b0.png,DevelopingM3,lyria,P0447,173,225
DevelopingM3/lyria__P0344__b0.png,DevelopingM3,lyria,P0344,190,217
DevelopingM3/lyria__P0147__b1.png,DevelopingM3,lyria,P0147,315,319
DevelopingM3/lyria__P0190__b0.png,DevelopingM3,lyria,P0190,333,331
DevelopingM3/lyria__P0526__b1.png,DevelopingM3,lyria,P0526,154,208
DevelopingM3/lyria__P0429__b3.png,DevelopingM3,lyria,P0429,285,277
DevelopingM3/lyria__P0496__b0.png,DevelopingM3,lyria,P0496,129,221
DevelopingM3/lyria__P0590__b0.png,DevelopingM3,lyria,P0590,192,175
DevelopingM3/lyria__P0454__b0.png,DevelopingM3,lyria,P0454,162,214
DevelopingM3/lyria__P0452__b0.png,DevelopingM3,lyria,P0452,147,252
DevelopingM3/lyria__P0327__b0.png,DevelopingM3,lyria,P0327,294,288
DevelopingM3/lyria__P0562__b0.png,DevelopingM3,lyria,P0562,164,214
DevelopingM3/lyria__P0339__b0.png,DevelopingM3,lyria,P0339,310,330
DevelopingM3/lyria__P0510__b1.png,DevelopingM3,lyria,P0510,229,294
DevelopingM3/lyria__P0513__b1.png,DevelopingM3,lyria,P0513,169,194
DevelopingM3/lyria__P0549__b0.png,DevelopingM3,lyria,P0549,155,167
DevelopingM3/lyria__P0657__b0.png,DevelopingM3,lyria,P0657,177,198
DevelopingM3/lyria__P0116__b2.png,DevelopingM3,lyria,P0116,165,167
DevelopingM3/lyria__P0390__b1.png,DevelopingM3,lyria,P0390,196,198
DevelopingM3/lyria__P0345__b0.png,DevelopingM3,lyria,P0345,269,318
DevelopingM3/lyria__P0374__b1.png,DevelopingM3,lyria,P0374,187,217
DevelopingM3/lyria__P0624__b1.png,DevelopingM3,lyria,P0624,225,263
DevelopingM3/lyria__P0659__b0.png,DevelopingM3,lyria,P0659,246,255
DevelopingM3/lyria__P0284__b2.png,DevelopingM3,lyria,P0284,289,306
DevelopingM3/lyria__P0080__b1.png,DevelopingM3,lyria,P0080,215,202
DevelopingM3/lyria__P0492__b1.png,DevelopingM3,lyria,P0492,264,322
DevelopingM3/lyria__P0330__b2.png,DevelopingM3,lyria,P0330,186,205
DevelopingM3/lyria__P0725__b2.png,DevelopingM3,lyria,P0725,273,284
DevelopingM3/lyria__P0055__b1.png,DevelopingM3,lyria,P0055,151,198
DevelopingM3/lyria__P0302__b1.png,DevelopingM3,lyria,P0302,209,194
DevelopingM3/lyria__P0124__b1.png,DevelopingM3,lyria,P0124,184,182
DevelopingM3/lyria__P0093__b0.png,DevelopingM3,lyria,P0093,154,294
DevelopingM3/lyria__P0118__b0.png,DevelopingM3,lyria,P0118,152,202
DevelopingM3/lyria__P0693__b0.png,DevelopingM3,lyria,P0693,145,173
DevelopingM3/lyria__P0320__b0.png,DevelopingM3,lyria,P0320,206,198
DevelopingM3/lyria__P0132__b2.png,DevelopingM3,lyria,P0132,215,163
DevelopingM3/lyria__P0661__b2.png,DevelopingM3,lyria,P0661,267,267
DevelopingM3/lyria__P0488__b2.png,DevelopingM3,lyria,P0488,296,286
DevelopingM3/lyria__P0293__b0.png,DevelopingM3,lyria,P0293,296,299
DevelopingM3/lyria__P0619__b1.png,DevelopingM3,lyria,P0619,160,181
DevelopingM3/lyria__P0356__b1.png,DevelopingM3,lyria,P0356,181,261
DevelopingM3/lyria__P0532__b1.png,DevelopingM3,lyria,P0532,162,160
DevelopingM3/lyria__P0397__b0.png,DevelopingM3,lyria,P0397,236,251
DevelopingM3/lyria__P0486__b2.png,DevelopingM3,lyria,P0486,225,189
DevelopingM3/lyria__P0115__b1.png,DevelopingM3,lyria,P0115,275,317
DevelopingM3/lyria__P0182__b0.png,DevelopingM3,lyria,P0182,286,287
DevelopingM3/lyria__P0333__b1.png,DevelopingM3,lyria,P0333,293,292
DevelopingM3/lyria__P0323__b0.png,DevelopingM3,lyria,P0323,304,292
DevelopingM3/lyria__P0500__b1.png,DevelopingM3,lyria,P0500,287,352
DevelopingM3/lyria__P0559__b1.png,DevelopingM3,lyria,P0559,308,317
DevelopingM3/lyria__P0471__b2.png,DevelopingM3,lyria,P0471,294,302
DevelopingM3/lyria__P0173__b0.png,DevelopingM3,lyria,P0173,284,270
DevelopingM3/lyria__P0542__b1.png,DevelopingM3,lyria,P0542,217,249
DevelopingM3/lyria__P0053__b0.png,DevelopingM3,lyria,P0053,222,288
DevelopingM3/lyria__P0447__b3.png,DevelopingM3,lyria,P0447,314,324
DevelopingM3/lyria__P0344__b1.png,DevelopingM3,lyria,P0344,187,221
DevelopingM3/lyria__P0147__b0.png,DevelopingM3,lyria,P0147,309,343
DevelopingM3/lyria__P0190__b1.png,DevelopingM3,lyria,P0190,292,305
DevelopingM3/lyria__P0526__b0.png,DevelopingM3,lyria,P0526,139,212
DevelopingM3/lyria__P0429__b0.png,DevelopingM3,lyria,P0429,263,292
DevelopingM3/lyria__P0590__b1.png,DevelopingM3,lyria,P0590,175,190
DevelopingM3/lyria__P0454__b1.png,DevelopingM3,lyria,P0454,194,238
DevelopingM3/lyria__P0327__b3.png,DevelopingM3,lyria,P0327,307,340
DevelopingM3/lyria__P0562__b1.png,DevelopingM3,lyria,P0562,258,289
DevelopingM3/lyria__P0339__b3.png,DevelopingM3,lyria,P0339,319,332
DevelopingM3/lyria__P0510__b3.png,DevelopingM3,lyria,P0510,259,258
DevelopingM3/lyria__P0513__b2.png,DevelopingM3,lyria,P0513,247,278
DevelopingM3/lyria__P0549__b2.png,DevelopingM3,lyria,P0549,156,223
DevelopingM3/lyria__P0657__b1.png,DevelopingM3,lyria,P0657,190,161
DevelopingM3/lyria__P0116__b1.png,DevelopingM3,lyria,P0116,166,158
DevelopingM3/lyria__P0390__b3.png,DevelopingM3,lyria,P0390,269,273
DevelopingM3/lyria__P0374__b2.png,DevelopingM3,lyria,P0374,296,296
DevelopingM3/lyria__P0624__b2.png,DevelopingM3,lyria,P0624,226,214
DevelopingM3/lyria__P0659__b3.png,DevelopingM3,lyria,P0659,272,299
DevelopingM3/lyria__P0284__b1.png,DevelopingM3,lyria,P0284,133,231
DevelopingM3/lyria__P0080__b2.png,DevelopingM3,lyria,P0080,207,184
DevelopingM3/lyria__P0330__b0.png,DevelopingM3,lyria,P0330,184,192
DevelopingM3/lyria__P0725__b0.png,DevelopingM3,lyria,P0725,253,251
DevelopingM3/lyria__P0302__b3.png,DevelopingM3,lyria,P0302,267,273
DevelopingM3/lyria__P0124__b0.png,DevelopingM3,lyria,P0124,255,257
DevelopingM3/lyria__P0093__b3.png,DevelopingM3,lyria,P0093,326,314
DevelopingM3/lyria__P0320__b1.png,DevelopingM3,lyria,P0320,255,198
DevelopingM3/lyria__P0132__b0.png,DevelopingM3,lyria,P0132,181,156
DevelopingM3/lyria__P0661__b1.png,DevelopingM3,lyria,P0661,129,213
DevelopingM3/lyria__P0488__b3.png,DevelopingM3,lyria,P0488,280,328
DevelopingM3/lyria__P0619__b2.png,DevelopingM3,lyria,P0619,167,192
DevelopingM3/lyria__P0356__b3.png,DevelopingM3,lyria,P0356,291,289
DevelopingM3/lyria__P0532__b2.png,DevelopingM3,lyria,P0532,258,267
DevelopingM3/lyria__P0397__b1.png,DevelopingM3,lyria,P0397,260,268
DevelopingM3/lyria__P0486__b3.png,DevelopingM3,lyria,P0486,265,294
DevelopingM3/lyria__P0115__b0.png,DevelopingM3,lyria,P0115,236,255
DevelopingM3/lyria__P0182__b3.png,DevelopingM3,lyria,P0182,290,290
DevelopingM3/lyria__P0333__b0.png,DevelopingM3,lyria,P0333,173,188
DevelopingM3/lyria__P0323__b3.png,DevelopingM3,lyria,P0323,305,327
DevelopingM3/lyria__P0500__b2.png,DevelopingM3,lyria,P0500,271,300
DevelopingM3/lyria__P0471__b0.png,DevelopingM3,lyria,P0471,249,261
DevelopingM3/lyria__P0173__b2.png,DevelopingM3,lyria,P0173,175,241
DevelopingM3/lyria__P0447__b2.png,DevelopingM3,lyria,P0447,175,214
DevelopingM3/lyria__P0344__b3.png,DevelopingM3,lyria,P0344,206,204
DevelopingM3/lyria__P0190__b2.png,DevelopingM3,lyria,P0190,271,280
DevelopingM3/lyria__P0429__b1.png,DevelopingM3,lyria,P0429,279,276
DevelopingM3/lyria__P0590__b3.png,DevelopingM3,lyria,P0590,184,208
DevelopingM3/lyria__P0454__b2.png,DevelopingM3,lyria,P0454,172,207
DevelopingM3/lyria__P0327__b2.png,DevelopingM3,lyria,P0327,302,297
DevelopingM3/lyria__P0562__b3.png,DevelopingM3,lyria,P0562,163,253
DevelopingM3/lyria__P0339__b1.png,DevelopingM3,lyria,P0339,203,225
DevelopingM3/lyria__P0510__b2.png,DevelopingM3,lyria,P0510,236,249
DevelopingM3/lyria__P0513__b0.png,DevelopingM3,lyria,P0513,149,208
DevelopingM3/lyria__P0549__b3.png,DevelopingM3,lyria,P0549,159,200
DevelopingM3/lyria__P0657__b2.png,DevelopingM3,lyria,P0657,206,200
DevelopingM3/lyria__P0116__b0.png,DevelopingM3,lyria,P0116,177,179
DevelopingM3/lyria__P0390__b0.png,DevelopingM3,lyria,P0390,280,289
DevelopingM3/lyria__P0374__b3.png,DevelopingM3,lyria,P0374,310,309
DevelopingM3/lyria__P0624__b0.png,DevelopingM3,lyria,P0624,184,221
DevelopingM3/lyria__P0659__b1.png,DevelopingM3,lyria,P0659,290,296
DevelopingM3/lyria__P0284__b0.png,DevelopingM3,lyria,P0284,278,280
DevelopingM3/lyria__P0080__b0.png,DevelopingM3,lyria,P0080,165,219
DevelopingM3/lyria__P0330__b1.png,DevelopingM3,lyria,P0330,176,196
DevelopingM3/lyria__P0725__b3.png,DevelopingM3,lyria,P0725,286,278
DevelopingM3/lyria__P0302__b2.png,DevelopingM3,lyria,P0302,295,296
DevelopingM3/lyria__P0124__b2.png,DevelopingM3,lyria,P0124,278,279
DevelopingM3/lyria__P0093__b2.png,DevelopingM3,lyria,P0093,334,353
DevelopingM3/lyria__P0132__b1.png,DevelopingM3,lyria,P0132,225,196
DevelopingM3/lyria__P0488__b0.png,DevelopingM3,lyria,P0488,241,264
DevelopingM3/lyria__P0619__b0.png,DevelopingM3,lyria,P0619,150,186
DevelopingM3/lyria__P0356__b2.png,DevelopingM3,lyria,P0356,335,333
DevelopingM3/lyria__P0532__b0.png,DevelopingM3,lyria,P0532,138,169
DevelopingM3/lyria__P0397__b3.png,DevelopingM3,lyria,P0397,258,262
DevelopingM3/lyria__P0486__b1.png,DevelopingM3,lyria,P0486,153,181
DevelopingM3/lyria__P0115__b2.png,DevelopingM3,lyria,P0115,283,284
DevelopingM3/lyria__P0182__b1.png,DevelopingM3,lyria,P0182,244,258
DevelopingM3/lyria__P0323__b1.png,DevelopingM3,lyria,P0323,186,213
DevelopingM3/lyria__P0500__b0.png,DevelopingM3,lyria,P0500,315,353
DevelopingM3/lyria__P0471__b1.png,DevelopingM3,lyria,P0471,275,260
DevelopingM3/lyria__P0447__b1.png,DevelopingM3,lyria,P0447,287,335
DevelopingM3/lyria__P0344__b2.png,DevelopingM3,lyria,P0344,194,246
DevelopingM3/lyria__P0429__b2.png,DevelopingM3,lyria,P0429,309,267
DevelopingM3/lyria__P0590__b2.png,DevelopingM3,lyria,P0590,285,308
DevelopingM3/lyria__P0327__b1.png,DevelopingM3,lyria,P0327,163,214
DevelopingM3/lyria__P0562__b2.png,DevelopingM3,lyria,P0562,272,288
DevelopingM3/lyria__P0339__b2.png,DevelopingM3,lyria,P0339,307,308
DevelopingM3/lyria__P0510__b0.png,DevelopingM3,lyria,P0510,273,276
DevelopingM3/lyria__P0513__b3.png,DevelopingM3,lyria,P0513,284,294
DevelopingM3/lyria__P0549__b1.png,DevelopingM3,lyria,P0549,149,169
DevelopingM3/lyria__P0657__b3.png,DevelopingM3,lyria,P0657,220,235
DevelopingM3/lyria__P0116__b3.png,DevelopingM3,lyria,P0116,205,189
DevelopingM3/lyria__P0390__b2.png,DevelopingM3,lyria,P0390,213,186
