dataset,pan_id,pan_file,width,height,mouth_x1,mouth_y1,mouth_x2,mouth_y2,mouth_score,n_teeth,sec
tufts,1,Radiographs/1.JPG,1615,840,119,188,1528,796,1.0,10,3.94
tufts,100,Radiographs/100.JPG,1615,840,143,78,1454,741,1.0,13,2.2
tufts,1000,Radiographs/1000.JPG,1615,840,95,16,1494,764,0.9997,29,2.21
tufts,1001,Radiographs/1001.JPG,1615,840,32,135,1534,816,1.0,8,2.07
tufts,1002,Radiographs/1002.JPG,1615,840,60,128,1505,812,1.0,20,2.06
tufts,1004,Radiographs/1004.JPG,1615,840,188,153,1428,806,1.0,28,2.13
tufts,1007,Radiographs/1007.JPG,1615,840,109,219,1492,838,1.0,29,2.01
tufts,1008,Radiographs/1008.JPG,1615,840,109,219,1492,838,1.0,29,2.11
tufts,1009,Radiographs/1009.JPG,1615,840,102,102,1536,824,1.0,22,2.13
tufts,101,Radiographs/101.JPG,1615,840,80,139,1512,836,1.0,24,1.96
tufts,1010,Radiographs/1010.JPG,1615,840,55,216,1411,819,1.0,1,2.17
tufts,1011,Radiographs/1011.JPG,1615,840,96,114,1536,825,1.0,28,2.39
tufts,1012,Radiographs/1012.JPG,1615,840,125,137,1482,803,1.0,30,1.97
tufts,1013,Radiographs/1013.JPG,1615,840,104,165,1440,836,1.0,28,2.46
tufts,1014,Radiographs/1014.JPG,1615,840,116,193,1543,824,1.0,28,2.02
tufts,1015,Radiographs/1015.JPG,1615,840,100,97,1458,821,1.0,26,2.15
tufts,1016,Radiographs/1016.JPG,1615,840,29,45,1523,826,1.0,31,2.08
tufts,1017,Radiographs/1017.JPG,1615,840,100,125,1483,837,1.0,27,2.3
tufts,1018,Radiographs/1018.JPG,1615,840,120,82,1493,784,1.0,30,2.02
tufts,102,Radiographs/102.JPG,1615,840,112,85,1502,798,1.0,32,2.05
tufts,1020,Radiographs/1020.JPG,1615,840,146,143,1494,806,1.0,28,2.12
tufts,1021,Radiographs/1021.JPG,1615,840,161,124,1415,834,1.0,26,2.1
tufts,1024,Radiographs/1024.JPG,1615,840,162,130,1475,809,1.0,31,2.1
tufts,1025,Radiographs/1025.JPG,1615,840,130,95,1490,812,1.0,29,2.03
tufts,1027,Radiographs/1027.JPG,1615,840,139,74,1469,793,1.0,27,2.03
tufts,1028,Radiographs/1028.JPG,1615,840,95,195,1490,839,1.0,28,1.97
tufts,103,Radiographs/103.JPG,1615,840,133,170,1465,815,1.0,31,2.07
tufts,1030,Radiographs/1030.JPG,1615,840,134,139,1509,831,1.0,33,2.03
tufts,1031,Radiographs/1031.JPG,1615,840,126,164,1495,767,1.0,29,1.94
tufts,1032,Radiographs/1032.JPG,1615,840,56,26,1458,732,1.0,0,1.79
tufts,1034,Radiographs/1034.JPG,1615,840,142,101,1501,815,1.0,32,2.04
tufts,1035,Radiographs/1035.JPG,1615,840,79,104,1560,828,1.0,32,2.0
tufts,1036,Radiographs/1036.JPG,1615,840,109,59,1491,812,1.0,21,1.98
tufts,1037,Radiographs/1037.JPG,1615,840,86,122,1518,838,1.0,32,2.04
tufts,1038,Radiographs/1038.JPG,1615,840,108,135,1452,831,1.0,28,2.0
tufts,1039,Radiographs/1039.JPG,1615,840,152,94,1454,826,1.0,32,2.65
tufts,104,Radiographs/104.JPG,1615,840,109,232,1447,822,1.0,30,2.4
tufts,1040,Radiographs/1040.JPG,1615,840,144,81,1446,813,1.0,28,2.54
tufts,1041,Radiographs/1041.JPG,1615,840,78,125,1519,840,1.0,28,2.22
tufts,1042,Radiographs/1042.JPG,1615,840,111,117,1521,808,1.0,30,2.02
tufts,1043,Radiographs/1043.JPG,1615,840,145,99,1468,791,1.0,29,2.11
tufts,1044,Radiographs/1044.JPG,1615,840,149,56,1476,805,1.0,32,2.18
tufts,1046,Radiographs/1046.JPG,1615,840,140,72,1473,793,1.0,32,2.06
tufts,1047,Radiographs/1047.JPG,1615,840,112,50,1508,817,1.0,27,2.04
tufts,105,Radiographs/105.JPG,1615,840,147,145,1442,813,1.0,26,2.04
tufts,1051,Radiographs/1051.JPG,1615,840,118,176,1506,840,1.0,17,2.0
tufts,106,Radiographs/106.JPG,1615,840,119,146,1497,802,1.0,27,1.99
tufts,107,Radiographs/107.JPG,1615,840,39,198,1452,776,0.9999,0,1.82
tufts,108,Radiographs/108.JPG,1615,840,149,164,1462,789,1.0,33,2.08
tufts,109,Radiographs/109.JPG,1615,840,67,187,1441,834,1.0,28,2.09
tufts,11,Radiographs/11.JPG,1615,840,107,237,1495,835,1.0,26,1.93
tufts,110,Radiographs/110.JPG,1615,840,105,154,1523,793,1.0,16,2.02
tufts,111,Radiographs/111.JPG,1615,840,281,181,1440,829,0.9999,30,2.09
tufts,113,Radiographs/113.JPG,1615,840,181,228,1435,801,0.9998,29,1.93
tufts,114,Radiographs/114.JPG,1615,840,166,162,1454,801,1.0,31,2.12
tufts,115,Radiographs/115.JPG,1615,840,188,183,1464,813,1.0,31,2.05
tufts,116,Radiographs/116.JPG,1615,840,174,175,1452,783,1.0,22,2.22
tufts,117,Radiographs/117.JPG,1615,840,136,163,1433,777,1.0,28,1.94
tufts,118,Radiographs/118.JPG,1615,840,133,203,1419,829,1.0,0,1.78
tufts,119,Radiographs/119.JPG,1615,840,169,140,1430,820,1.0,25,1.97
tufts,12,Radiographs/12.JPG,1615,840,85,44,1535,781,1.0,18,2.08
tufts,120,Radiographs/120.JPG,1615,840,181,152,1465,806,1.0,28,1.93
tufts,121,Radiographs/121.JPG,1615,840,83,117,1485,774,1.0,28,1.98
tufts,122,Radiographs/122.JPG,1615,840,74,270,1506,836,1.0,31,2.04
tufts,123,Radiographs/123.JPG,1615,840,54,58,1524,804,1.0,30,2.05
tufts,124,Radiographs/124.JPG,1615,840,76,206,1510,829,1.0,23,1.94
tufts,125,Radiographs/125.JPG,1615,840,154,29,1446,798,1.0,25,2.01
tufts,126,Radiographs/126.JPG,1615,840,29,200,1501,836,1.0,30,2.08
tufts,127,Radiographs/127.JPG,1615,840,162,103,1450,840,1.0,28,2.17
tufts,128,Radiographs/128.JPG,1615,840,232,171,1390,814,0.999,27,2.12
tufts,129,Radiographs/129.JPG,1615,840,30,117,1540,824,1.0,24,2.43
tufts,13,Radiographs/13.JPG,1615,840,72,174,1471,812,1.0,21,2.68
tufts,131,Radiographs/131.JPG,1615,840,96,144,1538,823,1.0,15,2.91
tufts,132,Radiographs/132.JPG,1615,840,143,172,1488,780,1.0,31,2.74
tufts,133,Radiographs/133.JPG,1615,840,136,52,1469,781,1.0,28,2.27
tufts,134,Radiographs/134.JPG,1615,840,89,104,1487,811,1.0,27,1.97
tufts,135,Radiographs/135.JPG,1615,840,72,120,1543,820,1.0,22,2.01
tufts,136,Radiographs/136.JPG,1615,840,98,138,1496,798,1.0,28,2.28
tufts,137,Radiographs/137.JPG,1615,840,111,156,1463,811,1.0,28,2.06
tufts,138,Radiographs/138.JPG,1615,840,35,283,1507,840,1.0,25,1.98
tufts,139,Radiographs/139.JPG,1615,840,51,172,1527,815,1.0,24,2.08
tufts,14,Radiographs/14.JPG,1615,840,76,176,1548,820,1.0,18,1.88
tufts,140,Radiographs/140.JPG,1615,840,68,253,1579,810,0.9999,0,1.81
tufts,141,Radiographs/141.JPG,1615,840,154,105,1418,804,1.0,32,2.08
tufts,142,Radiographs/142.JPG,1615,840,161,166,1457,833,1.0,29,1.97
tufts,143,Radiographs/143.JPG,1615,840,131,114,1462,814,1.0,23,2.05
tufts,144,Radiographs/144.JPG,1615,840,115,125,1571,817,1.0,20,1.94
tufts,145,Radiographs/145.JPG,1615,840,57,217,1513,829,1.0,23,1.96
tufts,146,Radiographs/146.JPG,1615,840,144,131,1473,810,1.0,30,1.93
tufts,147,Radiographs/147.JPG,1615,840,167,145,1427,796,1.0,34,1.97
tufts,148,Radiographs/148.JPG,1615,840,96,89,1515,763,1.0,31,1.98
tufts,149,Radiographs/149.JPG,1615,840,48,164,1484,834,1.0,14,1.86
tufts,15,Radiographs/15.JPG,1615,840,230,190,1460,782,0.9993,23,1.94
tufts,150,Radiographs/150.JPG,1615,840,137,91,1493,830,1.0,31,1.93
tufts,151,Radiographs/151.JPG,1615,840,210,192,1409,817,0.9997,39,1.98
tufts,152,Radiographs/152.JPG,1615,840,203,187,1441,830,1.0,31,1.9
tufts,153,Radiographs/153.JPG,1615,840,132,86,1448,724,1.0,30,2.02
tufts,154,Radiographs/154.JPG,1615,840,87,83,1544,811,1.0,28,1.96
tufts,155,Radiographs/155.JPG,1615,840,100,210,1519,819,1.0,17,1.87
tufts,156,Radiographs/156.JPG,1615,840,49,172,1518,796,1.0,22,1.8
tufts,157,Radiographs/157.JPG,1615,840,23,135,1552,819,1.0,28,2.27
tufts,158,Radiographs/158.JPG,1615,840,106,142,1455,757,1.0,19,1.96
tufts,159,Radiographs/159.JPG,1615,840,181,165,1460,785,1.0,4,1.84
tufts,16,Radiographs/16.JPG,1615,840,80,142,1481,840,1.0,27,1.9
tufts,160,Radiographs/160.JPG,1615,840,226,219,1445,824,0.9988,25,1.97
tufts,161,Radiographs/161.JPG,1615,840,23,102,1484,823,1.0,16,1.89
tufts,162,Radiographs/162.JPG,1615,840,64,54,1536,803,1.0,31,1.97
tufts,163,Radiographs/163.JPG,1615,840,93,130,1543,805,1.0,14,1.92
tufts,164,Radiographs/164.JPG,1615,840,148,174,1458,826,1.0,8,1.84
tufts,165,Radiographs/165.JPG,1615,840,124,101,1504,824,1.0,30,2.06
tufts,166,Radiographs/166.JPG,1615,840,142,185,1489,835,1.0,30,1.9
tufts,167,Radiographs/167.JPG,1615,840,45,165,1496,827,1.0,27,1.91
tufts,168,Radiographs/168.JPG,1615,840,178,89,1442,840,1.0,23,1.94
tufts,169,Radiographs/169.JPG,1615,840,49,208,1527,816,1.0,23,1.85
tufts,17,Radiographs/17.JPG,1615,840,128,151,1470,785,1.0,22,1.86
tufts,170,Radiographs/170.JPG,1615,840,102,79,1521,787,1.0,24,1.99
tufts,171,Radiographs/171.JPG,1615,840,185,176,1454,787,1.0,30,1.96
tufts,172,Radiographs/172.JPG,1615,840,146,34,1510,735,1.0,32,1.98
tufts,173,Radiographs/173.JPG,1615,840,63,96,1552,838,1.0,28,1.86
tufts,174,Radiographs/174.JPG,1615,840,117,92,1472,797,1.0,27,1.96
tufts,175,Radiographs/175.JPG,1615,840,159,175,1452,800,1.0,31,1.92
tufts,176,Radiographs/176.JPG,1615,840,98,79,1518,840,1.0,29,1.96
tufts,177,Radiographs/177.JPG,1615,840,100,101,1495,785,1.0,32,1.89
tufts,178,Radiographs/178.JPG,1615,840,103,76,1507,741,1.0,31,2.25
tufts,179,Radiographs/179.JPG,1615,840,96,89,1512,827,0.9996,32,2.16
tufts,180,Radiographs/180.JPG,1615,840,93,166,1562,801,1.0,12,1.94
tufts,181,Radiographs/181.JPG,1615,840,97,121,1526,765,1.0,30,1.91
tufts,182,Radiographs/182.JPG,1615,840,30,37,1552,787,1.0,25,2.04
tufts,183,Radiographs/183.JPG,1615,840,113,243,1487,840,1.0,28,1.9
tufts,184,Radiographs/184.JPG,1615,840,137,155,1446,829,1.0,28,1.87
tufts,185,Radiographs/185.JPG,1615,840,98,44,1530,784,1.0,31,1.92
tufts,186,Radiographs/186.JPG,1615,840,73,172,1458,833,1.0,28,2.0
tufts,187,Radiographs/187.JPG,1615,840,159,211,1430,818,1.0,26,2.25
tufts,188,Radiographs/188.JPG,1615,840,22,73,1576,799,1.0,6,2.37
tufts,189,Radiographs/189.JPG,1615,840,12,189,1558,803,1.0,20,2.25
tufts,19,Radiographs/19.JPG,1615,840,68,163,1514,792,1.0,0,1.89
tufts,190,Radiographs/190.JPG,1615,840,150,131,1514,824,1.0,29,2.23
tufts,191,Radiographs/191.JPG,1615,840,30,198,1513,818,1.0,17,1.9
tufts,192,Radiographs/192.JPG,1615,840,80,237,1471,817,1.0,7,2.04
tufts,193,Radiographs/193.JPG,1615,840,125,169,1479,807,1.0,28,1.93
tufts,194,Radiographs/194.JPG,1615,840,154,132,1506,837,1.0,32,2.32
tufts,195,Radiographs/195.JPG,1615,840,96,135,1520,815,1.0,22,2.39
tufts,196,Radiographs/196.JPG,1615,840,123,110,1467,776,1.0,31,2.47
tufts,197,Radiographs/197.JPG,1615,840,133,162,1465,797,1.0,18,2.24
tufts,198,Radiographs/198.JPG,1615,840,156,134,1429,830,0.9988,4,2.35
tufts,199,Radiographs/199.JPG,1615,840,101,161,1459,803,1.0,27,2.96
tufts,2,Radiographs/2.JPG,1615,840,186,125,1422,829,0.9999,0,2.0
tufts,20,Radiographs/20.JPG,1615,840,89,215,1564,824,1.0,22,2.24
tufts,200,Radiographs/200.JPG,1615,840,57,152,1510,812,1.0,18,2.3
tufts,201,Radiographs/201.JPG,1615,840,165,184,1441,787,1.0,31,2.05
tufts,202,Radiographs/202.JPG,1615,840,46,149,1506,830,1.0,23,1.95
tufts,203,Radiographs/203.JPG,1615,840,74,118,1448,798,1.0,9,1.79
tufts,204,Radiographs/204.JPG,1615,840,172,49,1466,707,1.0,16,1.99
tufts,205,Radiographs/205.JPG,1615,840,98,152,1485,821,1.0,28,1.81
tufts,206,Radiographs/206.JPG,1615,840,160,171,1472,781,1.0,31,1.88
tufts,207,Radiographs/207.JPG,1615,840,104,78,1493,825,1.0,29,2.01
tufts,208,Radiographs/208.JPG,1615,840,65,177,1467,819,1.0,25,2.11
tufts,209,Radiographs/209.JPG,1615,840,77,170,1508,806,1.0,22,1.95
tufts,21,Radiographs/21.JPG,1615,840,139,141,1475,798,1.0,27,2.46
tufts,210,Radiographs/210.JPG,1615,840,94,143,1534,810,1.0,9,2.26
tufts,211,Radiographs/211.JPG,1615,840,145,69,1439,770,1.0,27,2.66
tufts,212,Radiographs/212.JPG,1615,840,151,113,1465,808,1.0,28,2.2
tufts,213,Radiographs/213.JPG,1615,840,78,196,1535,807,1.0,23,2.45
tufts,214,Radiographs/214.JPG,1615,840,11,157,1495,814,1.0,31,2.09
tufts,215,Radiographs/215.JPG,1615,840,67,180,1498,840,1.0,18,2.08
tufts,216,Radiographs/216.JPG,1615,840,19,164,1509,793,1.0,25,1.97
tufts,217,Radiographs/217.JPG,1615,840,129,152,1522,821,1.0,32,2.56
tufts,218,Radiographs/218.JPG,1615,840,99,163,1551,825,1.0,30,1.99
tufts,219,Radiographs/219.JPG,1615,840,137,224,1464,819,1.0,29,1.95
tufts,22,Radiographs/22.JPG,1615,840,0,127,1489,808,1.0,3,2.41
tufts,220,Radiographs/220.JPG,1615,840,35,77,1575,834,1.0,29,2.48
tufts,221,Radiographs/221.JPG,1615,840,149,191,1422,816,1.0,15,2.27
tufts,222,Radiographs/222.JPG,1615,840,158,140,1387,832,1.0,17,2.49
tufts,223,Radiographs/223.JPG,1615,840,109,278,1509,840,1.0,0,2.1
tufts,224,Radiographs/224.JPG,1615,840,132,0,1453,668,1.0,29,2.5
tufts,225,Radiographs/225.JPG,1615,840,110,132,1483,800,1.0,28,2.76
tufts,226,Radiographs/226.JPG,1615,840,44,136,1501,818,1.0,26,2.7
tufts,227,Radiographs/227.JPG,1615,840,104,90,1490,781,1.0,28,2.48
tufts,228,Radiographs/228.JPG,1615,840,221,124,1413,777,1.0,27,2.35
tufts,229,Radiographs/229.JPG,1615,840,76,167,1489,797,1.0,27,2.28
tufts,23,Radiographs/23.JPG,1615,840,115,33,1448,787,1.0,31,2.81
tufts,230,Radiographs/230.JPG,1615,840,174,169,1450,782,1.0,11,2.27
tufts,231,Radiographs/231.JPG,1615,840,193,213,1502,805,1.0,19,2.3
tufts,232,Radiographs/232.JPG,1615,840,224,238,1436,827,0.9995,23,2.37
tufts,233,Radiographs/233.JPG,1615,840,51,169,1558,808,1.0,16,2.48
tufts,234,Radiographs/234.JPG,1615,840,117,135,1501,802,1.0,24,2.73
tufts,235,Radiographs/235.JPG,1615,840,108,149,1479,811,1.0,22,3.61
tufts,236,Radiographs/236.JPG,1615,840,121,223,1529,791,1.0,30,3.43
tufts,237,Radiographs/237.JPG,1615,840,78,168,1538,840,1.0,32,2.9
tufts,238,Radiographs/238.JPG,1615,840,93,149,1513,819,1.0,28,2.44
tufts,239,Radiographs/239.JPG,1615,840,115,108,1475,816,1.0,32,2.26
tufts,24,Radiographs/24.JPG,1615,840,130,88,1502,787,1.0,28,2.2
tufts,240,Radiographs/240.JPG,1615,840,53,207,1449,840,1.0,25,1.9
tufts,241,Radiographs/241.JPG,1615,840,111,57,1478,795,1.0,28,1.96
tufts,242,Radiographs/242.JPG,1615,840,208,135,1427,829,1.0,30,2.03
tufts,243,Radiographs/243.JPG,1615,840,112,147,1439,758,1.0,16,1.96
tufts,244,Radiographs/244.JPG,1615,840,17,118,1563,817,1.0,13,2.08
tufts,245,Radiographs/245.JPG,1615,840,94,133,1494,787,1.0,25,1.86
tufts,246,Radiographs/246.JPG,1615,840,197,84,1422,784,1.0,32,2.27
tufts,247,Radiographs/247.JPG,1615,840,155,193,1469,794,1.0,30,2.09
tufts,248,Radiographs/248.JPG,1615,840,114,129,1466,840,1.0,27,2.33
tufts,249,Radiographs/249.JPG,1615,840,50,135,1542,825,1.0,30,2.43
tufts,25,Radiographs/25.JPG,1615,840,119,159,1493,826,1.0,28,2.53
tufts,250,Radiographs/250.JPG,1615,840,193,160,1421,789,1.0,30,2.33
tufts,251,Radiographs/251.JPG,1615,840,155,137,1473,809,1.0,17,2.84
tufts,252,Radiographs/252.JPG,1615,840,115,195,1487,840,1.0,31,2.61
tufts,253,Radiographs/253.JPG,1615,840,150,133,1450,833,1.0,28,2.57
tufts,254,Radiographs/254.JPG,1615,840,131,259,1527,827,1.0,4,2.35
tufts,255,Radiographs/255.JPG,1615,840,90,150,1488,805,1.0,23,2.33
tufts,256,Radiographs/256.JPG,1615,840,52,126,1586,817,1.0,24,2.21
tufts,257,Radiographs/257.JPG,1615,840,49,113,1486,826,1.0,25,2.48
tufts,258,Radiographs/258.JPG,1615,840,104,287,1470,840,1.0,28,2.77
tufts,259,Radiographs/259.JPG,1615,840,63,235,1513,822,1.0,32,2.82
tufts,26,Radiographs/26.JPG,1615,840,120,60,1526,818,1.0,28,2.53
tufts,260,Radiographs/260.JPG,1615,840,182,97,1459,802,1.0,35,3.07
tufts,261,Radiographs/261.JPG,1615,840,113,136,1451,773,1.0,0,2.85
tufts,262,Radiographs/262.JPG,1615,840,73,144,1517,821,1.0,1,2.36
tufts,263,Radiographs/263.JPG,1615,840,86,184,1503,840,1.0,32,2.75
tufts,264,Radiographs/264.JPG,1615,840,164,150,1472,766,1.0,31,2.52
tufts,265,Radiographs/265.JPG,1615,840,195,175,1431,790,1.0,33,2.64
tufts,266,Radiographs/266.JPG,1615,840,174,142,1490,779,1.0,28,2.83
tufts,267,Radiographs/267.JPG,1615,840,123,132,1519,789,1.0,32,3.0
tufts,269,Radiographs/269.JPG,1615,840,147,121,1470,830,1.0,28,2.99
tufts,27,Radiographs/27.JPG,1615,840,159,138,1450,796,1.0,32,2.52
tufts,270,Radiographs/270.JPG,1615,840,125,159,1458,840,1.0,27,3.07
tufts,271,Radiographs/271.JPG,1615,840,229,140,1450,765,1.0,30,2.94
tufts,272,Radiographs/272.JPG,1615,840,150,120,1469,812,1.0,24,2.79
tufts,273,Radiographs/273.JPG,1615,840,51,41,1501,808,1.0,20,2.93
tufts,274,Radiographs/274.JPG,1615,840,200,191,1447,791,1.0,30,2.97
tufts,275,Radiographs/275.JPG,1615,840,164,173,1459,783,1.0,19,2.56
tufts,276,Radiographs/276.JPG,1615,840,55,215,1494,826,1.0,29,3.03
tufts,277,Radiographs/277.JPG,1615,840,184,97,1429,782,1.0,32,3.03
tufts,278,Radiographs/278.JPG,1615,840,104,162,1480,822,1.0,27,2.36
tufts,279,Radiographs/279.JPG,1615,840,78,112,1527,809,1.0,29,2.71
tufts,28,Radiographs/28.JPG,1615,840,115,168,1473,829,1.0,24,2.82
tufts,280,Radiographs/280.JPG,1615,840,198,139,1445,770,0.9996,32,3.01
tufts,281,Radiographs/281.JPG,1615,840,74,58,1479,817,1.0,30,2.79
tufts,282,Radiographs/282.JPG,1615,840,104,60,1401,640,1.0,33,3.32
tufts,283,Radiographs/283.JPG,1615,840,64,209,1487,796,1.0,0,2.43
tufts,284,Radiographs/284.JPG,1615,840,100,171,1463,831,1.0,29,2.5
tufts,285,Radiographs/285.JPG,1615,840,145,166,1457,807,1.0,29,3.01
tufts,286,Radiographs/286.JPG,1615,840,66,202,1481,811,1.0,28,2.61
tufts,287,Radiographs/287.JPG,1615,840,183,36,1439,783,0.9995,28,2.64
tufts,288,Radiographs/288.JPG,1615,840,110,101,1492,808,1.0,32,2.89
tufts,289,Radiographs/289.JPG,1615,840,246,152,1371,803,1.0,2,2.74
tufts,29,Radiographs/29.JPG,1615,840,117,49,1518,795,1.0,32,2.97
tufts,290,Radiographs/290.JPG,1615,840,189,170,1388,804,1.0,5,2.86
tufts,291,Radiographs/291.JPG,1615,840,119,203,1481,825,1.0,32,2.55
tufts,292,Radiographs/292.JPG,1615,840,97,260,1519,807,1.0,0,2.41
tufts,293,Radiographs/293.JPG,1615,840,69,64,1539,778,1.0,21,2.91
tufts,294,Radiographs/294.JPG,1615,840,139,207,1496,840,1.0,27,2.65
tufts,295,Radiographs/295.JPG,1615,840,102,144,1463,823,1.0,28,2.5
tufts,296,Radiographs/296.JPG,1615,840,226,166,1427,789,1.0,24,2.74
tufts,297,Radiographs/297.JPG,1615,840,80,95,1502,807,1.0,32,3.23
tufts,298,Radiographs/298.JPG,1615,840,117,94,1503,805,1.0,28,2.93
tufts,299,Radiographs/299.JPG,1615,840,111,87,1499,840,1.0,32,2.83
tufts,30,Radiographs/30.JPG,1615,840,35,122,1558,773,1.0,26,2.63
tufts,300,Radiographs/300.JPG,1615,840,202,234,1496,820,0.6625,7,2.75
tufts,301,Radiographs/301.JPG,1615,840,129,127,1480,838,1.0,28,2.48
tufts,302,Radiographs/302.JPG,1615,840,87,75,1528,796,0.9999,0,2.49
tufts,303,Radiographs/303.JPG,1615,840,104,78,1491,818,1.0,28,2.86
tufts,304,Radiographs/304.JPG,1615,840,62,79,1563,830,1.0,28,2.98
tufts,305,Radiographs/305.JPG,1615,840,131,224,1460,813,1.0,29,2.44
tufts,306,Radiographs/306.JPG,1615,840,165,143,1452,786,1.0,32,3.05
tufts,307,Radiographs/307.JPG,1615,840,38,161,1602,825,1.0,25,2.66
tufts,308,Radiographs/308.JPG,1615,840,129,58,1483,777,1.0,28,2.86
tufts,309,Radiographs/309.JPG,1615,840,91,146,1470,790,1.0,27,2.63
tufts,31,Radiographs/31.JPG,1615,840,206,56,1476,792,1.0,25,2.8
tufts,310,Radiographs/310.JPG,1615,840,106,221,1481,796,1.0,25,2.6
tufts,311,Radiographs/311.JPG,1615,840,157,80,1479,814,0.9999,20,2.84
tufts,312,Radiographs/312.JPG,1615,840,199,242,1460,813,0.9998,19,2.62
tufts,314,Radiographs/314.JPG,1615,840,150,75,1455,791,1.0,31,2.54
tufts,315,Radiographs/315.JPG,1615,840,86,233,1547,835,1.0,28,2.58
tufts,316,Radiographs/316.JPG,1615,840,141,161,1509,803,1.0,32,2.47
tufts,318,Radiographs/318.JPG,1615,840,212,124,1427,779,1.0,32,2.63
tufts,319,Radiographs/319.JPG,1615,840,167,220,1458,792,1.0,25,2.7
tufts,320,Radiographs/320.JPG,1615,840,149,164,1448,838,1.0,28,2.57
tufts,321,Radiographs/321.JPG,1615,840,85,199,1482,840,1.0,32,2.61
tufts,322,Radiographs/322.JPG,1615,840,124,17,1485,769,1.0,23,2.8
tufts,323,Radiographs/323.JPG,1615,840,73,215,1533,820,1.0,9,2.83
tufts,324,Radiographs/324.JPG,1615,840,98,111,1472,792,1.0,28,2.6
tufts,325,Radiographs/325.JPG,1615,840,173,247,1449,815,0.9997,29,2.56
tufts,327,Radiographs/327.JPG,1615,840,108,130,1536,800,1.0,0,2.6
tufts,328,Radiographs/328.JPG,1615,840,140,177,1464,796,1.0,28,3.01
tufts,329,Radiographs/329.JPG,1615,840,125,26,1491,769,1.0,23,2.58
tufts,33,Radiographs/33.JPG,1615,840,132,183,1477,840,1.0,28,2.64
tufts,330,Radiographs/330.JPG,1615,840,102,105,1486,826,1.0,0,2.59
tufts,331,Radiographs/331.JPG,1615,840,137,81,1555,795,1.0,27,2.72
tufts,332,Radiographs/332.JPG,1615,840,62,39,1512,778,1.0,23,2.61
tufts,333,Radiographs/333.JPG,1615,840,89,180,1529,801,1.0,27,2.77
tufts,334,Radiographs/334.JPG,1615,840,105,90,1514,824,1.0,5,3.16
tufts,335,Radiographs/335.JPG,1615,840,93,77,1477,823,1.0,28,2.78
tufts,336,Radiographs/336.JPG,1615,840,93,83,1497,808,1.0,7,3.14
tufts,337,Radiographs/337.JPG,1615,840,73,157,1483,820,1.0,27,3.07
tufts,338,Radiographs/338.JPG,1615,840,80,168,1493,819,1.0,26,3.11
tufts,339,Radiographs/339.JPG,1615,840,169,108,1430,805,1.0,0,2.52
tufts,34,Radiographs/34.JPG,1615,840,136,59,1457,784,1.0,31,2.87
tufts,340,Radiographs/340.JPG,1615,840,75,98,1467,839,1.0,28,3.08
tufts,341,Radiographs/341.JPG,1615,840,78,100,1466,821,1.0,26,3.11
tufts,342,Radiographs/342.JPG,1615,840,103,78,1526,780,1.0,30,3.08
tufts,343,Radiographs/343.JPG,1615,840,30,277,1501,815,1.0,4,3.12
tufts,344,Radiographs/344.JPG,1615,840,74,27,1461,808,1.0,32,3.44
tufts,345,Radiographs/345.JPG,1615,840,164,174,1455,796,1.0,8,3.27
tufts,346,Radiographs/346.JPG,1615,840,231,177,1422,808,1.0,19,3.48
tufts,347,Radiographs/347.JPG,1615,840,106,137,1472,822,1.0,29,3.45
tufts,348,Radiographs/348.JPG,1615,840,104,141,1499,821,1.0,28,3.73
tufts,349,Radiographs/349.JPG,1615,840,101,91,1507,815,1.0,22,3.57
tufts,35,Radiographs/35.JPG,1615,840,77,154,1512,839,1.0,25,3.92
tufts,350,Radiographs/350.JPG,1615,840,188,242,1427,837,1.0,15,3.43
tufts,351,Radiographs/351.JPG,1615,840,106,198,1477,806,1.0,31,3.48
tufts,352,Radiographs/352.JPG,1615,840,117,265,1500,839,0.9999,1,3.25
tufts,353,Radiographs/353.JPG,1615,840,130,109,1487,836,1.0,29,3.55
tufts,354,Radiographs/354.JPG,1615,840,151,147,1450,835,1.0,31,3.28
tufts,355,Radiographs/355.JPG,1615,840,116,212,1526,785,1.0,22,3.29
tufts,356,Radiographs/356.JPG,1615,840,24,129,1484,824,1.0,8,3.25
tufts,357,Radiographs/357.JPG,1615,840,84,64,1583,804,1.0,20,3.65
tufts,358,Radiographs/358.JPG,1615,840,122,171,1445,791,1.0,28,3.25
tufts,359,Radiographs/359.JPG,1615,840,50,187,1508,799,1.0,30,3.33
tufts,36,Radiographs/36.JPG,1615,840,74,66,1507,792,1.0,21,3.64
tufts,360,Radiographs/360.JPG,1615,840,67,158,1582,800,1.0,18,3.7
tufts,361,Radiographs/361.JPG,1615,840,136,36,1478,802,1.0,31,3.73
tufts,362,Radiographs/362.JPG,1615,840,61,136,1535,806,1.0,29,3.93
tufts,363,Radiographs/363.JPG,1615,840,58,89,1538,790,1.0,22,4.38
tufts,364,Radiographs/364.JPG,1615,840,32,176,1550,796,1.0,21,4.38
tufts,365,Radiographs/365.JPG,1615,840,84,219,1539,839,1.0,3,3.32
tufts,366,Radiographs/366.JPG,1615,840,99,135,1474,838,1.0,14,3.54
tufts,367,Radiographs/367.JPG,1615,840,231,185,1409,810,1.0,30,3.66
tufts,368,Radiographs/368.JPG,1615,840,163,67,1449,806,1.0,27,3.69
tufts,369,Radiographs/369.JPG,1615,840,77,182,1492,830,1.0,28,3.59
tufts,37,Radiographs/37.JPG,1615,840,42,181,1491,798,1.0,17,3.15
tufts,370,Radiographs/370.JPG,1615,840,74,220,1505,822,1.0,32,3.72
tufts,371,Radiographs/371.JPG,1615,840,196,68,1498,747,0.9996,32,3.65
tufts,372,Radiographs/372.JPG,1615,840,167,118,1468,794,1.0,31,3.8
tufts,373,Radiographs/373.JPG,1615,840,183,171,1419,811,1.0,30,3.57
tufts,374,Radiographs/374.JPG,1615,840,131,16,1471,760,1.0,28,3.65
tufts,375,Radiographs/375.JPG,1615,840,80,187,1495,783,1.0,6,3.43
tufts,376,Radiographs/376.JPG,1615,840,195,218,1415,824,1.0,25,3.5
tufts,377,Radiographs/377.JPG,1615,840,135,165,1493,792,1.0,24,3.8
tufts,378,Radiographs/378.JPG,1615,840,102,85,1506,832,1.0,29,3.93
tufts,379,Radiographs/379.JPG,1615,840,97,168,1364,772,1.0,28,3.79
tufts,38,Radiographs/38.JPG,1615,840,92,149,1512,811,1.0,27,3.93
tufts,380,Radiographs/380.JPG,1615,840,129,86,1482,789,1.0,27,3.78
tufts,381,Radiographs/381.JPG,1615,840,35,144,1554,823,1.0,32,3.58
tufts,382,Radiographs/382.JPG,1615,840,16,69,1539,780,1.0,25,3.67
tufts,383,Radiographs/383.JPG,1615,840,73,0,1545,731,1.0,32,3.63
tufts,385,Radiographs/385.JPG,1615,840,100,89,1536,815,1.0,21,3.5
tufts,386,Radiographs/386.JPG,1615,840,100,175,1509,792,1.0,23,3.46
tufts,387,Radiographs/387.JPG,1615,840,242,100,1412,795,1.0,28,3.82
tufts,388,Radiographs/388.JPG,1615,840,48,155,1524,835,1.0,27,3.32
tufts,389,Radiographs/389.JPG,1615,840,69,159,1539,813,1.0,28,3.81
tufts,39,Radiographs/39.JPG,1615,840,167,70,1423,765,1.0,29,3.75
tufts,390,Radiographs/390.JPG,1615,840,66,154,1546,798,1.0,32,3.8
tufts,391,Radiographs/391.JPG,1615,840,170,116,1418,840,1.0,26,4.32
tufts,392,Radiographs/392.JPG,1615,840,3,109,1565,784,1.0,0,3.55
tufts,393,Radiographs/393.JPG,1615,840,136,111,1482,801,1.0,32,4.35
tufts,394,Radiographs/394.JPG,1615,840,227,174,1415,803,0.9999,29,3.34
tufts,395,Radiographs/395.JPG,1615,840,232,207,1415,840,0.9997,32,3.53
tufts,396,Radiographs/396.JPG,1615,840,148,99,1495,788,1.0,31,3.51
tufts,397,Radiographs/397.JPG,1615,840,142,91,1520,823,1.0,32,3.46
tufts,398,Radiographs/398.JPG,1615,840,129,186,1474,790,1.0,28,3.78
tufts,399,Radiographs/399.JPG,1615,840,147,196,1439,813,1.0,30,3.62
tufts,4,Radiographs/4.JPG,1615,840,137,127,1466,840,1.0,28,3.43
tufts,40,Radiographs/40.JPG,1615,840,95,123,1491,837,1.0,28,3.56
tufts,400,Radiographs/400.JPG,1615,840,96,162,1480,837,1.0,8,3.46
tufts,401,Radiographs/401.JPG,1615,840,99,230,1483,806,1.0,11,3.31
tufts,402,Radiographs/402.JPG,1615,840,101,89,1527,803,0.9999,31,3.44
tufts,403,Radiographs/403.JPG,1615,840,187,191,1428,813,1.0,30,3.55
tufts,404,Radiographs/404.JPG,1615,840,75,13,1488,804,1.0,27,3.3
tufts,406,Radiographs/406.JPG,1615,840,136,84,1498,814,1.0,27,3.36
tufts,407,Radiographs/407.JPG,1615,840,84,136,1489,785,1.0,32,3.51
tufts,408,Radiographs/408.JPG,1615,840,180,98,1447,789,1.0,21,3.69
tufts,409,Radiographs/409.JPG,1615,840,131,215,1450,839,1.0,30,3.42
tufts,410,Radiographs/410.JPG,1615,840,113,128,1517,811,1.0,30,3.76
tufts,411,Radiographs/411.JPG,1615,840,112,38,1546,722,1.0,1,3.87
tufts,412,Radiographs/412.JPG,1615,840,179,210,1442,819,1.0,32,3.28
tufts,413,Radiographs/413.JPG,1615,840,143,77,1480,840,1.0,28,3.38
tufts,415,Radiographs/415.JPG,1615,840,79,37,1524,809,1.0,31,3.59
tufts,416,Radiographs/416.JPG,1615,840,28,121,1567,785,1.0,12,2.7
tufts,417,Radiographs/417.JPG,1615,840,145,149,1424,797,1.0,1,3.08
tufts,418,Radiographs/418.JPG,1615,840,195,170,1478,803,1.0,26,2.87
tufts,419,Radiographs/419.JPG,1615,840,117,117,1498,785,1.0,28,2.54
tufts,42,Radiographs/42.JPG,1615,840,142,94,1463,779,1.0,21,2.8
tufts,420,Radiographs/420.JPG,1615,840,79,165,1545,808,1.0,27,2.3
tufts,421,Radiographs/421.JPG,1615,840,69,147,1574,830,1.0,30,2.51
tufts,422,Radiographs/422.JPG,1615,840,85,38,1517,827,1.0,28,2.76
tufts,423,Radiographs/423.JPG,1615,840,151,148,1443,806,1.0,31,2.31
tufts,424,Radiographs/424.JPG,1615,840,133,158,1451,778,1.0,28,2.64
tufts,425,Radiographs/425.JPG,1615,840,216,146,1452,776,1.0,33,2.92
tufts,426,Radiographs/426.JPG,1615,840,53,52,1506,812,1.0,31,2.5
tufts,427,Radiographs/427.JPG,1615,840,82,80,1544,832,1.0,26,2.68
tufts,428,Radiographs/428.JPG,1615,840,154,141,1477,798,1.0,28,2.5
tufts,429,Radiographs/429.JPG,1615,840,126,199,1498,780,1.0,32,2.49
tufts,43,Radiographs/43.JPG,1615,840,151,151,1471,821,1.0,28,2.76
tufts,430,Radiographs/430.JPG,1615,840,173,225,1459,809,0.9995,28,2.62
tufts,431,Radiographs/431.JPG,1615,840,207,154,1426,765,1.0,28,2.31
tufts,432,Radiographs/432.JPG,1615,840,0,68,1522,822,1.0,32,2.85
tufts,433,Radiographs/433.JPG,1615,840,153,151,1445,840,1.0,25,2.3
tufts,434,Radiographs/434.JPG,1615,840,133,126,1385,804,1.0,10,2.37
tufts,435,Radiographs/435.JPG,1615,840,133,179,1489,810,1.0,32,2.66
tufts,436,Radiographs/436.JPG,1615,840,115,40,1520,784,1.0,21,2.31
tufts,437,Radiographs/437.JPG,1615,840,210,172,1460,818,1.0,29,2.46
tufts,438,Radiographs/438.JPG,1615,840,144,80,1475,792,1.0,30,3.0
tufts,439,Radiographs/439.JPG,1615,840,36,149,1545,776,1.0,18,2.3
tufts,44,Radiographs/44.JPG,1615,840,51,139,1575,785,1.0,0,2.52
tufts,440,Radiographs/440.JPG,1615,840,202,37,1438,752,1.0,32,3.09
tufts,441,Radiographs/441.JPG,1615,840,187,173,1447,817,1.0,11,2.53
tufts,442,Radiographs/442.JPG,1615,840,160,114,1459,795,1.0,32,2.93
tufts,443,Radiographs/443.JPG,1615,840,126,136,1459,840,1.0,30,3.15
tufts,444,Radiographs/444.JPG,1615,840,138,139,1497,785,1.0,12,3.11
tufts,445,Radiographs/445.JPG,1615,840,114,130,1466,829,1.0,23,2.94
tufts,446,Radiographs/446.JPG,1615,840,161,108,1493,829,1.0,27,2.69
tufts,447,Radiographs/447.JPG,1615,840,155,41,1465,809,1.0,22,3.03
tufts,448,Radiographs/448.JPG,1615,840,166,131,1444,814,1.0,31,2.99
tufts,449,Radiographs/449.JPG,1615,840,131,124,1477,805,1.0,30,3.0
tufts,45,Radiographs/45.JPG,1615,840,84,199,1534,823,1.0,28,2.79
tufts,450,Radiographs/450.JPG,1615,840,83,159,1470,805,1.0,24,3.35
tufts,451,Radiographs/451.JPG,1615,840,127,107,1469,829,1.0,32,3.56
tufts,452,Radiographs/452.JPG,1615,840,72,158,1475,793,1.0,28,3.83
tufts,453,Radiographs/453.JPG,1615,840,149,175,1493,808,1.0,34,4.08
tufts,454,Radiographs/454.JPG,1615,840,132,153,1507,804,1.0,28,4.28
tufts,455,Radiographs/455.JPG,1615,840,85,130,1512,834,1.0,32,4.16
tufts,456,Radiographs/456.JPG,1615,840,169,120,1429,795,1.0,32,3.74
tufts,457,Radiographs/457.JPG,1615,840,109,103,1497,818,1.0,30,4.08
tufts,458,Radiographs/458.JPG,1615,840,224,224,1409,826,0.9992,24,3.97
tufts,459,Radiographs/459.JPG,1615,840,79,143,1481,759,1.0,0,3.46
tufts,46,Radiographs/46.JPG,1615,840,73,87,1481,840,1.0,32,3.89
tufts,460,Radiographs/460.JPG,1615,840,104,86,1570,802,1.0,32,4.29
tufts,461,Radiographs/461.JPG,1615,840,187,168,1465,774,1.0,31,3.89
tufts,462,Radiographs/462.JPG,1615,840,79,166,1433,774,1.0,18,5.43
tufts,463,Radiographs/463.JPG,1615,840,152,97,1430,840,1.0,27,4.69
tufts,464,Radiographs/464.JPG,1615,840,82,122,1593,794,1.0,31,3.77
tufts,465,Radiographs/465.JPG,1615,840,191,157,1422,818,1.0,23,4.11
tufts,466,Radiographs/466.JPG,1615,840,111,114,1547,802,1.0,28,3.7
tufts,467,Radiographs/467.JPG,1615,840,145,74,1433,814,1.0,27,3.55
tufts,468,Radiographs/468.JPG,1615,840,183,141,1424,754,1.0,22,2.81
tufts,469,Radiographs/469.JPG,1615,840,219,165,1431,778,1.0,32,3.78
tufts,47,Radiographs/47.JPG,1615,840,115,131,1488,820,1.0,28,3.06
tufts,470,Radiographs/470.JPG,1615,840,73,148,1480,834,1.0,8,2.9
tufts,471,Radiographs/471.JPG,1615,840,75,115,1527,821,1.0,31,2.83
tufts,472,Radiographs/472.JPG,1615,840,139,146,1491,799,1.0,28,2.7
tufts,473,Radiographs/473.JPG,1615,840,70,28,1529,807,1.0,23,3.62
tufts,474,Radiographs/474.JPG,1615,840,70,102,1523,772,1.0,24,3.67
tufts,475,Radiographs/475.JPG,1615,840,145,181,1507,826,1.0,32,3.65
tufts,476,Radiographs/476.JPG,1615,840,133,45,1490,781,1.0,33,3.83
tufts,477,Radiographs/477.JPG,1615,840,224,147,1402,816,1.0,15,3.28
tufts,478,Radiographs/478.JPG,1615,840,57,112,1519,814,1.0,26,3.38
tufts,479,Radiographs/479.JPG,1615,840,116,147,1482,812,0.9999,20,3.85
tufts,48,Radiographs/48.JPG,1615,840,123,36,1482,799,0.9999,27,3.93
tufts,480,Radiographs/480.JPG,1615,840,110,72,1427,811,1.0,21,4.0
tufts,481,Radiographs/481.JPG,1615,840,153,170,1464,778,1.0,32,3.9
tufts,482,Radiographs/482.JPG,1615,840,84,127,1511,809,1.0,16,4.79
tufts,484,Radiographs/484.JPG,1615,840,167,155,1411,817,1.0,31,3.73
tufts,485,Radiographs/485.JPG,1615,840,11,145,1535,824,1.0,20,3.38
tufts,486,Radiographs/486.JPG,1615,840,165,41,1441,810,1.0,32,3.46
tufts,487,Radiographs/487.JPG,1615,840,57,275,1609,825,1.0,3,3.19
tufts,488,Radiographs/488.JPG,1615,840,79,127,1458,785,1.0,25,3.16
tufts,489,Radiographs/489.JPG,1615,840,103,153,1493,814,1.0,31,3.59
tufts,49,Radiographs/49.JPG,1615,840,135,122,1464,791,1.0,32,3.65
tufts,490,Radiographs/490.JPG,1615,840,111,154,1503,810,1.0,27,3.19
tufts,491,Radiographs/491.JPG,1615,840,97,62,1517,794,1.0,28,2.92
tufts,492,Radiographs/492.JPG,1615,840,106,140,1453,840,1.0,28,3.04
tufts,493,Radiographs/493.JPG,1615,840,215,260,1414,840,0.9978,35,3.16
tufts,494,Radiographs/494.JPG,1615,840,171,177,1462,803,1.0,32,2.83
tufts,495,Radiographs/495.JPG,1615,840,71,100,1516,815,1.0,28,3.73
tufts,496,Radiographs/496.JPG,1615,840,220,185,1457,770,0.8484,12,3.65
tufts,497,Radiographs/497.JPG,1615,840,104,188,1460,802,1.0,32,3.77
tufts,498,Radiographs/498.JPG,1615,840,84,142,1517,819,1.0,26,3.69
tufts,499,Radiographs/499.JPG,1615,840,113,132,1516,780,1.0,22,3.61
tufts,5,Radiographs/5.JPG,1615,840,100,147,1480,840,1.0,28,3.56
tufts,50,Radiographs/50.JPG,1615,840,105,182,1528,832,1.0,32,3.24
tufts,500,Radiographs/500.JPG,1615,840,43,95,1518,840,1.0,28,3.36
tufts,501,Radiographs/501.JPG,1615,840,42,271,1516,824,1.0,0,3.21
tufts,502,Radiographs/502.JPG,1615,840,143,123,1477,811,1.0,28,3.74
tufts,503,Radiographs/503.JPG,1615,840,65,258,1571,801,1.0,0,3.14
tufts,504,Radiographs/504.JPG,1615,840,36,122,1509,830,1.0,21,3.68
tufts,505,Radiographs/505.JPG,1615,840,120,136,1496,810,1.0,26,3.52
tufts,506,Radiographs/506.JPG,1615,840,91,98,1504,831,1.0,30,3.38
tufts,507,Radiographs/507.JPG,1615,840,137,169,1471,793,1.0,27,3.57
tufts,508,Radiographs/508.JPG,1615,840,186,200,1427,783,1.0,26,3.97
tufts,509,Radiographs/509.JPG,1615,840,176,240,1460,816,0.9994,21,3.8
tufts,51,Radiographs/51.JPG,1615,840,162,79,1486,810,1.0,32,3.53
tufts,510,Radiographs/510.JPG,1615,840,132,140,1449,797,1.0,30,3.1
tufts,511,Radiographs/511.JPG,1615,840,125,215,1502,836,1.0,24,2.98
tufts,512,Radiographs/512.JPG,1615,840,64,23,1547,820,1.0,32,2.98
tufts,513,Radiographs/513.JPG,1615,840,0,60,1570,830,1.0,10,2.79
tufts,514,Radiographs/514.JPG,1615,840,79,146,1504,839,1.0,24,3.42
tufts,515,Radiographs/515.JPG,1615,840,123,155,1547,798,1.0,0,3.26
tufts,516,Radiographs/516.JPG,1615,840,113,94,1479,839,1.0,24,3.45
tufts,518,Radiographs/518.JPG,1615,840,108,132,1524,791,1.0,23,3.64
tufts,519,Radiographs/519.JPG,1615,840,195,179,1458,771,0.9998,21,3.63
tufts,52,Radiographs/52.JPG,1615,840,111,175,1504,800,1.0,32,3.37
tufts,521,Radiographs/521.JPG,1615,840,172,200,1463,806,1.0,27,3.35
tufts,522,Radiographs/522.JPG,1615,840,71,128,1473,782,1.0,27,3.56
tufts,523,Radiographs/523.JPG,1615,840,104,167,1502,817,1.0,32,3.06
tufts,524,Radiographs/524.JPG,1615,840,137,168,1473,777,1.0,30,3.62
tufts,525,Radiographs/525.JPG,1615,840,101,169,1481,798,1.0,26,3.65
tufts,526,Radiographs/526.JPG,1615,840,87,189,1484,812,1.0,0,3.08
tufts,527,Radiographs/527.JPG,1615,840,72,185,1549,823,1.0,16,3.32
tufts,528,Radiographs/528.JPG,1615,840,121,153,1425,803,0.9998,0,3.24
tufts,529,Radiographs/529.JPG,1615,840,91,133,1460,786,1.0,15,3.66
tufts,53,Radiographs/53.JPG,1615,840,45,110,1522,766,1.0,22,3.34
tufts,530,Radiographs/530.JPG,1615,840,149,153,1447,828,1.0,16,3.62
tufts,531,Radiographs/531.JPG,1615,840,77,130,1511,792,1.0,17,3.43
tufts,532,Radiographs/532.JPG,1615,840,102,105,1508,785,1.0,26,3.81
tufts,533,Radiographs/533.JPG,1615,840,106,187,1465,794,1.0,27,3.62
tufts,534,Radiographs/534.JPG,1615,840,86,169,1513,829,1.0,24,2.75
tufts,535,Radiographs/535.JPG,1615,840,138,200,1508,837,1.0,27,2.75
tufts,536,Radiographs/536.JPG,1615,840,59,98,1569,838,1.0,17,2.84
tufts,537,Radiographs/537.JPG,1615,840,131,151,1450,810,0.9999,18,2.48
tufts,538,Radiographs/538.JPG,1615,840,149,125,1447,787,1.0,28,2.87
tufts,539,Radiographs/539.JPG,1615,840,113,106,1465,813,1.0,14,3.01
tufts,54,Radiographs/54.JPG,1615,840,152,137,1476,795,1.0,27,3.62
tufts,540,Radiographs/540.JPG,1615,840,58,169,1520,822,1.0,4,3.5
tufts,541,Radiographs/541.JPG,1615,840,195,225,1468,827,0.9997,12,4.03
tufts,542,Radiographs/542.JPG,1615,840,149,154,1444,817,1.0,24,3.44
tufts,543,Radiographs/543.JPG,1615,840,134,107,1468,820,1.0,22,3.82
tufts,544,Radiographs/544.JPG,1615,840,103,179,1539,799,1.0,30,3.41
tufts,545,Radiographs/545.JPG,1615,840,64,154,1497,829,1.0,27,3.53
tufts,546,Radiographs/546.JPG,1615,840,44,115,1567,812,1.0,24,3.21
tufts,547,Radiographs/547.JPG,1615,840,131,145,1475,770,1.0,28,3.5
tufts,548,Radiographs/548.JPG,1615,840,150,126,1447,822,1.0,30,3.55
tufts,549,Radiographs/549.JPG,1615,840,254,139,1448,807,0.9999,28,3.67
tufts,55,Radiographs/55.JPG,1615,840,152,178,1428,804,1.0,31,3.01
tufts,550,Radiographs/550.JPG,1615,840,106,123,1555,812,1.0,25,3.31
tufts,551,Radiographs/551.JPG,1615,840,101,151,1512,822,1.0,26,3.46
tufts,552,Radiographs/552.JPG,1615,840,101,221,1488,836,1.0,27,3.33
tufts,553,Radiographs/553.JPG,1615,840,63,123,1467,794,1.0,22,3.2
tufts,554,Radiographs/554.JPG,1615,840,104,93,1487,785,1.0,15,3.24
tufts,555,Radiographs/555.JPG,1615,840,122,140,1472,789,1.0,32,3.22
tufts,556,Radiographs/556.JPG,1615,840,126,86,1511,783,1.0,11,2.55
tufts,557,Radiographs/557.JPG,1615,840,102,166,1456,840,1.0,28,2.94
tufts,558,Radiographs/558.JPG,1615,840,137,179,1452,811,1.0,28,2.99
tufts,559,Radiographs/559.JPG,1615,840,96,167,1490,806,1.0,24,3.26
tufts,56,Radiographs/56.JPG,1615,840,160,239,1446,825,1.0,28,3.78
tufts,560,Radiographs/560.JPG,1615,840,82,44,1550,810,1.0,28,4.1
tufts,561,Radiographs/561.JPG,1615,840,115,124,1458,811,0.9976,9,3.68
tufts,562,Radiographs/562.JPG,1615,840,17,68,1615,818,1.0,23,3.56
tufts,563,Radiographs/563.JPG,1615,840,160,179,1466,808,1.0,26,3.74
tufts,564,Radiographs/564.JPG,1615,840,39,97,1615,808,1.0,16,3.52
tufts,565,Radiographs/565.JPG,1615,840,66,130,1522,794,1.0,20,4.29
tufts,566,Radiographs/566.JPG,1615,840,57,156,1595,818,1.0,10,3.51
tufts,567,Radiographs/567.JPG,1615,840,129,176,1457,802,1.0,26,4.02
tufts,568,Radiographs/568.JPG,1615,840,49,184,1512,811,1.0,12,4.08
tufts,569,Radiographs/569.JPG,1615,840,131,118,1494,811,1.0,10,3.89
tufts,57,Radiographs/57.JPG,1615,840,1,68,1546,802,1.0,28,3.58
tufts,570,Radiographs/570.JPG,1615,840,99,131,1474,839,1.0,27,3.95
tufts,571,Radiographs/571.JPG,1615,840,119,150,1449,827,1.0,19,3.6
tufts,572,Radiographs/572.JPG,1615,840,238,179,1443,821,0.9999,30,3.88
tufts,573,Radiographs/573.JPG,1615,840,141,30,1457,775,1.0,31,3.44
tufts,574,Radiographs/574.JPG,1615,840,125,112,1512,834,1.0,32,3.68
tufts,575,Radiographs/575.JPG,1615,840,32,240,1571,820,1.0,9,3.37
tufts,576,Radiographs/576.JPG,1615,840,141,89,1511,788,1.0,13,3.49
tufts,577,Radiographs/577.JPG,1615,840,106,166,1494,787,1.0,28,3.43
tufts,579,Radiographs/579.JPG,1615,840,47,115,1526,832,1.0,29,3.17
tufts,58,Radiographs/58.JPG,1615,840,105,86,1526,836,1.0,24,3.08
tufts,580,Radiographs/580.JPG,1615,840,190,212,1444,790,0.9382,11,3.04
tufts,581,Radiographs/581.JPG,1615,840,35,66,1524,787,1.0,26,3.1
tufts,582,Radiographs/582.JPG,1615,840,125,24,1453,780,1.0,29,3.31
tufts,583,Radiographs/583.JPG,1615,840,115,257,1449,831,1.0,33,3.53
tufts,584,Radiographs/584.JPG,1615,840,170,233,1463,835,1.0,33,4.12
tufts,585,Radiographs/585.JPG,1615,840,196,238,1410,822,1.0,14,3.49
tufts,586,Radiographs/586.JPG,1615,840,51,287,1470,836,1.0,15,3.46
tufts,587,Radiographs/587.JPG,1615,840,9,104,1599,832,1.0,30,3.48
tufts,588,Radiographs/588.JPG,1615,840,89,140,1473,817,1.0,24,3.79
tufts,589,Radiographs/589.JPG,1615,840,36,108,1493,798,1.0,31,3.43
tufts,59,Radiographs/59.JPG,1615,840,52,223,1515,810,1.0,1,3.5
tufts,590,Radiographs/590.JPG,1615,840,147,212,1458,808,1.0,28,3.36
tufts,591,Radiographs/591.JPG,1615,840,147,212,1458,808,1.0,28,3.71
tufts,592,Radiographs/592.JPG,1615,840,89,177,1476,816,1.0,30,3.62
tufts,593,Radiographs/593.JPG,1615,840,151,98,1466,788,1.0,25,3.54
tufts,594,Radiographs/594.JPG,1615,840,194,197,1475,806,1.0,29,3.49
tufts,595,Radiographs/595.JPG,1615,840,166,202,1466,833,1.0,28,3.76
tufts,596,Radiographs/596.JPG,1615,840,76,183,1492,817,1.0,30,3.74
tufts,597,Radiographs/597.JPG,1615,840,131,84,1481,796,1.0,27,3.96
tufts,598,Radiographs/598.JPG,1615,840,108,155,1528,778,1.0,27,2.74
tufts,599,Radiographs/599.JPG,1615,840,134,120,1443,783,1.0,32,2.94
tufts,6,Radiographs/6.JPG,1615,840,67,103,1506,831,1.0,0,2.69
tufts,60,Radiographs/60.JPG,1615,840,16,89,1581,800,1.0,20,2.67
tufts,600,Radiographs/600.JPG,1615,840,24,133,1485,817,1.0,16,2.77
tufts,602,Radiographs/602.JPG,1615,840,167,128,1424,804,1.0,30,2.79
tufts,603,Radiographs/603.JPG,1615,840,125,137,1485,811,1.0,30,2.93
tufts,604,Radiographs/604.JPG,1615,840,25,124,1574,826,1.0,25,2.88
tufts,605,Radiographs/605.JPG,1615,840,207,163,1485,785,0.9997,17,2.93
tufts,606,Radiographs/606.JPG,1615,840,223,131,1451,739,1.0,32,2.56
tufts,607,Radiographs/607.JPG,1615,840,0,20,1494,758,1.0,13,2.88
tufts,608,Radiographs/608.JPG,1615,840,103,75,1514,826,1.0,26,2.91
tufts,609,Radiographs/609.JPG,1615,840,187,105,1433,801,1.0,30,2.65
tufts,61,Radiographs/61.JPG,1615,840,117,168,1483,801,1.0,29,2.52
tufts,610,Radiographs/610.JPG,1615,840,132,220,1477,798,1.0,27,3.0
tufts,611,Radiographs/611.JPG,1615,840,129,149,1499,821,1.0,22,3.31
tufts,612,Radiographs/612.JPG,1615,840,132,200,1551,833,1.0,0,2.97
tufts,613,Radiographs/613.JPG,1615,840,93,121,1473,822,1.0,30,3.24
tufts,614,Radiographs/614.JPG,1615,840,65,111,1500,795,1.0,6,3.09
tufts,615,Radiographs/615.JPG,1615,840,146,159,1445,834,1.0,22,3.41
tufts,616,Radiographs/616.JPG,1615,840,28,163,1537,805,1.0,19,2.76
tufts,617,Radiographs/617.JPG,1615,840,29,107,1531,799,1.0,24,3.45
tufts,618,Radiographs/618.JPG,1615,840,72,185,1539,803,1.0,21,29.41
tufts,619,Radiographs/619.JPG,1615,840,54,112,1515,813,1.0,25,5.03
tufts,62,Radiographs/62.JPG,1615,840,35,92,1529,814,1.0,25,2.89
tufts,620,Radiographs/620.JPG,1615,840,64,190,1579,809,1.0,15,2.65
tufts,621,Radiographs/621.JPG,1615,840,42,172,1519,810,1.0,24,2.44
tufts,622,Radiographs/622.JPG,1615,840,78,71,1519,787,1.0,10,2.47
tufts,623,Radiographs/623.JPG,1615,840,96,142,1526,818,1.0,26,2.41
tufts,624,Radiographs/624.JPG,1615,840,81,175,1486,835,1.0,29,2.36
tufts,625,Radiographs/625.JPG,1615,840,105,94,1477,834,1.0,29,4.19
tufts,626,Radiographs/626.JPG,1615,840,110,88,1486,808,1.0,24,2.39
tufts,627,Radiographs/627.JPG,1615,840,115,211,1535,818,1.0,17,2.18
tufts,628,Radiographs/628.JPG,1615,840,145,99,1479,840,0.9999,24,2.3
tufts,629,Radiographs/629.JPG,1615,840,140,199,1478,788,1.0,11,2.17
tufts,63,Radiographs/63.JPG,1615,840,115,123,1450,795,1.0,21,2.19
tufts,630,Radiographs/630.JPG,1615,840,114,124,1486,798,1.0,27,2.22
tufts,631,Radiographs/631.JPG,1615,840,109,141,1501,823,1.0,28,2.27
tufts,632,Radiographs/632.JPG,1615,840,91,50,1490,820,1.0,32,2.32
tufts,633,Radiographs/633.JPG,1615,840,144,215,1471,819,1.0,30,2.22
tufts,634,Radiographs/634.JPG,1615,840,131,80,1459,802,1.0,23,2.21
tufts,635,Radiographs/635.JPG,1615,840,80,67,1491,812,1.0,11,2.15
tufts,636,Radiographs/636.JPG,1615,840,206,208,1442,816,1.0,31,2.24
tufts,637,Radiographs/637.JPG,1615,840,142,140,1422,832,1.0,31,2.34
tufts,638,Radiographs/638.JPG,1615,840,78,85,1522,795,1.0,28,2.29
tufts,639,Radiographs/639.JPG,1615,840,117,105,1476,840,1.0,27,2.27
tufts,64,Radiographs/64.JPG,1615,840,113,172,1405,823,1.0,12,2.2
tufts,640,Radiographs/640.JPG,1615,840,35,184,1549,787,1.0,22,2.21
tufts,641,Radiographs/641.JPG,1615,840,51,199,1506,788,1.0,22,2.25
tufts,642,Radiographs/642.JPG,1615,840,147,56,1475,811,1.0,28,2.34
tufts,643,Radiographs/643.JPG,1615,840,109,100,1477,815,1.0,16,2.27
tufts,644,Radiographs/644.JPG,1615,840,115,18,1507,811,1.0,26,2.33
tufts,645,Radiographs/645.JPG,1615,840,92,122,1502,839,1.0,22,2.27
tufts,646,Radiographs/646.JPG,1615,840,55,137,1533,809,1.0,27,2.23
tufts,647,Radiographs/647.JPG,1615,840,219,211,1442,813,1.0,30,2.22
tufts,648,Radiographs/648.JPG,1615,840,127,131,1519,790,1.0,25,2.2
tufts,649,Radiographs/649.JPG,1615,840,115,118,1490,833,1.0,29,2.25
tufts,65,Radiographs/65.JPG,1615,840,98,217,1485,816,1.0,23,2.22
tufts,650,Radiographs/650.JPG,1615,840,172,147,1459,822,1.0,6,2.15
tufts,651,Radiographs/651.JPG,1615,840,138,53,1450,797,1.0,9,2.24
tufts,652,Radiographs/652.JPG,1615,840,121,186,1539,783,1.0,8,2.2
tufts,653,Radiographs/653.JPG,1615,840,101,232,1469,811,1.0,28,2.33
tufts,654,Radiographs/654.JPG,1615,840,108,215,1503,820,1.0,24,2.28
tufts,655,Radiographs/655.JPG,1615,840,106,161,1506,799,1.0,32,2.29
tufts,656,Radiographs/656.JPG,1615,840,92,114,1515,812,1.0,21,2.25
tufts,657,Radiographs/657.JPG,1615,840,62,224,1520,837,1.0,27,2.28
tufts,658,Radiographs/658.JPG,1615,840,87,0,1395,742,0.9901,20,2.27
tufts,659,Radiographs/659.JPG,1615,840,137,146,1507,807,1.0,23,2.23
tufts,66,Radiographs/66.JPG,1615,840,103,92,1491,791,1.0,30,2.27
tufts,660,Radiographs/660.JPG,1615,840,97,50,1486,808,0.9997,5,2.11
tufts,661,Radiographs/661.JPG,1615,840,65,85,1559,805,1.0,24,2.25
tufts,662,Radiographs/662.JPG,1615,840,195,97,1462,794,1.0,29,2.24
tufts,663,Radiographs/663.JPG,1615,840,140,136,1491,794,1.0,25,2.38
tufts,664,Radiographs/664.JPG,1615,840,71,155,1515,789,1.0,30,2.21
tufts,665,Radiographs/665.JPG,1615,840,172,195,1457,809,1.0,30,2.27
tufts,666,Radiographs/666.JPG,1615,840,116,239,1472,794,1.0,0,2.09
tufts,667,Radiographs/667.JPG,1615,840,203,220,1458,815,0.9978,23,2.24
tufts,67,Radiographs/67.JPG,1615,840,86,108,1520,796,1.0,21,2.21
tufts,670,Radiographs/670.JPG,1615,840,75,171,1504,798,1.0,28,2.24
tufts,672,Radiographs/672.JPG,1615,840,95,192,1472,807,1.0,23,2.19
tufts,673,Radiographs/673.JPG,1615,840,166,117,1453,788,1.0,33,2.33
tufts,674,Radiographs/674.JPG,1615,840,68,158,1542,840,1.0,22,2.22
tufts,675,Radiographs/675.JPG,1615,840,105,79,1525,795,1.0,30,2.22
tufts,676,Radiographs/676.JPG,1615,840,66,79,1536,797,1.0,27,2.21
tufts,677,Radiographs/677.JPG,1615,840,79,184,1566,819,1.0,30,2.22
tufts,678,Radiographs/678.JPG,1615,840,67,179,1554,807,1.0,24,2.17
tufts,679,Radiographs/679.JPG,1615,840,47,181,1546,831,1.0,23,2.2
tufts,68,Radiographs/68.JPG,1615,840,130,134,1473,795,1.0,32,2.29
tufts,680,Radiographs/680.JPG,1615,840,187,167,1451,795,1.0,30,2.32
tufts,681,Radiographs/681.JPG,1615,840,66,103,1553,781,1.0,24,2.24
tufts,682,Radiographs/682.JPG,1615,840,196,199,1441,828,1.0,32,2.48
tufts,683,Radiographs/683.JPG,1615,840,171,151,1451,803,1.0,32,2.3
tufts,684,Radiographs/684.JPG,1615,840,29,66,1598,824,1.0,27,2.25
tufts,685,Radiographs/685.JPG,1615,840,41,137,1539,797,1.0,10,2.16
tufts,687,Radiographs/687.JPG,1615,840,91,60,1545,747,1.0,16,2.21
tufts,688,Radiographs/688.JPG,1615,840,16,148,1512,807,1.0,30,2.27
tufts,69,Radiographs/69.JPG,1615,840,73,71,1540,824,1.0,26,2.24
tufts,690,Radiographs/690.JPG,1615,840,182,224,1465,814,1.0,31,2.2
tufts,691,Radiographs/691.JPG,1615,840,0,36,1595,718,1.0,24,2.21
tufts,693,Radiographs/693.JPG,1615,840,108,79,1535,811,1.0,29,2.27
tufts,694,Radiographs/694.JPG,1615,840,72,162,1531,840,1.0,29,2.32
tufts,695,Radiographs/695.JPG,1615,840,98,167,1487,800,1.0,29,2.25
tufts,696,Radiographs/696.JPG,1615,840,85,85,1535,805,1.0,33,2.34
tufts,697,Radiographs/697.JPG,1615,840,119,134,1406,802,1.0,28,2.27
tufts,698,Radiographs/698.JPG,1615,840,49,125,1538,816,1.0,21,2.23
tufts,699,Radiographs/699.JPG,1615,840,154,190,1419,840,1.0,27,2.25
tufts,7,Radiographs/7.JPG,1615,840,29,113,1600,823,1.0,32,2.29
tufts,70,Radiographs/70.JPG,1615,840,79,103,1477,840,1.0,28,2.27
tufts,700,Radiographs/700.JPG,1615,840,190,133,1415,801,1.0,34,2.31
tufts,701,Radiographs/701.JPG,1615,840,227,166,1425,807,0.9997,20,2.25
tufts,702,Radiographs/702.JPG,1615,840,177,215,1405,825,0.9999,18,2.19
tufts,703,Radiographs/703.JPG,1615,840,192,112,1413,829,1.0,32,2.27
tufts,704,Radiographs/704.JPG,1615,840,82,130,1501,833,1.0,30,2.23
tufts,705,Radiographs/705.JPG,1615,840,42,121,1543,825,1.0,32,2.28
tufts,706,Radiographs/706.JPG,1615,840,84,131,1602,808,1.0,0,2.05
tufts,707,Radiographs/707.JPG,1615,840,86,250,1477,808,1.0,29,2.25
tufts,708,Radiographs/708.JPG,1615,840,101,215,1479,820,0.9999,6,2.13
tufts,709,Radiographs/709.JPG,1615,840,0,124,1489,838,1.0,11,2.16
tufts,71,Radiographs/71.JPG,1615,840,66,105,1504,767,1.0,32,2.3
tufts,710,Radiographs/710.JPG,1615,840,8,78,1534,804,1.0,6,2.13
tufts,711,Radiographs/711.JPG,1615,840,151,175,1441,828,1.0,28,2.29
tufts,712,Radiographs/712.JPG,1615,840,94,52,1469,786,1.0,11,2.2
tufts,713,Radiographs/713.JPG,1615,840,150,214,1462,840,1.0,28,2.28
tufts,714,Radiographs/714.JPG,1615,840,83,36,1481,827,1.0,28,2.32
tufts,715,Radiographs/715.JPG,1615,840,67,141,1514,815,1.0,30,2.29
tufts,716,Radiographs/716.JPG,1615,840,137,133,1480,801,1.0,29,2.21
tufts,717,Radiographs/717.JPG,1615,840,121,224,1462,821,1.0,26,2.17
tufts,718,Radiographs/718.JPG,1615,840,187,198,1484,775,1.0,31,2.22
tufts,719,Radiographs/719.JPG,1615,840,169,254,1483,839,0.9901,14,2.15
tufts,72,Radiographs/72.JPG,1615,840,48,171,1543,821,1.0,12,2.14
tufts,720,Radiographs/720.JPG,1615,840,197,139,1433,814,1.0,30,2.28
tufts,721,Radiographs/721.JPG,1615,840,103,115,1484,798,1.0,20,2.22
tufts,722,Radiographs/722.JPG,1615,840,162,245,1467,809,1.0,2,2.07
tufts,723,Radiographs/723.JPG,1615,840,165,205,1469,818,1.0,31,2.31
tufts,724,Radiographs/724.JPG,1615,840,119,144,1480,805,1.0,27,2.26
tufts,725,Radiographs/725.JPG,1615,840,121,134,1455,805,1.0,22,2.26
tufts,726,Radiographs/726.JPG,1615,840,120,85,1494,827,1.0,32,2.32
tufts,727,Radiographs/727.JPG,1615,840,92,137,1516,815,1.0,9,2.17
tufts,728,Radiographs/728.JPG,1615,840,101,153,1509,840,1.0,32,2.33
tufts,729,Radiographs/729.JPG,1615,840,94,152,1508,840,1.0,28,2.22
tufts,730,Radiographs/730.JPG,1615,840,96,207,1506,840,1.0,27,2.18
tufts,731,Radiographs/731.JPG,1615,840,65,136,1507,811,1.0,28,2.27
tufts,732,Radiographs/732.JPG,1615,840,138,135,1460,793,1.0,32,2.22
tufts,733,Radiographs/733.JPG,1615,840,147,108,1526,824,1.0,23,2.28
tufts,734,Radiographs/734.JPG,1615,840,33,165,1535,804,1.0,24,2.22
tufts,735,Radiographs/735.JPG,1615,840,39,97,1529,780,1.0,24,2.28
tufts,736,Radiographs/736.JPG,1615,840,194,117,1428,824,1.0,26,2.3
tufts,737,Radiographs/737.JPG,1615,840,187,231,1455,810,1.0,29,2.24
tufts,738,Radiographs/738.JPG,1615,840,144,74,1460,800,1.0,32,2.35
tufts,739,Radiographs/739.JPG,1615,840,87,196,1393,812,1.0,12,2.17
tufts,74,Radiographs/74.JPG,1615,840,78,153,1531,805,1.0,32,2.24
tufts,740,Radiographs/740.JPG,1615,840,20,154,1520,814,1.0,25,2.22
tufts,741,Radiographs/741.JPG,1615,840,123,128,1594,795,1.0,12,2.16
tufts,742,Radiographs/742.JPG,1615,840,165,227,1451,819,1.0,28,2.19
tufts,743,Radiographs/743.JPG,1615,840,110,77,1492,771,1.0,28,2.21
tufts,744,Radiographs/744.JPG,1615,840,78,111,1455,809,1.0,34,2.27
tufts,745,Radiographs/745.JPG,1615,840,58,210,1527,823,1.0,23,2.22
tufts,746,Radiographs/746.JPG,1615,840,11,193,1500,803,1.0,23,2.18
tufts,747,Radiographs/747.JPG,1615,840,135,112,1495,804,1.0,23,2.28
tufts,748,Radiographs/748.JPG,1615,840,94,306,1480,840,0.9986,0,2.05
tufts,749,Radiographs/749.JPG,1615,840,128,204,1430,818,1.0,9,2.35
tufts,75,Radiographs/75.JPG,1615,840,176,188,1442,795,1.0,32,2.39
tufts,750,Radiographs/750.JPG,1615,840,91,217,1476,828,1.0,28,2.31
tufts,751,Radiographs/751.JPG,1615,840,125,218,1497,810,1.0,31,2.27
tufts,752,Radiographs/752.JPG,1615,840,51,69,1538,750,1.0,22,2.26
tufts,753,Radiographs/753.JPG,1615,840,115,162,1434,787,1.0,4,2.18
tufts,754,Radiographs/754.JPG,1615,840,224,253,1515,840,0.7103,15,2.23
tufts,755,Radiographs/755.JPG,1615,840,147,132,1496,774,1.0,29,2.3
tufts,756,Radiographs/756.JPG,1615,840,107,81,1465,822,1.0,27,2.28
tufts,758,Radiographs/758.JPG,1615,840,250,225,1462,827,0.9995,22,2.19
tufts,759,Radiographs/759.JPG,1615,840,78,146,1547,779,1.0,18,2.17
tufts,76,Radiographs/76.JPG,1615,840,112,132,1468,791,1.0,15,2.17
tufts,760,Radiographs/760.JPG,1615,840,88,166,1517,823,1.0,16,2.2
tufts,761,Radiographs/761.JPG,1615,840,175,139,1462,799,1.0,21,2.24
tufts,762,Radiographs/762.JPG,1615,840,89,61,1483,788,1.0,31,2.33
tufts,763,Radiographs/763.JPG,1615,840,83,132,1484,793,1.0,28,2.26
tufts,764,Radiographs/764.JPG,1615,840,60,55,1512,747,1.0,9,2.16
tufts,765,Radiographs/765.JPG,1615,840,195,127,1459,764,1.0,32,2.3
tufts,766,Radiographs/766.JPG,1615,840,50,108,1496,811,1.0,29,2.3
tufts,767,Radiographs/767.JPG,1615,840,48,96,1532,774,1.0,26,2.27
tufts,768,Radiographs/768.JPG,1615,840,87,191,1537,824,1.0,7,2.16
tufts,769,Radiographs/769.JPG,1615,840,106,92,1470,833,1.0,29,2.34
tufts,77,Radiographs/77.JPG,1615,840,101,91,1516,807,1.0,28,2.31
tufts,770,Radiographs/770.JPG,1615,840,171,250,1499,816,1.0,24,2.19
tufts,771,Radiographs/771.JPG,1615,840,97,211,1501,757,1.0,0,2.05
tufts,772,Radiographs/772.JPG,1615,840,111,56,1594,774,1.0,10,2.18
tufts,773,Radiographs/773.JPG,1615,840,137,127,1451,840,1.0,32,2.33
tufts,774,Radiographs/774.JPG,1615,840,157,108,1490,791,1.0,30,2.45
tufts,775,Radiographs/775.JPG,1615,840,161,67,1490,777,1.0,24,2.28
tufts,776,Radiographs/776.JPG,1615,840,0,26,1342,763,0.9998,18,2.29
tufts,777,Radiographs/777.JPG,1615,840,170,118,1413,818,1.0,32,2.33
tufts,778,Radiographs/778.JPG,1615,840,113,191,1541,824,1.0,30,2.27
tufts,779,Radiographs/779.JPG,1615,840,108,153,1459,837,1.0,32,2.59
tufts,78,Radiographs/78.JPG,1615,840,139,234,1417,810,1.0,26,2.62
tufts,780,Radiographs/780.JPG,1615,840,92,146,1485,828,1.0,32,2.73
tufts,781,Radiographs/781.JPG,1615,840,86,193,1528,806,1.0,27,2.58
tufts,782,Radiographs/782.JPG,1615,840,152,169,1474,797,1.0,32,2.51
tufts,783,Radiographs/783.JPG,1615,840,97,87,1526,807,1.0,28,2.65
tufts,784,Radiographs/784.JPG,1615,840,91,185,1522,821,1.0,35,2.68
tufts,785,Radiographs/785.JPG,1615,840,83,86,1468,823,1.0,32,3.01
tufts,786,Radiographs/786.JPG,1615,840,238,216,1423,825,0.9903,31,2.92
tufts,787,Radiographs/787.JPG,1615,840,59,74,1545,821,1.0,28,2.97
tufts,788,Radiographs/788.JPG,1615,840,101,113,1545,795,1.0,28,2.95
tufts,789,Radiographs/789.JPG,1615,840,246,192,1414,804,0.991,21,2.84
tufts,79,Radiographs/79.JPG,1615,840,161,22,1411,719,1.0,2,2.8
tufts,790,Radiographs/790.JPG,1615,840,81,146,1464,764,1.0,24,2.75
tufts,791,Radiographs/791.JPG,1615,840,116,58,1507,822,1.0,13,2.84
tufts,792,Radiographs/792.JPG,1615,840,197,162,1449,789,1.0,31,2.82
tufts,793,Radiographs/793.JPG,1615,840,34,116,1540,826,1.0,31,2.94
tufts,794,Radiographs/794.JPG,1615,840,187,196,1424,784,1.0,33,2.78
tufts,795,Radiographs/795.JPG,1615,840,101,157,1528,835,1.0,25,3.01
tufts,797,Radiographs/797.JPG,1615,840,204,161,1448,802,1.0,32,3.06
tufts,798,Radiographs/798.JPG,1615,840,138,0,1507,722,1.0,30,3.16
tufts,799,Radiographs/799.JPG,1615,840,137,121,1504,828,1.0,25,3.0
tufts,8,Radiographs/8.JPG,1615,840,27,48,1578,755,1.0,23,2.52
tufts,80,Radiographs/80.JPG,1615,840,159,74,1475,789,1.0,31,2.42
tufts,800,Radiographs/800.JPG,1615,840,25,164,1518,800,1.0,19,2.27
tufts,802,Radiographs/802.JPG,1615,840,32,189,1517,807,1.0,20,2.27
tufts,803,Radiographs/803.JPG,1615,840,31,118,1601,768,1.0,6,2.16
tufts,804,Radiographs/804.JPG,1615,840,34,150,1543,802,1.0,17,2.29
tufts,805,Radiographs/805.JPG,1615,840,222,168,1408,776,0.9973,3,2.14
tufts,806,Radiographs/806.JPG,1615,840,146,185,1460,802,1.0,34,2.32
tufts,807,Radiographs/807.JPG,1615,840,112,136,1510,785,1.0,23,2.25
tufts,808,Radiographs/808.JPG,1615,840,118,38,1571,789,1.0,27,2.27
tufts,809,Radiographs/809.JPG,1615,840,49,110,1491,784,1.0,24,2.24
tufts,81,Radiographs/81.JPG,1615,840,137,162,1440,832,1.0,24,2.26
tufts,810,Radiographs/810.JPG,1615,840,197,95,1425,790,1.0,31,2.34
tufts,811,Radiographs/811.JPG,1615,840,147,40,1491,774,1.0,34,2.31
tufts,812,Radiographs/812.JPG,1615,840,143,125,1465,840,0.9992,32,2.31
tufts,813,Radiographs/813.JPG,1615,840,135,172,1490,798,1.0,26,2.24
tufts,814,Radiographs/814.JPG,1615,840,73,172,1516,799,1.0,31,2.27
tufts,815,Radiographs/815.JPG,1615,840,91,161,1497,802,1.0,31,2.3
tufts,816,Radiographs/816.JPG,1615,840,123,266,1496,818,1.0,8,2.19
tufts,817,Radiographs/817.JPG,1615,840,127,253,1455,825,1.0,21,2.23
tufts,818,Radiographs/818.JPG,1615,840,131,182,1450,840,1.0,32,2.26
tufts,819,Radiographs/819.JPG,1615,840,68,100,1550,827,1.0,28,2.25
tufts,82,Radiographs/82.JPG,1615,840,99,170,1496,779,1.0,31,2.26
tufts,820,Radiographs/820.JPG,1615,840,195,106,1451,814,1.0,24,2.29
tufts,821,Radiographs/821.JPG,1615,840,94,128,1528,763,1.0,11,2.13
tufts,822,Radiographs/822.JPG,1615,840,47,166,1534,801,1.0,31,2.26
tufts,823,Radiographs/823.JPG,1615,840,21,136,1507,827,1.0,27,2.29
tufts,824,Radiographs/824.JPG,1615,840,130,149,1480,838,1.0,28,2.3
tufts,825,Radiographs/825.JPG,1615,840,118,58,1475,762,1.0,28,2.28
tufts,826,Radiographs/826.JPG,1615,840,65,287,1531,837,1.0,24,2.24
tufts,827,Radiographs/827.JPG,1615,840,93,92,1508,805,1.0,32,2.33
tufts,828,Radiographs/828.JPG,1615,840,181,169,1444,788,1.0,32,2.31
tufts,829,Radiographs/829.JPG,1615,840,27,167,1507,779,1.0,22,2.24
tufts,83,Radiographs/83.JPG,1615,840,124,156,1428,797,1.0,27,2.26
tufts,830,Radiographs/830.JPG,1615,840,152,166,1491,803,1.0,26,2.21
tufts,832,Radiographs/832.JPG,1615,840,60,86,1485,817,1.0,28,2.26
tufts,833,Radiographs/833.JPG,1615,840,137,197,1505,840,1.0,23,2.23
tufts,834,Radiographs/834.JPG,1615,840,144,151,1430,805,1.0,24,2.25
tufts,835,Radiographs/835.JPG,1615,840,81,138,1485,829,1.0,33,2.3
tufts,836,Radiographs/836.JPG,1615,840,0,205,1543,797,1.0,5,2.11
tufts,837,Radiographs/837.JPG,1615,840,84,48,1505,833,1.0,32,2.41
tufts,838,Radiographs/838.JPG,1615,840,192,192,1444,817,1.0,26,2.25
tufts,839,Radiographs/839.JPG,1615,840,105,226,1489,831,1.0,25,2.22
tufts,84,Radiographs/84.JPG,1615,840,131,121,1433,831,1.0,29,2.31
tufts,840,Radiographs/840.JPG,1615,840,85,91,1522,805,1.0,10,2.17
tufts,841,Radiographs/841.JPG,1615,840,64,198,1505,825,1.0,26,2.26
tufts,842,Radiographs/842.JPG,1615,840,112,165,1450,782,1.0,5,2.16
tufts,843,Radiographs/843.JPG,1615,840,94,181,1464,811,1.0,17,2.21
tufts,844,Radiographs/844.JPG,1615,840,36,101,1521,836,1.0,28,2.27
tufts,845,Radiographs/845.JPG,1615,840,126,244,1432,835,1.0,0,2.08
tufts,846,Radiographs/846.JPG,1615,840,172,253,1419,825,0.9995,24,2.23
tufts,847,Radiographs/847.JPG,1615,840,141,34,1424,786,1.0,28,2.3
tufts,848,Radiographs/848.JPG,1615,840,150,87,1458,816,1.0,31,2.35
tufts,849,Radiographs/849.JPG,1615,840,93,201,1460,828,1.0,26,2.25
tufts,85,Radiographs/85.JPG,1615,840,177,230,1483,822,0.9973,20,2.38
tufts,850,Radiographs/850.JPG,1615,840,78,58,1512,823,1.0,27,2.6
tufts,851,Radiographs/851.JPG,1615,840,141,68,1433,802,1.0,27,2.31
tufts,852,Radiographs/852.JPG,1615,840,140,131,1480,810,1.0,29,2.31
tufts,853,Radiographs/853.JPG,1615,840,244,185,1452,816,0.9887,28,2.29
tufts,854,Radiographs/854.JPG,1615,840,115,85,1513,799,1.0,11,2.3
tufts,855,Radiographs/855.JPG,1615,840,125,220,1525,830,1.0,28,2.25
tufts,856,Radiographs/856.JPG,1615,840,110,88,1502,771,1.0,0,2.11
tufts,857,Radiographs/857.JPG,1615,840,148,152,1516,802,1.0,28,2.31
tufts,859,Radiographs/859.JPG,1615,840,133,145,1486,815,1.0,25,2.19
tufts,86,Radiographs/86.JPG,1615,840,73,136,1501,819,1.0,18,2.2
tufts,860,Radiographs/860.JPG,1615,840,80,187,1550,794,1.0,27,2.23
tufts,861,Radiographs/861.JPG,1615,840,130,145,1472,840,1.0,29,2.28
tufts,862,Radiographs/862.JPG,1615,840,121,73,1485,808,1.0,28,2.35
tufts,864,Radiographs/864.JPG,1615,840,77,178,1526,834,1.0,28,2.3
tufts,865,Radiographs/865.JPG,1615,840,105,160,1532,815,1.0,11,2.21
tufts,866,Radiographs/866.JPG,1615,840,133,150,1484,831,1.0,28,2.37
tufts,867,Radiographs/867.JPG,1615,840,141,203,1462,840,1.0,28,2.32
tufts,868,Radiographs/868.JPG,1615,840,113,129,1514,786,1.0,30,2.25
tufts,869,Radiographs/869.JPG,1615,840,149,72,1462,795,0.9988,14,2.25
tufts,87,Radiographs/87.JPG,1615,840,132,155,1479,797,1.0,33,2.3
tufts,870,Radiographs/870.JPG,1615,840,193,164,1421,793,1.0,32,2.42
tufts,871,Radiographs/871.JPG,1615,840,48,84,1554,807,1.0,27,2.32
tufts,872,Radiographs/872.JPG,1615,840,175,155,1443,839,1.0,22,2.23
tufts,873,Radiographs/873.JPG,1615,840,64,99,1528,834,1.0,17,2.21
tufts,875,Radiographs/875.JPG,1615,840,109,69,1398,809,0.9998,6,2.23
tufts,876,Radiographs/876.JPG,1615,840,56,209,1476,821,1.0,22,2.29
tufts,877,Radiographs/877.JPG,1615,840,120,76,1491,832,1.0,28,2.31
tufts,878,Radiographs/878.JPG,1615,840,128,133,1475,814,1.0,28,2.27
tufts,879,Radiographs/879.JPG,1615,840,247,208,1419,833,0.9973,30,2.29
tufts,88,Radiographs/88.JPG,1615,840,126,54,1483,786,1.0,32,2.3
tufts,880,Radiographs/880.JPG,1615,840,93,189,1539,823,1.0,8,2.12
tufts,881,Radiographs/881.JPG,1615,840,107,97,1514,816,1.0,28,2.32
tufts,882,Radiographs/882.JPG,1615,840,98,137,1485,802,1.0,20,2.25
tufts,883,Radiographs/883.JPG,1615,840,117,61,1507,792,1.0,29,2.28
tufts,884,Radiographs/884.JPG,1615,840,122,13,1490,794,1.0,32,2.33
tufts,885,Radiographs/885.JPG,1615,840,88,190,1492,826,1.0,28,2.23
tufts,886,Radiographs/886.JPG,1615,840,159,194,1450,798,1.0,33,2.23
tufts,887,Radiographs/887.JPG,1615,840,147,79,1483,808,1.0,28,2.25
tufts,888,Radiographs/888.JPG,1615,840,0,179,1578,803,1.0,5,2.07
tufts,889,Radiographs/889.JPG,1615,840,101,171,1535,840,1.0,29,2.25
tufts,89,Radiographs/89.JPG,1615,840,68,87,1489,821,1.0,28,2.26
tufts,890,Radiographs/890.JPG,1615,840,157,106,1517,812,1.0,31,2.3
tufts,891,Radiographs/891.JPG,1615,840,88,144,1492,840,1.0,17,2.24
tufts,892,Radiographs/892.JPG,1615,840,133,163,1526,774,1.0,10,2.17
tufts,893,Radiographs/893.JPG,1615,840,115,169,1518,813,1.0,6,2.21
tufts,894,Radiographs/894.JPG,1615,840,116,141,1461,766,1.0,20,2.25
tufts,895,Radiographs/895.JPG,1615,840,105,107,1452,796,1.0,25,2.28
tufts,896,Radiographs/896.JPG,1615,840,143,99,1478,798,1.0,25,2.24
tufts,897,Radiographs/897.JPG,1615,840,98,157,1524,815,1.0,24,2.24
tufts,898,Radiographs/898.JPG,1615,840,161,182,1446,803,1.0,28,2.46
tufts,899,Radiographs/899.JPG,1615,840,10,77,1495,838,1.0,30,2.26
tufts,9,Radiographs/9.JPG,1615,840,121,43,1497,823,1.0,31,2.27
tufts,90,Radiographs/90.JPG,1615,840,128,202,1503,826,1.0,27,2.2
tufts,900,Radiographs/900.JPG,1615,840,89,166,1492,837,1.0,26,2.23
tufts,901,Radiographs/901.JPG,1615,840,187,149,1430,798,0.9999,28,2.25
tufts,902,Radiographs/902.JPG,1615,840,171,209,1387,813,1.0,30,2.26
tufts,903,Radiographs/903.JPG,1615,840,86,110,1468,816,0.9999,8,2.22
tufts,904,Radiographs/904.JPG,1615,840,18,128,1519,811,1.0,7,2.21
tufts,905,Radiographs/905.JPG,1615,840,0,131,1578,818,1.0,13,2.18
tufts,906,Radiographs/906.JPG,1615,840,230,93,1426,793,1.0,30,2.37
tufts,907,Radiographs/907.JPG,1615,840,128,195,1490,788,1.0,21,2.24
tufts,908,Radiographs/908.JPG,1615,840,148,82,1475,797,1.0,29,2.32
tufts,909,Radiographs/909.JPG,1615,840,71,108,1548,794,1.0,18,2.22
tufts,91,Radiographs/91.JPG,1615,840,146,90,1470,804,1.0,32,2.6
tufts,910,Radiographs/910.JPG,1615,840,139,175,1440,839,1.0,15,2.22
tufts,911,Radiographs/911.JPG,1615,840,148,78,1542,807,1.0,25,2.24
tufts,912,Radiographs/912.JPG,1615,840,100,175,1468,840,1.0,31,2.25
tufts,913,Radiographs/913.JPG,1615,840,136,110,1460,835,1.0,28,2.3
tufts,914,Radiographs/914.JPG,1615,840,66,131,1524,827,1.0,30,2.28
tufts,915,Radiographs/915.JPG,1615,840,131,97,1431,786,1.0,29,2.32
tufts,916,Radiographs/916.JPG,1615,840,147,158,1461,813,1.0,28,2.29
tufts,917,Radiographs/917.JPG,1615,840,119,118,1615,816,1.0,29,2.32
tufts,918,Radiographs/918.JPG,1615,840,8,214,1537,832,1.0,24,2.24
tufts,919,Radiographs/919.JPG,1615,840,153,73,1446,794,1.0,27,2.31
tufts,92,Radiographs/92.JPG,1615,840,143,122,1479,803,1.0,27,2.25
tufts,920,Radiographs/920.JPG,1615,840,74,55,1526,823,1.0,28,2.29
tufts,921,Radiographs/921.JPG,1615,840,90,59,1496,816,1.0,29,2.31
tufts,922,Radiographs/922.JPG,1615,840,98,69,1521,810,1.0,9,2.17
tufts,923,Radiographs/923.JPG,1615,840,106,234,1459,814,1.0,29,2.23
tufts,924,Radiographs/924.JPG,1615,840,138,166,1465,840,1.0,28,2.25
tufts,925,Radiographs/925.JPG,1615,840,117,29,1492,803,1.0,19,2.22
tufts,926,Radiographs/926.JPG,1615,840,49,159,1588,823,1.0,31,2.2
tufts,927,Radiographs/927.JPG,1615,840,116,140,1472,787,1.0,29,2.23
tufts,928,Radiographs/928.JPG,1615,840,109,169,1474,835,1.0,28,2.27
tufts,929,Radiographs/929.JPG,1615,840,68,148,1523,802,1.0,14,2.19
tufts,93,Radiographs/93.JPG,1615,840,171,74,1418,818,1.0,29,2.32
tufts,930,Radiographs/930.JPG,1615,840,150,120,1482,809,1.0,32,2.34
tufts,931,Radiographs/931.JPG,1615,840,97,63,1513,836,1.0,31,2.33
tufts,932,Radiographs/932.JPG,1615,840,103,180,1491,833,1.0,27,2.26
tufts,933,Radiographs/933.JPG,1615,840,150,86,1438,831,1.0,33,2.33
tufts,934,Radiographs/934.JPG,1615,840,239,148,1433,794,1.0,29,2.27
tufts,935,Radiographs/935.JPG,1615,840,82,73,1487,824,1.0,30,2.33
tufts,936,Radiographs/936.JPG,1615,840,92,70,1480,813,1.0,27,2.27
tufts,937,Radiographs/937.JPG,1615,840,93,61,1477,774,0.9998,31,2.27
tufts,938,Radiographs/938.JPG,1615,840,154,90,1485,790,0.9998,32,2.3
tufts,939,Radiographs/939.JPG,1615,840,58,256,1500,789,1.0,0,2.03
tufts,94,Radiographs/94.JPG,1615,840,63,134,1492,796,1.0,25,2.22
tufts,940,Radiographs/940.JPG,1615,840,108,184,1476,840,1.0,25,2.21
tufts,941,Radiographs/941.JPG,1615,840,122,173,1477,839,1.0,28,2.25
tufts,942,Radiographs/942.JPG,1615,840,0,160,1552,787,1.0,19,2.24
tufts,943,Radiographs/943.JPG,1615,840,172,73,1461,816,1.0,28,2.3
tufts,944,Radiographs/944.JPG,1615,840,151,115,1479,831,1.0,28,2.32
tufts,945,Radiographs/945.JPG,1615,840,46,256,1542,802,1.0,0,2.08
tufts,946,Radiographs/946.JPG,1615,840,167,215,1454,817,0.9974,16,2.2
tufts,947,Radiographs/947.JPG,1615,840,83,190,1484,807,1.0,29,2.31
tufts,948,Radiographs/948.JPG,1615,840,44,60,1542,824,1.0,29,2.34
tufts,949,Radiographs/949.JPG,1615,840,94,130,1464,818,1.0,20,2.25
tufts,95,Radiographs/95.JPG,1615,840,155,142,1429,816,1.0,8,2.13
tufts,950,Radiographs/950.JPG,1615,840,83,118,1499,800,1.0,8,2.07
tufts,951,Radiographs/951.JPG,1615,840,61,91,1511,840,0.9999,15,2.22
tufts,952,Radiographs/952.JPG,1615,840,75,113,1513,811,1.0,24,2.22
tufts,953,Radiographs/953.JPG,1615,840,72,125,1586,803,1.0,8,2.11
tufts,954,Radiographs/954.JPG,1615,840,43,146,1492,818,1.0,30,2.29
tufts,955,Radiographs/955.JPG,1615,840,125,202,1440,776,1.0,28,2.21
tufts,956,Radiographs/956.JPG,1615,840,215,68,1448,792,0.9998,33,2.33
tufts,957,Radiographs/957.JPG,1615,840,33,52,1555,760,1.0,12,2.14
tufts,958,Radiographs/958.JPG,1615,840,116,155,1488,840,1.0,28,2.24
tufts,959,Radiographs/959.JPG,1615,840,242,143,1422,802,1.0,33,2.36
tufts,96,Radiographs/96.JPG,1615,840,252,213,1404,821,1.0,28,2.27
tufts,960,Radiographs/960.JPG,1615,840,205,167,1435,834,1.0,30,2.28
tufts,961,Radiographs/961.JPG,1615,840,207,168,1433,789,1.0,31,2.32
tufts,962,Radiographs/962.JPG,1615,840,116,206,1454,792,1.0,2,2.13
tufts,963,Radiographs/963.JPG,1615,840,104,144,1466,783,1.0,32,2.3
tufts,964,Radiographs/964.JPG,1615,840,110,141,1517,811,1.0,26,2.25
tufts,965,Radiographs/965.JPG,1615,840,97,223,1513,826,1.0,25,2.2
tufts,966,Radiographs/966.JPG,1615,840,114,208,1504,786,1.0,27,2.26
tufts,967,Radiographs/967.JPG,1615,840,112,254,1494,833,1.0,29,2.27
tufts,968,Radiographs/968.JPG,1615,840,107,212,1542,827,1.0,5,2.15
tufts,969,Radiographs/969.JPG,1615,840,13,194,1467,833,1.0,15,2.2
tufts,97,Radiographs/97.JPG,1615,840,166,80,1489,793,1.0,29,2.27
tufts,970,Radiographs/970.JPG,1615,840,150,132,1455,803,1.0,32,2.27
tufts,971,Radiographs/971.JPG,1615,840,126,136,1499,832,1.0,13,2.22
tufts,972,Radiographs/972.JPG,1615,840,151,114,1484,810,1.0,24,2.25
tufts,974,Radiographs/974.JPG,1615,840,101,265,1426,831,1.0,0,2.11
tufts,975,Radiographs/975.JPG,1615,840,160,149,1441,838,1.0,26,2.32
tufts,976,Radiographs/976.JPG,1615,840,159,134,1442,830,1.0,28,2.27
tufts,979,Radiographs/979.JPG,1615,840,79,154,1541,834,1.0,27,2.22
tufts,98,Radiographs/98.JPG,1615,840,59,190,1515,824,1.0,28,2.21
tufts,980,Radiographs/980.JPG,1615,840,123,178,1488,806,1.0,27,2.21
tufts,981,Radiographs/981.JPG,1615,840,70,151,1474,801,1.0,15,2.16
tufts,982,Radiographs/982.JPG,1615,840,59,100,1547,814,1.0,30,2.26
tufts,983,Radiographs/983.JPG,1615,840,64,93,1540,827,1.0,27,2.29
tufts,985,Radiographs/985.JPG,1615,840,202,183,1451,789,1.0,33,2.27
tufts,986,Radiographs/986.JPG,1615,840,73,166,1500,816,1.0,27,2.26
tufts,987,Radiographs/987.JPG,1615,840,117,182,1499,840,1.0,31,2.26
tufts,988,Radiographs/988.JPG,1615,840,213,129,1420,780,1.0,27,2.31
tufts,989,Radiographs/989.JPG,1615,840,96,12,1447,770,1.0,8,2.2
tufts,99,Radiographs/99.JPG,1615,840,124,99,1488,798,1.0,31,2.32
tufts,990,Radiographs/990.JPG,1615,840,39,193,1511,779,1.0,5,2.13
tufts,991,Radiographs/991.JPG,1615,840,88,139,1530,821,1.0,30,2.36
tufts,992,Radiographs/992.JPG,1615,840,114,99,1489,784,1.0,28,2.28
tufts,993,Radiographs/993.JPG,1615,840,119,50,1516,819,1.0,28,2.24
tufts,994,Radiographs/994.JPG,1615,840,58,45,1539,796,1.0,16,2.19
tufts,995,Radiographs/995.JPG,1615,840,126,88,1514,795,1.0,14,2.16
tufts,997,Radiographs/997.JPG,1615,840,150,78,1456,785,1.0,33,2.28
tufts,998,Radiographs/998.JPG,1615,840,151,96,1455,834,1.0,25,2.29
tufts,999,Radiographs/999.JPG,1615,840,15,56,1480,795,1.0,10,2.19
