filepath,class,source,patient_id,group,origin
Healthy/lyria__P0170__b1.png,Healthy,lyria,lyria:P0170,lyria:P0170,primary
Impacted/lyria__P0331__b0.png,Impacted,lyria,lyria:P0331,lyria:P0331,primary
crops/disease__train_8__t21.png,Implant,dentex,dentex:disease__train_8,dentex:disease__train_8,reviewed
Restored/lyria__P0304__b8.png,Restored,lyria,lyria:P0304,lyria:P0304,primary
Restored/lyria__P0016__b0.png,Restored,lyria,lyria:P0016,lyria:P0016,primary
crops/345__t05.png,Implant,tufts,tufts:345,tufts:345,reviewed
crops/116__t02.png,Implant,tufts,tufts:116,tufts:116,reviewed
crops/343__t00.png,Implant,tufts,tufts:343,tufts:343,reviewed
Healthy/lyria__P0442__b0.png,Healthy,lyria,lyria:P0442,lyria:P0442,primary
crops/438__t11.png,Implant,tufts,tufts:438,tufts:438,reviewed
Impacted/lyria__P0498__b1.png,Impacted,lyria,lyria:P0498,lyria:P0498,primary
Endodontics/lyria__P0577__b1.png,Endodontics,lyria,lyria:P0577,lyria:P0577,primary
Impacted/lyria__P0468__b0.png,Impacted,lyria,lyria:P0468,lyria:P0468,primary
Implant/lyria__P0096__b1.png,Implant,lyria,lyria:P0096,lyria:P0096,primary
Endodontics/lyria__P0186__b1.png,Endodontics,lyria,lyria:P0186,lyria:P0186,primary
Impacted/lyria__P0467__b0.png,Impacted,lyria,lyria:P0467,lyria:P0467,primary
crops/564__t01.png,Implant,tufts,tufts:564,tufts:564,reviewed
Healthy/lyria__P0379__b2.png,Healthy,lyria,lyria:P0379,lyria:P0379,primary
Restored/lyria__P0263__b4.png,Restored,lyria,lyria:P0263,lyria:P0263,primary
crops/894__t02.png,Implant,tufts,tufts:894,tufts:894,reviewed
Healthy/lyria__P0049__b2.png,Healthy,lyria,lyria:P0049,lyria:P0049,primary
Healthy/lyria__P0369__b10.png,Healthy,lyria,lyria:P0369,lyria:P0369,primary
Healthy/lyria__P0540__b5.png,Healthy,lyria,lyria:P0540,lyria:P0540,primary
Healthy/lyria__P0108__b2.png,Healthy,lyria,lyria:P0108,lyria:P0108,primary
Endodontics/lyria__P0174__b0.png,Endodontics,lyria,lyria:P0174,lyria:P0174,primary
Restored/lyria__P0474__b0.png,Restored,lyria,lyria:P0474,lyria:P0474,primary
Healthy/lyria__P0243__b1.png,Healthy,lyria,lyria:P0243,lyria:P0243,primary
crops/disease__train_115__t23.png,Implant,dentex,dentex:disease__train_115,dentex:disease__train_115,reviewed
Impacted/lyria__P0171__b1.png,Impacted,lyria,lyria:P0171,lyria:P0171,primary
Impacted/lyria__P0158__b1.png,Impacted,lyria,lyria:P0158,lyria:P0158,primary
Impacted/lyria__P0502__b1.png,Impacted,lyria,lyria:P0502,lyria:P0502,primary
Restored/lyria__P0008__b13.png,Restored,lyria,lyria:P0008,lyria:P0008,primary
crops/842__t03.png,Implant,tufts,tufts:842,tufts:842,reviewed
Endodontics/lyria__P0550__b0.png,Endodontics,lyria,lyria:P0550,lyria:P0550,primary
Restored/lyria__P0073__b0.png,Restored,lyria,lyria:P0073,lyria:P0073,primary
Endodontics/lyria__P0036__b0.png,Endodontics,lyria,lyria:P0036,lyria:P0036,primary
Restored/lyria__P0122__b1.png,Restored,lyria,lyria:P0122,lyria:P0122,primary
Restored/lyria__P0158__b8.png,Restored,lyria,lyria:P0158,lyria:P0158,primary
Healthy/lyria__P0422__b3.png,Healthy,lyria,lyria:P0422,lyria:P0422,primary
Restored/lyria__P0123__b6.png,Restored,lyria,lyria:P0123,lyria:P0123,primary
crops/869__t02.png,Implant,tufts,tufts:869,tufts:869,reviewed
crops/903__t07.png,Implant,tufts,tufts:903,tufts:903,reviewed
Impacted/lyria__P0020__b2.png,Impacted,lyria,lyria:P0020,lyria:P0020,primary
Impacted/lyria__P0262__b3.png,Impacted,lyria,lyria:P0262,lyria:P0262,primary
Restored/lyria__P0071__b0.png,Restored,lyria,lyria:P0071,lyria:P0071,primary
Healthy/lyria__P0566__b1.png,Healthy,lyria,lyria:P0566,lyria:P0566,primary
Restored/lyria__P0008__b14.png,Restored,lyria,lyria:P0008,lyria:P0008,primary
Endodontics/lyria__P0692__b1.png,Endodontics,lyria,lyria:P0692,lyria:P0692,primary
Impacted/lyria__P0334__b0.png,Impacted,lyria,lyria:P0334,lyria:P0334,primary
Healthy/lyria__P0255__b16.png,Healthy,lyria,lyria:P0255,lyria:P0255,primary
Restored/lyria__P0222__b1.png,Restored,lyria,lyria:P0222,lyria:P0222,primary
Restored/lyria__P0113__b1.png,Restored,lyria,lyria:P0113,lyria:P0113,primary
Endodontics/lyria__P0550__b2.png,Endodontics,lyria,lyria:P0550,lyria:P0550,primary
Healthy/lyria__P0451__b21.png,Healthy,lyria,lyria:P0451,lyria:P0451,primary
Restored/lyria__P0355__b6.png,Restored,lyria,lyria:P0355,lyria:P0355,primary
Healthy/lyria__P0270__b19.png,Healthy,lyria,lyria:P0270,lyria:P0270,primary
crops/428__t15.png,Implant,tufts,tufts:428,tufts:428,reviewed
Healthy/lyria__P0475__b10.png,Healthy,lyria,lyria:P0475,lyria:P0475,primary
Endodontics/lyria__P0213__b3.png,Endodontics,lyria,lyria:P0213,lyria:P0213,primary
Healthy/lyria__P0675__b2.png,Healthy,lyria,lyria:P0675,lyria:P0675,primary
Healthy/lyria__P0199__b21.png,Healthy,lyria,lyria:P0199,lyria:P0199,primary
Impacted/lyria__P0502__b0.png,Impacted,lyria,lyria:P0502,lyria:P0502,primary
crops/537__t13.png,Implant,tufts,tufts:537,tufts:537,reviewed
Restored/lyria__P0073__b1.png,Restored,lyria,lyria:P0073,lyria:P0073,primary
Healthy/lyria__P0127__b17.png,Healthy,lyria,lyria:P0127,lyria:P0127,primary
Restored/lyria__P0170__b6.png,Restored,lyria,lyria:P0170,lyria:P0170,primary
Impacted/lyria__P0669__b0.png,Impacted,lyria,lyria:P0669,lyria:P0669,primary
Restored/lyria__P0360__b1.png,Restored,lyria,lyria:P0360,lyria:P0360,primary
Restored/lyria__P0600__b2.png,Restored,lyria,lyria:P0600,lyria:P0600,primary
Endodontics/lyria__P0003__b0.png,Endodontics,lyria,lyria:P0003,lyria:P0003,primary
Healthy/lyria__P0700__b12.png,Healthy,lyria,lyria:P0700,lyria:P0700,primary
Healthy/lyria__P0286__b2.png,Healthy,lyria,lyria:P0286,lyria:P0286,primary
crops/537__t04.png,Implant,tufts,tufts:537,tufts:537,reviewed
crops/678__t00.png,Implant,tufts,tufts:678,tufts:678,reviewed
Healthy/lyria__P0095__b6.png,Healthy,lyria,lyria:P0095,lyria:P0095,primary
Impacted/lyria__P0262__b2.png,Impacted,lyria,lyria:P0262,lyria:P0262,primary
Impacted/lyria__P0150__b1.png,Impacted,lyria,lyria:P0150,lyria:P0150,primary
Endodontics/lyria__P0566__b3.png,Endodontics,lyria,lyria:P0566,lyria:P0566,primary
Implant/lyria__P0139__b0.png,Implant,lyria,lyria:P0139,lyria:P0139,primary
Impacted/lyria__P0701__b0.png,Impacted,lyria,lyria:P0701,lyria:P0701,primary
Restored/lyria__P0366__b5.png,Restored,lyria,lyria:P0366,lyria:P0366,primary
Healthy/lyria__P0222__b5.png,Healthy,lyria,lyria:P0222,lyria:P0222,primary
Healthy/lyria__P0475__b9.png,Healthy,lyria,lyria:P0475,lyria:P0475,primary
Restored/lyria__P0785__b3.png,Restored,lyria,lyria:P0785,lyria:P0785,primary
crops/775__t19.png,Implant,tufts,tufts:775,tufts:775,reviewed
Endodontics/lyria__P0213__b2.png,Endodontics,lyria,lyria:P0213,lyria:P0213,primary
Endodontics/lyria__P0800__b0.png,Endodontics,lyria,lyria:P0800,lyria:P0800,primary
Healthy/lyria__P0726__b6.png,Healthy,lyria,lyria:P0726,lyria:P0726,primary
Restored/lyria__P0341__b1.png,Restored,lyria,lyria:P0341,lyria:P0341,primary
Implant/lyria__P0139__b2.png,Implant,lyria,lyria:P0139,lyria:P0139,primary
crops/775__t21.png,Implant,tufts,tufts:775,tufts:775,reviewed
Healthy/lyria__P0222__b1.png,Healthy,lyria,lyria:P0222,lyria:P0222,primary
Restored/lyria__P0072__b6.png,Restored,lyria,lyria:P0072,lyria:P0072,primary
Impacted/lyria__P0472__b1.png,Impacted,lyria,lyria:P0472,lyria:P0472,primary
Impacted/lyria__P0420__b1.png,Impacted,lyria,lyria:P0420,lyria:P0420,primary
Healthy/lyria__P0744__b1.png,Healthy,lyria,lyria:P0744,lyria:P0744,primary
Healthy/lyria__P0780__b4.png,Healthy,lyria,lyria:P0780,lyria:P0780,primary
Impacted/lyria__P0484__b1.png,Impacted,lyria,lyria:P0484,lyria:P0484,primary
Endodontics/lyria__P0533__b2.png,Endodontics,lyria,lyria:P0533,lyria:P0533,primary
Impacted/lyria__P0136__b1.png,Impacted,lyria,lyria:P0136,lyria:P0136,primary
Impacted/lyria__P0016__b1.png,Impacted,lyria,lyria:P0016,lyria:P0016,primary
Healthy/lyria__P0028__b4.png,Healthy,lyria,lyria:P0028,lyria:P0028,primary
Impacted/lyria__P0318__b0.png,Impacted,lyria,lyria:P0318,lyria:P0318,primary
Healthy/lyria__P0660__b1.png,Healthy,lyria,lyria:P0660,lyria:P0660,primary
Healthy/lyria__P0398__b5.png,Healthy,lyria,lyria:P0398,lyria:P0398,primary
Endodontics/lyria__P0078__b0.png,Endodontics,lyria,lyria:P0078,lyria:P0078,primary
Endodontics/lyria__P0531__b3.png,Endodontics,lyria,lyria:P0531,lyria:P0531,primary
Healthy/lyria__P0174__b1.png,Healthy,lyria,lyria:P0174,lyria:P0174,primary
Restored/lyria__P0137__b1.png,Restored,lyria,lyria:P0137,lyria:P0137,primary
Endodontics/lyria__P0263__b0.png,Endodontics,lyria,lyria:P0263,lyria:P0263,primary
Implant/lyria__P0373__b0.png,Implant,lyria,lyria:P0373,lyria:P0373,primary
Healthy/lyria__P0444__b5.png,Healthy,lyria,lyria:P0444,lyria:P0444,primary
Restored/lyria__P0338__b2.png,Restored,lyria,lyria:P0338,lyria:P0338,primary
Healthy/lyria__P0170__b0.png,Healthy,lyria,lyria:P0170,lyria:P0170,primary
crops/598__t23.png,Implant,tufts,tufts:598,tufts:598,reviewed
Restored/lyria__P0016__b1.png,Restored,lyria,lyria:P0016,lyria:P0016,primary
Endodontics/lyria__P0675__b0.png,Endodontics,lyria,lyria:P0675,lyria:P0675,primary
Endodontics/lyria__P0647__b0.png,Endodontics,lyria,lyria:P0647,lyria:P0647,primary
Healthy/lyria__P0383__b19.png,Healthy,lyria,lyria:P0383,lyria:P0383,primary
Healthy/lyria__P0759__b0.png,Healthy,lyria,lyria:P0759,lyria:P0759,primary
Impacted/lyria__P0774__b0.png,Impacted,lyria,lyria:P0774,lyria:P0774,primary
Restored/lyria__P0716__b2.png,Restored,lyria,lyria:P0716,lyria:P0716,primary
Healthy/lyria__P0459__b8.png,Healthy,lyria,lyria:P0459,lyria:P0459,primary
Restored/lyria__P0794__b1.png,Restored,lyria,lyria:P0794,lyria:P0794,primary
Impacted/lyria__P0002__b1.png,Impacted,lyria,lyria:P0002,lyria:P0002,primary
Endodontics/lyria__P0246__b1.png,Endodontics,lyria,lyria:P0246,lyria:P0246,primary
Healthy/lyria__P0448__b23.png,Healthy,lyria,lyria:P0448,lyria:P0448,primary
Healthy/lyria__P0113__b15.png,Healthy,lyria,lyria:P0113,lyria:P0113,primary
crops/enum__train_630__t20.png,Implant,dentex,dentex:enum__train_630,dentex:enum__train_630,reviewed
Endodontics/lyria__P0263__b10.png,Endodontics,lyria,lyria:P0263,lyria:P0263,primary
Impacted/lyria__P0604__b1.png,Impacted,lyria,lyria:P0604,lyria:P0604,primary
Endodontics/lyria__P0270__b0.png,Endodontics,lyria,lyria:P0270,lyria:P0270,primary
Healthy/lyria__P0016__b6.png,Healthy,lyria,lyria:P0016,lyria:P0016,primary
Endodontics/lyria__P0286__b0.png,Endodontics,lyria,lyria:P0286,lyria:P0286,primary
Restored/lyria__P0632__b11.png,Restored,lyria,lyria:P0632,lyria:P0632,primary
Endodontics/lyria__P0263__b7.png,Endodontics,lyria,lyria:P0263,lyria:P0263,primary
Restored/lyria__P0002__b0.png,Restored,lyria,lyria:P0002,lyria:P0002,primary
Endodontics/lyria__P0422__b2.png,Endodontics,lyria,lyria:P0422,lyria:P0422,primary
Restored/lyria__P0318__b0.png,Restored,lyria,lyria:P0318,lyria:P0318,primary
Implant/lyria__P0531__b0.png,Implant,lyria,lyria:P0531,lyria:P0531,primary
Impacted/lyria__P0002__b0.png,Impacted,lyria,lyria:P0002,lyria:P0002,primary
Restored/lyria__P0246__b0.png,Restored,lyria,lyria:P0246,lyria:P0246,primary
Impacted/lyria__P0036__b1.png,Impacted,lyria,lyria:P0036,lyria:P0036,primary
Impacted/lyria__P0468__b2.png,Impacted,lyria,lyria:P0468,lyria:P0468,primary
Endodontics/lyria__P0350__b0.png,Endodontics,lyria,lyria:P0350,lyria:P0350,primary
Implant/lyria__P0050__b0.png,Implant,lyria,lyria:P0050,lyria:P0050,primary
crops/678__t03.png,Implant,tufts,tufts:678,tufts:678,reviewed
Endodontics/lyria__P0527__b1.png,Endodontics,lyria,lyria:P0527,lyria:P0527,primary
Healthy/lyria__P0363__b8.png,Healthy,lyria,lyria:P0363,lyria:P0363,primary
Impacted/lyria__P0186__b1.png,Impacted,lyria,lyria:P0186,lyria:P0186,primary
Impacted/lyria__P0482__b0.png,Impacted,lyria,lyria:P0482,lyria:P0482,primary
Healthy/lyria__P0452__b3.png,Healthy,lyria,lyria:P0452,lyria:P0452,primary
Impacted/lyria__P0147__b0.png,Impacted,lyria,lyria:P0147,lyria:P0147,primary
Restored/lyria__P0443__b7.png,Restored,lyria,lyria:P0443,lyria:P0443,primary
Endodontics/lyria__P0442__b3.png,Endodontics,lyria,lyria:P0442,lyria:P0442,primary
Restored/lyria__P0174__b0.png,Restored,lyria,lyria:P0174,lyria:P0174,primary
Healthy/lyria__P0218__b5.png,Healthy,lyria,lyria:P0218,lyria:P0218,primary
Restored/lyria__P0801__b0.png,Restored,lyria,lyria:P0801,lyria:P0801,primary
Endodontics/lyria__P0063__b2.png,Endodontics,lyria,lyria:P0063,lyria:P0063,primary
Impacted/lyria__P0002__b3.png,Impacted,lyria,lyria:P0002,lyria:P0002,primary
Restored/lyria__P0351__b1.png,Restored,lyria,lyria:P0351,lyria:P0351,primary
Endodontics/lyria__P0170__b2.png,Endodontics,lyria,lyria:P0170,lyria:P0170,primary
Implant/lyria__P0263__b0.png,Implant,lyria,lyria:P0263,lyria:P0263,primary
crops/537__t02.png,Implant,tufts,tufts:537,tufts:537,reviewed
Restored/lyria__P0604__b2.png,Restored,lyria,lyria:P0604,lyria:P0604,primary
Implant/lyria__P0057__b0.png,Implant,lyria,lyria:P0057,lyria:P0057,primary
Healthy/lyria__P0145__b0.png,Healthy,lyria,lyria:P0145,lyria:P0145,primary
Restored/lyria__P0183__b4.png,Restored,lyria,lyria:P0183,lyria:P0183,primary
crops/124__t02.png,Implant,tufts,tufts:124,tufts:124,reviewed
Impacted/lyria__P0730__b0.png,Impacted,lyria,lyria:P0730,lyria:P0730,primary
Restored/lyria__P0498__b1.png,Restored,lyria,lyria:P0498,lyria:P0498,primary
Endodontics/lyria__P0759__b8.png,Endodontics,lyria,lyria:P0759,lyria:P0759,primary
Endodontics/lyria__P0139__b5.png,Endodontics,lyria,lyria:P0139,lyria:P0139,primary
Impacted/lyria__P0479__b0.png,Impacted,lyria,lyria:P0479,lyria:P0479,primary
Restored/lyria__P0604__b0.png,Restored,lyria,lyria:P0604,lyria:P0604,primary
crops/enum__train_508__t07.png,Implant,dentex,dentex:enum__train_508,dentex:enum__train_508,reviewed
Endodontics/lyria__P0304__b1.png,Endodontics,lyria,lyria:P0304,lyria:P0304,primary
Restored/lyria__P0595__b4.png,Restored,lyria,lyria:P0595,lyria:P0595,primary
Restored/lyria__P0078__b8.png,Restored,lyria,lyria:P0078,lyria:P0078,primary
crops/408__t13.png,Implant,tufts,tufts:408,tufts:408,reviewed
Restored/lyria__P0752__b4.png,Restored,lyria,lyria:P0752,lyria:P0752,primary
Restored/lyria__P0082__b3.png,Restored,lyria,lyria:P0082,lyria:P0082,primary
Implant/lyria__P0350__b0.png,Implant,lyria,lyria:P0350,lyria:P0350,primary
Impacted/lyria__P0311__b1.png,Impacted,lyria,lyria:P0311,lyria:P0311,primary
Impacted/lyria__P0095__b0.png,Impacted,lyria,lyria:P0095,lyria:P0095,primary
Endodontics/lyria__P0560__b0.png,Endodontics,lyria,lyria:P0560,lyria:P0560,primary
Healthy/lyria__P0482__b8.png,Healthy,lyria,lyria:P0482,lyria:P0482,primary
Endodontics/lyria__P0363__b0.png,Endodontics,lyria,lyria:P0363,lyria:P0363,primary
Impacted/lyria__P0171__b3.png,Impacted,lyria,lyria:P0171,lyria:P0171,primary
Impacted/lyria__P0078__b0.png,Impacted,lyria,lyria:P0078,lyria:P0078,primary
Restored/lyria__P0080__b0.png,Restored,lyria,lyria:P0080,lyria:P0080,primary
crops/enum__train_508__t05.png,Implant,dentex,dentex:enum__train_508,dentex:enum__train_508,reviewed
Healthy/lyria__P0081__b11.png,Healthy,lyria,lyria:P0081,lyria:P0081,primary
Restored/lyria__P0472__b1.png,Restored,lyria,lyria:P0472,lyria:P0472,primary
Healthy/lyria__P0127__b11.png,Healthy,lyria,lyria:P0127,lyria:P0127,primary
Endodontics/lyria__P0246__b0.png,Endodontics,lyria,lyria:P0246,lyria:P0246,primary
Impacted/lyria__P0150__b2.png,Impacted,lyria,lyria:P0150,lyria:P0150,primary
Restored/lyria__P0560__b8.png,Restored,lyria,lyria:P0560,lyria:P0560,primary
crops/170__t21.png,Implant,tufts,tufts:170,tufts:170,reviewed
Healthy/lyria__P0453__b20.png,Healthy,lyria,lyria:P0453,lyria:P0453,primary
Restored/lyria__P0752__b3.png,Restored,lyria,lyria:P0752,lyria:P0752,primary
crops/360__t02.png,Implant,tufts,tufts:360,tufts:360,reviewed
Restored/lyria__P0498__b0.png,Restored,lyria,lyria:P0498,lyria:P0498,primary
Restored/lyria__P0263__b6.png,Restored,lyria,lyria:P0263,lyria:P0263,primary
Endodontics/lyria__P0050__b3.png,Endodontics,lyria,lyria:P0050,lyria:P0050,primary
crops/enum__train_436__t18.png,Implant,dentex,dentex:enum__train_436,dentex:enum__train_436,reviewed
crops/576__t11.png,Implant,tufts,tufts:576,tufts:576,reviewed
Endodontics/lyria__P0716__b0.png,Endodontics,lyria,lyria:P0716,lyria:P0716,primary
Healthy/lyria__P0376__b3.png,Healthy,lyria,lyria:P0376,lyria:P0376,primary
Restored/lyria__P0744__b15.png,Restored,lyria,lyria:P0744,lyria:P0744,primary
Restored/lyria__P0655__b0.png,Restored,lyria,lyria:P0655,lyria:P0655,primary
Healthy/lyria__P0185__b2.png,Healthy,lyria,lyria:P0185,lyria:P0185,primary
Impacted/lyria__P0008__b0.png,Impacted,lyria,lyria:P0008,lyria:P0008,primary
Healthy/lyria__P0668__b0.png,Healthy,lyria,lyria:P0668,lyria:P0668,primary
Endodontics/lyria__P0442__b4.png,Endodontics,lyria,lyria:P0442,lyria:P0442,primary
Impacted/lyria__P0369__b1.png,Impacted,lyria,lyria:P0369,lyria:P0369,primary
Restored/lyria__P0357__b8.png,Restored,lyria,lyria:P0357,lyria:P0357,primary
crops/93__t28.png,Implant,tufts,tufts:93,tufts:93,reviewed
Implant/lyria__P0139__b5.png,Implant,lyria,lyria:P0139,lyria:P0139,primary
Endodontics/lyria__P0363__b2.png,Endodontics,lyria,lyria:P0363,lyria:P0363,primary
Impacted/lyria__P0681__b0.png,Impacted,lyria,lyria:P0681,lyria:P0681,primary
Endodontics/lyria__P0566__b6.png,Endodontics,lyria,lyria:P0566,lyria:P0566,primary
Impacted/lyria__P0171__b0.png,Impacted,lyria,lyria:P0171,lyria:P0171,primary
Restored/lyria__P0726__b1.png,Restored,lyria,lyria:P0726,lyria:P0726,primary
Implant/lyria__P0170__b0.png,Implant,lyria,lyria:P0170,lyria:P0170,primary
Endodontics/lyria__P0196__b1.png,Endodontics,lyria,lyria:P0196,lyria:P0196,primary
Endodontics/lyria__P0752__b0.png,Endodontics,lyria,lyria:P0752,lyria:P0752,primary
Implant/lyria__P0566__b0.png,Implant,lyria,lyria:P0566,lyria:P0566,primary
Impacted/lyria__P0255__b0.png,Impacted,lyria,lyria:P0255,lyria:P0255,primary
Healthy/lyria__P0304__b1.png,Healthy,lyria,lyria:P0304,lyria:P0304,primary
crops/338__t04.png,Implant,tufts,tufts:338,tufts:338,reviewed
Implant/lyria__P0752__b1.png,Implant,lyria,lyria:P0752,lyria:P0752,primary
Restored/lyria__P0416__b1.png,Restored,lyria,lyria:P0416,lyria:P0416,primary
Impacted/lyria__P0090__b1.png,Impacted,lyria,lyria:P0090,lyria:P0090,primary
Endodontics/lyria__P0752__b2.png,Endodontics,lyria,lyria:P0752,lyria:P0752,primary
Endodontics/lyria__P0605__b3.png,Endodontics,lyria,lyria:P0605,lyria:P0605,primary
Healthy/lyria__P0373__b2.png,Healthy,lyria,lyria:P0373,lyria:P0373,primary
Impacted/lyria__P0187__b0.png,Impacted,lyria,lyria:P0187,lyria:P0187,primary
Impacted/lyria__P0701__b3.png,Impacted,lyria,lyria:P0701,lyria:P0701,primary
Restored/lyria__P0326__b0.png,Restored,lyria,lyria:P0326,lyria:P0326,primary
Healthy/lyria__P0655__b0.png,Healthy,lyria,lyria:P0655,lyria:P0655,primary
Endodontics/lyria__P0151__b0.png,Endodontics,lyria,lyria:P0151,lyria:P0151,primary
Endodontics/lyria__P0459__b0.png,Endodontics,lyria,lyria:P0459,lyria:P0459,primary
Healthy/lyria__P0177__b4.png,Healthy,lyria,lyria:P0177,lyria:P0177,primary
Restored/lyria__P0759__b3.png,Restored,lyria,lyria:P0759,lyria:P0759,primary
Implant/lyria__P0108__b0.png,Implant,lyria,lyria:P0108,lyria:P0108,primary
Healthy/lyria__P0082__b1.png,Healthy,lyria,lyria:P0082,lyria:P0082,primary
crops/561__t00.png,Implant,tufts,tufts:561,tufts:561,reviewed
Healthy/lyria__P0109__b4.png,Healthy,lyria,lyria:P0109,lyria:P0109,primary
crops/903__t04.png,Implant,tufts,tufts:903,tufts:903,reviewed
Restored/lyria__P0780__b14.png,Restored,lyria,lyria:P0780,lyria:P0780,primary
crops/505__t04.png,Implant,tufts,tufts:505,tufts:505,reviewed
Impacted/lyria__P0371__b0.png,Impacted,lyria,lyria:P0371,lyria:P0371,primary
crops/408__t02.png,Implant,tufts,tufts:408,tufts:408,reviewed
Endodontics/lyria__P0072__b1.png,Endodontics,lyria,lyria:P0072,lyria:P0072,primary
Implant/lyria__P0170__b3.png,Implant,lyria,lyria:P0170,lyria:P0170,primary
Impacted/lyria__P0287__b0.png,Impacted,lyria,lyria:P0287,lyria:P0287,primary
Healthy/lyria__P0330__b9.png,Healthy,lyria,lyria:P0330,lyria:P0330,primary
Healthy/lyria__P0632__b7.png,Healthy,lyria,lyria:P0632,lyria:P0632,primary
Healthy/lyria__P0202__b3.png,Healthy,lyria,lyria:P0202,lyria:P0202,primary
Impacted/lyria__P0484__b2.png,Impacted,lyria,lyria:P0484,lyria:P0484,primary
Healthy/lyria__P0050__b4.png,Healthy,lyria,lyria:P0050,lyria:P0050,primary
Healthy/lyria__P0577__b6.png,Healthy,lyria,lyria:P0577,lyria:P0577,primary
Impacted/lyria__P0459__b3.png,Impacted,lyria,lyria:P0459,lyria:P0459,primary
Healthy/lyria__P0187__b2.png,Healthy,lyria,lyria:P0187,lyria:P0187,primary
Healthy/lyria__P0474__b5.png,Healthy,lyria,lyria:P0474,lyria:P0474,primary
Healthy/lyria__P0003__b1.png,Healthy,lyria,lyria:P0003,lyria:P0003,primary
Healthy/lyria__P0318__b12.png,Healthy,lyria,lyria:P0318,lyria:P0318,primary
Impacted/lyria__P0457__b2.png,Impacted,lyria,lyria:P0457,lyria:P0457,primary
Endodontics/lyria__P0759__b2.png,Endodontics,lyria,lyria:P0759,lyria:P0759,primary
Endodontics/lyria__P0263__b2.png,Endodontics,lyria,lyria:P0263,lyria:P0263,primary
crops/enum__train_508__t04.png,Implant,dentex,dentex:enum__train_508,dentex:enum__train_508,reviewed
Impacted/lyria__P0087__b3.png,Impacted,lyria,lyria:P0087,lyria:P0087,primary
Healthy/lyria__P0008__b6.png,Healthy,lyria,lyria:P0008,lyria:P0008,primary
crops/869__t06.png,Implant,tufts,tufts:869,tufts:869,reviewed
Endodontics/lyria__P0577__b0.png,Endodontics,lyria,lyria:P0577,lyria:P0577,primary
Impacted/lyria__P0487__b2.png,Impacted,lyria,lyria:P0487,lyria:P0487,primary
Restored/lyria__P0678__b10.png,Restored,lyria,lyria:P0678,lyria:P0678,primary
Impacted/lyria__P0100__b3.png,Impacted,lyria,lyria:P0100,lyria:P0100,primary
Impacted/lyria__P0467__b2.png,Impacted,lyria,lyria:P0467,lyria:P0467,primary
Healthy/lyria__P0360__b1.png,Healthy,lyria,lyria:P0360,lyria:P0360,primary
Endodontics/lyria__P0207__b1.png,Endodontics,lyria,lyria:P0207,lyria:P0207,primary
crops/408__t05.png,Implant,tufts,tufts:408,tufts:408,reviewed
Healthy/lyria__P0110__b1.png,Healthy,lyria,lyria:P0110,lyria:P0110,primary
Healthy/lyria__P0678__b0.png,Healthy,lyria,lyria:P0678,lyria:P0678,primary
Restored/lyria__P0422__b5.png,Restored,lyria,lyria:P0422,lyria:P0422,primary
Impacted/lyria__P0472__b0.png,Impacted,lyria,lyria:P0472,lyria:P0472,primary
crops/759__t11.png,Implant,tufts,tufts:759,tufts:759,reviewed
Healthy/lyria__P0566__b2.png,Healthy,lyria,lyria:P0566,lyria:P0566,primary
Healthy/lyria__P0073__b2.png,Healthy,lyria,lyria:P0073,lyria:P0073,primary
Restored/lyria__P0317__b5.png,Restored,lyria,lyria:P0317,lyria:P0317,primary
Endodontics/lyria__P0442__b2.png,Endodontics,lyria,lyria:P0442,lyria:P0442,primary
Healthy/lyria__P0269__b1.png,Healthy,lyria,lyria:P0269,lyria:P0269,primary
Endodontics/lyria__P0800__b1.png,Endodontics,lyria,lyria:P0800,lyria:P0800,primary
Healthy/lyria__P0701__b4.png,Healthy,lyria,lyria:P0701,lyria:P0701,primary
Healthy/lyria__P0287__b3.png,Healthy,lyria,lyria:P0287,lyria:P0287,primary
Endodontics/lyria__P0139__b4.png,Endodontics,lyria,lyria:P0139,lyria:P0139,primary
Impacted/lyria__P0136__b0.png,Impacted,lyria,lyria:P0136,lyria:P0136,primary
Endodontics/lyria__P0050__b2.png,Endodontics,lyria,lyria:P0050,lyria:P0050,primary
Impacted/lyria__P0055__b0.png,Impacted,lyria,lyria:P0055,lyria:P0055,primary
Implant/lyria__P0750__b1.png,Implant,lyria,lyria:P0750,lyria:P0750,primary
Impacted/lyria__P0100__b2.png,Impacted,lyria,lyria:P0100,lyria:P0100,primary
Restored/lyria__P0473__b1.png,Restored,lyria,lyria:P0473,lyria:P0473,primary
Healthy/lyria__P0122__b9.png,Healthy,lyria,lyria:P0122,lyria:P0122,primary
crops/576__t10.png,Implant,tufts,tufts:576,tufts:576,reviewed
Impacted/lyria__P0087__b1.png,Impacted,lyria,lyria:P0087,lyria:P0087,primary
Impacted/lyria__P0383__b0.png,Impacted,lyria,lyria:P0383,lyria:P0383,primary
Endodontics/lyria__P0655__b0.png,Endodontics,lyria,lyria:P0655,lyria:P0655,primary
Implant/lyria__P0096__b5.png,Implant,lyria,lyria:P0096,lyria:P0096,primary
crops/808__t24.png,Implant,tufts,tufts:808,tufts:808,reviewed
crops/842__t04.png,Implant,tufts,tufts:842,tufts:842,reviewed
Implant/lyria__P0078__b0.png,Implant,lyria,lyria:P0078,lyria:P0078,primary
Restored/lyria__P0207__b5.png,Restored,lyria,lyria:P0207,lyria:P0207,primary
crops/350__t09.png,Implant,tufts,tufts:350,tufts:350,reviewed
Endodontics/lyria__P0567__b1.png,Endodontics,lyria,lyria:P0567,lyria:P0567,primary
Endodontics/lyria__P0530__b7.png,Endodontics,lyria,lyria:P0530,lyria:P0530,primary
Healthy/lyria__P0472__b15.png,Healthy,lyria,lyria:P0472,lyria:P0472,primary
Endodontics/lyria__P0566__b0.png,Endodontics,lyria,lyria:P0566,lyria:P0566,primary
Endodontics/lyria__P0305__b4.png,Endodontics,lyria,lyria:P0305,lyria:P0305,primary
Impacted/lyria__P0311__b2.png,Impacted,lyria,lyria:P0311,lyria:P0311,primary
crops/enum__train_34__t27.png,Implant,dentex,dentex:enum__train_34,dentex:enum__train_34,reviewed
crops/enum__train_630__t21.png,Implant,dentex,dentex:enum__train_630,dentex:enum__train_630,reviewed
Impacted/lyria__P0136__b2.png,Impacted,lyria,lyria:P0136,lyria:P0136,primary
Healthy/lyria__P0287__b5.png,Healthy,lyria,lyria:P0287,lyria:P0287,primary
Restored/lyria__P0357__b6.png,Restored,lyria,lyria:P0357,lyria:P0357,primary
Impacted/lyria__P0467__b1.png,Impacted,lyria,lyria:P0467,lyria:P0467,primary
Impacted/lyria__P0109__b1.png,Impacted,lyria,lyria:P0109,lyria:P0109,primary
Impacted/lyria__P0095__b1.png,Impacted,lyria,lyria:P0095,lyria:P0095,primary
Restored/lyria__P0286__b4.png,Restored,lyria,lyria:P0286,lyria:P0286,primary
Impacted/lyria__P0498__b3.png,Impacted,lyria,lyria:P0498,lyria:P0498,primary
Endodontics/lyria__P0554__b0.png,Endodontics,lyria,lyria:P0554,lyria:P0554,primary
crops/215__t16.png,Implant,tufts,tufts:215,tufts:215,reviewed
Endodontics/lyria__P0375__b1.png,Endodontics,lyria,lyria:P0375,lyria:P0375,primary
Healthy/lyria__P0355__b13.png,Healthy,lyria,lyria:P0355,lyria:P0355,primary
Implant/lyria__P0139__b1.png,Implant,lyria,lyria:P0139,lyria:P0139,primary
Healthy/lyria__P0269__b0.png,Healthy,lyria,lyria:P0269,lyria:P0269,primary
Endodontics/lyria__P0287__b1.png,Endodontics,lyria,lyria:P0287,lyria:P0287,primary
crops/124__t19.png,Implant,tufts,tufts:124,tufts:124,reviewed
crops/505__t22.png,Implant,tufts,tufts:505,tufts:505,reviewed
Restored/lyria__P0632__b3.png,Restored,lyria,lyria:P0632,lyria:P0632,primary
Endodontics/lyria__P0716__b2.png,Endodontics,lyria,lyria:P0716,lyria:P0716,primary
crops/116__t18.png,Implant,tufts,tufts:116,tufts:116,reviewed
Impacted/lyria__P0508__b0.png,Impacted,lyria,lyria:P0508,lyria:P0508,primary
Impacted/lyria__P0229__b0.png,Impacted,lyria,lyria:P0229,lyria:P0229,primary
Impacted/lyria__P0020__b1.png,Impacted,lyria,lyria:P0020,lyria:P0020,primary
Implant/lyria__P0063__b2.png,Implant,lyria,lyria:P0063,lyria:P0063,primary
Restored/lyria__P0358__b18.png,Restored,lyria,lyria:P0358,lyria:P0358,primary
Implant/lyria__P0003__b0.png,Implant,lyria,lyria:P0003,lyria:P0003,primary
Restored/lyria__P0171__b0.png,Restored,lyria,lyria:P0171,lyria:P0171,primary
crops/230__t10.png,Implant,tufts,tufts:230,tufts:230,reviewed
Impacted/lyria__P0457__b0.png,Impacted,lyria,lyria:P0457,lyria:P0457,primary
Restored/lyria__P0350__b0.png,Restored,lyria,lyria:P0350,lyria:P0350,primary
crops/309__t24.png,Implant,tufts,tufts:309,tufts:309,reviewed
Impacted/lyria__P0183__b0.png,Impacted,lyria,lyria:P0183,lyria:P0183,primary
Impacted/lyria__P0459__b2.png,Impacted,lyria,lyria:P0459,lyria:P0459,primary
Restored/lyria__P0376__b0.png,Restored,lyria,lyria:P0376,lyria:P0376,primary
Implant/lyria__P0759__b2.png,Implant,lyria,lyria:P0759,lyria:P0759,primary
Endodontics/lyria__P0158__b2.png,Endodontics,lyria,lyria:P0158,lyria:P0158,primary
crops/243__t02.png,Implant,tufts,tufts:243,tufts:243,reviewed
Restored/lyria__P0371__b2.png,Restored,lyria,lyria:P0371,lyria:P0371,primary
Healthy/lyria__P0785__b6.png,Healthy,lyria,lyria:P0785,lyria:P0785,primary
Impacted/lyria__P0453__b1.png,Impacted,lyria,lyria:P0453,lyria:P0453,primary
Restored/lyria__P0668__b0.png,Restored,lyria,lyria:P0668,lyria:P0668,primary
Impacted/lyria__P0028__b1.png,Impacted,lyria,lyria:P0028,lyria:P0028,primary
Restored/lyria__P0330__b2.png,Restored,lyria,lyria:P0330,lyria:P0330,primary
Healthy/lyria__P0113__b26.png,Healthy,lyria,lyria:P0113,lyria:P0113,primary
crops/505__t24.png,Implant,tufts,tufts:505,tufts:505,reviewed
crops/110__t02.png,Implant,tufts,tufts:110,tufts:110,reviewed
crops/408__t06.png,Implant,tufts,tufts:408,tufts:408,reviewed
Impacted/lyria__P0311__b0.png,Impacted,lyria,lyria:P0311,lyria:P0311,primary
Restored/lyria__P0668__b2.png,Restored,lyria,lyria:P0668,lyria:P0668,primary
crops/disease__train_611__t00.png,Implant,dentex,dentex:disease__train_611,dentex:disease__train_611,reviewed
Restored/lyria__P0122__b0.png,Restored,lyria,lyria:P0122,lyria:P0122,primary
crops/406__t26.png,Implant,tufts,tufts:406,tufts:406,reviewed
Endodontics/lyria__P0072__b2.png,Endodontics,lyria,lyria:P0072,lyria:P0072,primary
Impacted/lyria__P0286__b0.png,Impacted,lyria,lyria:P0286,lyria:P0286,primary
Restored/lyria__P0063__b1.png,Restored,lyria,lyria:P0063,lyria:P0063,primary
Endodontics/lyria__P0605__b5.png,Endodontics,lyria,lyria:P0605,lyria:P0605,primary
Impacted/lyria__P0457__b1.png,Impacted,lyria,lyria:P0457,lyria:P0457,primary
Impacted/lyria__P0055__b1.png,Impacted,lyria,lyria:P0055,lyria:P0055,primary
Healthy/lyria__P0602__b1.png,Healthy,lyria,lyria:P0602,lyria:P0602,primary
Impacted/lyria__P0669__b2.png,Impacted,lyria,lyria:P0669,lyria:P0669,primary
Restored/lyria__P0050__b11.png,Restored,lyria,lyria:P0050,lyria:P0050,primary
Impacted/lyria__P0080__b0.png,Impacted,lyria,lyria:P0080,lyria:P0080,primary
Restored/lyria__P0292__b5.png,Restored,lyria,lyria:P0292,lyria:P0292,primary
Healthy/lyria__P0411__b15.png,Healthy,lyria,lyria:P0411,lyria:P0411,primary
Healthy/lyria__P0137__b7.png,Healthy,lyria,lyria:P0137,lyria:P0137,primary
Endodontics/lyria__P0800__b3.png,Endodontics,lyria,lyria:P0800,lyria:P0800,primary
Healthy/lyria__P0479__b2.png,Healthy,lyria,lyria:P0479,lyria:P0479,primary
Endodontics/lyria__P0379__b0.png,Endodontics,lyria,lyria:P0379,lyria:P0379,primary
Healthy/lyria__P0090__b27.png,Healthy,lyria,lyria:P0090,lyria:P0090,primary
Endodontics/lyria__P0416__b1.png,Endodontics,lyria,lyria:P0416,lyria:P0416,primary
Restored/lyria__P0311__b12.png,Restored,lyria,lyria:P0311,lyria:P0311,primary
Restored/lyria__P0659__b2.png,Restored,lyria,lyria:P0659,lyria:P0659,primary
Impacted/lyria__P0487__b1.png,Impacted,lyria,lyria:P0487,lyria:P0487,primary
Impacted/lyria__P0527__b0.png,Impacted,lyria,lyria:P0527,lyria:P0527,primary
Healthy/lyria__P0373__b4.png,Healthy,lyria,lyria:P0373,lyria:P0373,primary
Restored/lyria__P0145__b5.png,Restored,lyria,lyria:P0145,lyria:P0145,primary
Healthy/lyria__P0082__b0.png,Healthy,lyria,lyria:P0082,lyria:P0082,primary
Healthy/lyria__P0360__b16.png,Healthy,lyria,lyria:P0360,lyria:P0360,primary
Restored/lyria__P0780__b4.png,Restored,lyria,lyria:P0780,lyria:P0780,primary
Impacted/lyria__P0453__b0.png,Impacted,lyria,lyria:P0453,lyria:P0453,primary
Endodontics/lyria__P0196__b0.png,Endodontics,lyria,lyria:P0196,lyria:P0196,primary
Impacted/lyria__P0326__b0.png,Impacted,lyria,lyria:P0326,lyria:P0326,primary
Implant/lyria__P0655__b0.png,Implant,lyria,lyria:P0655,lyria:P0655,primary
Impacted/lyria__P0338__b0.png,Impacted,lyria,lyria:P0338,lyria:P0338,primary
Healthy/lyria__P0100__b2.png,Healthy,lyria,lyria:P0100,lyria:P0100,primary
crops/309__t03.png,Implant,tufts,tufts:309,tufts:309,reviewed
crops/155__t14.png,Implant,tufts,tufts:155,tufts:155,reviewed
Implant/lyria__P0071__b0.png,Implant,lyria,lyria:P0071,lyria:P0071,primary
Healthy/lyria__P0365__b2.png,Healthy,lyria,lyria:P0365,lyria:P0365,primary
Implant/lyria__P0145__b0.png,Implant,lyria,lyria:P0145,lyria:P0145,primary
Endodontics/lyria__P0669__b0.png,Endodontics,lyria,lyria:P0669,lyria:P0669,primary
Impacted/lyria__P0109__b0.png,Impacted,lyria,lyria:P0109,lyria:P0109,primary
Healthy/lyria__P0311__b4.png,Healthy,lyria,lyria:P0311,lyria:P0311,primary
crops/672__t02.png,Implant,tufts,tufts:672,tufts:672,reviewed
Restored/lyria__P0297__b10.png,Restored,lyria,lyria:P0297,lyria:P0297,primary
Impacted/lyria__P0255__b2.png,Impacted,lyria,lyria:P0255,lyria:P0255,primary
Healthy/lyria__P0056__b15.png,Healthy,lyria,lyria:P0056,lyria:P0056,primary
Healthy/lyria__P0055__b19.png,Healthy,lyria,lyria:P0055,lyria:P0055,primary
crops/894__t04.png,Implant,tufts,tufts:894,tufts:894,reviewed
Healthy/lyria__P0080__b12.png,Healthy,lyria,lyria:P0080,lyria:P0080,primary
crops/411__t00.png,Implant,tufts,tufts:411,tufts:411,reviewed
crops/345__t01.png,Implant,tufts,tufts:345,tufts:345,reviewed
Restored/lyria__P0080__b1.png,Restored,lyria,lyria:P0080,lyria:P0080,primary
Restored/lyria__P0096__b9.png,Restored,lyria,lyria:P0096,lyria:P0096,primary
Restored/lyria__P0800__b4.png,Restored,lyria,lyria:P0800,lyria:P0800,primary
crops/345__t02.png,Implant,tufts,tufts:345,tufts:345,reviewed
Endodontics/lyria__P0675__b4.png,Endodontics,lyria,lyria:P0675,lyria:P0675,primary
crops/disease__train_592__t20.png,Implant,dentex,dentex:disease__train_592,dentex:disease__train_592,reviewed
Endodontics/lyria__P0286__b3.png,Endodontics,lyria,lyria:P0286,lyria:P0286,primary
Impacted/lyria__P0487__b3.png,Impacted,lyria,lyria:P0487,lyria:P0487,primary
Endodontics/lyria__P0375__b4.png,Endodontics,lyria,lyria:P0375,lyria:P0375,primary
Restored/lyria__P0376__b1.png,Restored,lyria,lyria:P0376,lyria:P0376,primary
Endodontics/lyria__P0416__b0.png,Endodontics,lyria,lyria:P0416,lyria:P0416,primary
Restored/lyria__P0218__b6.png,Restored,lyria,lyria:P0218,lyria:P0218,primary
Impacted/lyria__P0008__b1.png,Impacted,lyria,lyria:P0008,lyria:P0008,primary
Restored/lyria__P0389__b0.png,Restored,lyria,lyria:P0389,lyria:P0389,primary
Endodontics/lyria__P0780__b2.png,Endodontics,lyria,lyria:P0780,lyria:P0780,primary
Endodontics/lyria__P0550__b4.png,Endodontics,lyria,lyria:P0550,lyria:P0550,primary
Healthy/lyria__P0774__b3.png,Healthy,lyria,lyria:P0774,lyria:P0774,primary
Healthy/lyria__P0196__b0.png,Healthy,lyria,lyria:P0196,lyria:P0196,primary
crops/537__t16.png,Implant,tufts,tufts:537,tufts:537,reviewed
Healthy/lyria__P0151__b1.png,Healthy,lyria,lyria:P0151,lyria:P0151,primary
Endodontics/lyria__P0286__b1.png,Endodontics,lyria,lyria:P0286,lyria:P0286,primary
Healthy/lyria__P0498__b23.png,Healthy,lyria,lyria:P0498,lyria:P0498,primary
crops/808__t21.png,Implant,tufts,tufts:808,tufts:808,reviewed
Restored/lyria__P0003__b5.png,Restored,lyria,lyria:P0003,lyria:P0003,primary
Healthy/lyria__P0229__b3.png,Healthy,lyria,lyria:P0229,lyria:P0229,primary
Endodontics/lyria__P0304__b2.png,Endodontics,lyria,lyria:P0304,lyria:P0304,primary
Healthy/lyria__P0507__b10.png,Healthy,lyria,lyria:P0507,lyria:P0507,primary
crops/enum__train_459__t22.png,Implant,dentex,dentex:enum__train_459,dentex:enum__train_459,reviewed
Restored/lyria__P0081__b0.png,Restored,lyria,lyria:P0081,lyria:P0081,primary
Healthy/lyria__P0357__b5.png,Healthy,lyria,lyria:P0357,lyria:P0357,primary
Impacted/lyria__P0056__b0.png,Impacted,lyria,lyria:P0056,lyria:P0056,primary
Restored/lyria__P0255__b3.png,Restored,lyria,lyria:P0255,lyria:P0255,primary
Endodontics/lyria__P0647__b2.png,Endodontics,lyria,lyria:P0647,lyria:P0647,primary
Endodontics/lyria__P0560__b5.png,Endodontics,lyria,lyria:P0560,lyria:P0560,primary
Healthy/lyria__P0700__b0.png,Healthy,lyria,lyria:P0700,lyria:P0700,primary
Endodontics/lyria__P0213__b7.png,Endodontics,lyria,lyria:P0213,lyria:P0213,primary
Restored/lyria__P0453__b1.png,Restored,lyria,lyria:P0453,lyria:P0453,primary
Healthy/lyria__P0351__b10.png,Healthy,lyria,lyria:P0351,lyria:P0351,primary
Impacted/lyria__P0090__b0.png,Impacted,lyria,lyria:P0090,lyria:P0090,primary
Impacted/lyria__P0270__b0.png,Impacted,lyria,lyria:P0270,lyria:P0270,primary
Restored/lyria__P0326__b1.png,Restored,lyria,lyria:P0326,lyria:P0326,primary
Healthy/lyria__P0020__b11.png,Healthy,lyria,lyria:P0020,lyria:P0020,primary
Healthy/lyria__P0420__b3.png,Healthy,lyria,lyria:P0420,lyria:P0420,primary
Endodontics/lyria__P0050__b1.png,Endodontics,lyria,lyria:P0050,lyria:P0050,primary
Healthy/lyria__P0444__b26.png,Healthy,lyria,lyria:P0444,lyria:P0444,primary
Impacted/lyria__P0187__b1.png,Impacted,lyria,lyria:P0187,lyria:P0187,primary
Impacted/lyria__P0467__b3.png,Impacted,lyria,lyria:P0467,lyria:P0467,primary
Endodontics/lyria__P0363__b1.png,Endodontics,lyria,lyria:P0363,lyria:P0363,primary
Restored/lyria__P0287__b1.png,Restored,lyria,lyria:P0287,lyria:P0287,primary
Healthy/lyria__P0326__b5.png,Healthy,lyria,lyria:P0326,lyria:P0326,primary
crops/478__t20.png,Implant,tufts,tufts:478,tufts:478,reviewed
Impacted/lyria__P0369__b0.png,Impacted,lyria,lyria:P0369,lyria:P0369,primary
Healthy/lyria__P0062__b14.png,Healthy,lyria,lyria:P0062,lyria:P0062,primary
crops/disease__train_24__t10.png,Implant,dentex,dentex:disease__train_24,dentex:disease__train_24,reviewed
crops/disease__train_664__t27.png,Implant,dentex,dentex:disease__train_664,dentex:disease__train_664,reviewed
Restored/lyria__P0109__b11.png,Restored,lyria,lyria:P0109,lyria:P0109,primary
Healthy/lyria__P0171__b1.png,Healthy,lyria,lyria:P0171,lyria:P0171,primary
Impacted/lyria__P0692__b0.png,Impacted,lyria,lyria:P0692,lyria:P0692,primary
Restored/lyria__P0246__b4.png,Restored,lyria,lyria:P0246,lyria:P0246,primary
Healthy/lyria__P0484__b15.png,Healthy,lyria,lyria:P0484,lyria:P0484,primary
Endodontics/lyria__P0086__b1.png,Endodontics,lyria,lyria:P0086,lyria:P0086,primary
Restored/lyria__P0071__b1.png,Restored,lyria,lyria:P0071,lyria:P0071,primary
Impacted/lyria__P0468__b1.png,Impacted,lyria,lyria:P0468,lyria:P0468,primary
Endodontics/lyria__P0008__b1.png,Endodontics,lyria,lyria:P0008,lyria:P0008,primary
Impacted/lyria__P0668__b0.png,Impacted,lyria,lyria:P0668,lyria:P0668,primary
crops/124__t01.png,Implant,tufts,tufts:124,tufts:124,reviewed
Healthy/lyria__P0199__b20.png,Healthy,lyria,lyria:P0199,lyria:P0199,primary
Impacted/lyria__P0577__b1.png,Impacted,lyria,lyria:P0577,lyria:P0577,primary
Restored/lyria__P0681__b3.png,Restored,lyria,lyria:P0681,lyria:P0681,primary
Impacted/lyria__P0110__b0.png,Impacted,lyria,lyria:P0110,lyria:P0110,primary
crops/enum__train_547__t25.png,Implant,dentex,dentex:enum__train_547,dentex:enum__train_547,reviewed
Impacted/lyria__P0656__b0.png,Impacted,lyria,lyria:P0656,lyria:P0656,primary
Endodontics/lyria__P0078__b4.png,Endodontics,lyria,lyria:P0078,lyria:P0078,primary
Healthy/lyria__P0122__b12.png,Healthy,lyria,lyria:P0122,lyria:P0122,primary
Endodontics/lyria__P0357__b0.png,Endodontics,lyria,lyria:P0357,lyria:P0357,primary
Implant/lyria__P0071__b5.png,Implant,lyria,lyria:P0071,lyria:P0071,primary
Implant/lyria__P0108__b2.png,Implant,lyria,lyria:P0108,lyria:P0108,primary
Restored/lyria__P0577__b1.png,Restored,lyria,lyria:P0577,lyria:P0577,primary
Impacted/lyria__P0171__b2.png,Impacted,lyria,lyria:P0171,lyria:P0171,primary
Healthy/lyria__P0355__b10.png,Healthy,lyria,lyria:P0355,lyria:P0355,primary
crops/441__t06.png,Implant,tufts,tufts:441,tufts:441,reviewed
Impacted/lyria__P0474__b2.png,Impacted,lyria,lyria:P0474,lyria:P0474,primary
Healthy/lyria__P0659__b8.png,Healthy,lyria,lyria:P0659,lyria:P0659,primary
Healthy/lyria__P0081__b12.png,Healthy,lyria,lyria:P0081,lyria:P0081,primary
Impacted/lyria__P0660__b0.png,Impacted,lyria,lyria:P0660,lyria:P0660,primary
Endodontics/lyria__P0050__b5.png,Endodontics,lyria,lyria:P0050,lyria:P0050,primary
crops/disease__train_97__t11.png,Implant,dentex,dentex:disease__train_97,dentex:disease__train_97,reviewed
Restored/lyria__P0334__b5.png,Restored,lyria,lyria:P0334,lyria:P0334,primary
Healthy/lyria__P0086__b8.png,Healthy,lyria,lyria:P0086,lyria:P0086,primary
Endodontics/lyria__P0213__b6.png,Endodontics,lyria,lyria:P0213,lyria:P0213,primary
Healthy/lyria__P0025__b0.png,Healthy,lyria,lyria:P0025,lyria:P0025,primary
Implant/lyria__P0759__b1.png,Implant,lyria,lyria:P0759,lyria:P0759,primary
crops/962__t00.png,Implant,tufts,tufts:962,tufts:962,reviewed
Implant/lyria__P0759__b5.png,Implant,lyria,lyria:P0759,lyria:P0759,primary
Impacted/lyria__P0542__b0.png,Impacted,lyria,lyria:P0542,lyria:P0542,primary
Restored/lyria__P0707__b3.png,Restored,lyria,lyria:P0707,lyria:P0707,primary
Endodontics/lyria__P0317__b0.png,Endodontics,lyria,lyria:P0317,lyria:P0317,primary
crops/564__t12.png,Implant,tufts,tufts:564,tufts:564,reviewed
Restored/lyria__P0540__b3.png,Restored,lyria,lyria:P0540,lyria:P0540,primary
Impacted/lyria__P0317__b1.png,Impacted,lyria,lyria:P0317,lyria:P0317,primary
crops/869__t03.png,Implant,tufts,tufts:869,tufts:869,reviewed
Endodontics/lyria__P0218__b0.png,Endodontics,lyria,lyria:P0218,lyria:P0218,primary
Impacted/lyria__P0369__b2.png,Impacted,lyria,lyria:P0369,lyria:P0369,primary
Endodontics/lyria__P0675__b1.png,Endodontics,lyria,lyria:P0675,lyria:P0675,primary
Endodontics/lyria__P0669__b1.png,Endodontics,lyria,lyria:P0669,lyria:P0669,primary
Restored/lyria__P0081__b9.png,Restored,lyria,lyria:P0081,lyria:P0081,primary
Restored/lyria__P0775__b0.png,Restored,lyria,lyria:P0775,lyria:P0775,primary
Healthy/lyria__P0317__b11.png,Healthy,lyria,lyria:P0317,lyria:P0317,primary
Impacted/lyria__P0507__b1.png,Impacted,lyria,lyria:P0507,lyria:P0507,primary
Healthy/lyria__P0216__b8.png,Healthy,lyria,lyria:P0216,lyria:P0216,primary
Restored/lyria__P0692__b6.png,Restored,lyria,lyria:P0692,lyria:P0692,primary
Endodontics/lyria__P0750__b0.png,Endodontics,lyria,lyria:P0750,lyria:P0750,primary
crops/197__t05.png,Implant,tufts,tufts:197,tufts:197,reviewed
Healthy/lyria__P0517__b13.png,Healthy,lyria,lyria:P0517,lyria:P0517,primary
Restored/lyria__P0519__b1.png,Restored,lyria,lyria:P0519,lyria:P0519,primary
Impacted/lyria__P0487__b0.png,Impacted,lyria,lyria:P0487,lyria:P0487,primary
Healthy/lyria__P0561__b8.png,Healthy,lyria,lyria:P0561,lyria:P0561,primary
Healthy/lyria__P0174__b0.png,Healthy,lyria,lyria:P0174,lyria:P0174,primary
crops/175__t25.png,Implant,tufts,tufts:175,tufts:175,reviewed
Healthy/lyria__P0540__b2.png,Healthy,lyria,lyria:P0540,lyria:P0540,primary
Healthy/lyria__P0057__b3.png,Healthy,lyria,lyria:P0057,lyria:P0057,primary
Restored/lyria__P0177__b1.png,Restored,lyria,lyria:P0177,lyria:P0177,primary
Impacted/lyria__P0701__b2.png,Impacted,lyria,lyria:P0701,lyria:P0701,primary
Impacted/lyria__P0036__b0.png,Impacted,lyria,lyria:P0036,lyria:P0036,primary
crops/disease__train_115__t22.png,Implant,dentex,dentex:disease__train_115,dentex:disease__train_115,reviewed
Endodontics/lyria__P0304__b4.png,Endodontics,lyria,lyria:P0304,lyria:P0304,primary
Healthy/lyria__P0647__b1.png,Healthy,lyria,lyria:P0647,lyria:P0647,primary
Impacted/lyria__P0255__b1.png,Impacted,lyria,lyria:P0255,lyria:P0255,primary
Endodontics/lyria__P0678__b1.png,Endodontics,lyria,lyria:P0678,lyria:P0678,primary
Impacted/lyria__P0474__b0.png,Impacted,lyria,lyria:P0474,lyria:P0474,primary
Healthy/lyria__P0392__b29.png,Healthy,lyria,lyria:P0392,lyria:P0392,primary
Implant/lyria__P0752__b0.png,Implant,lyria,lyria:P0752,lyria:P0752,primary
Impacted/lyria__P0301__b0.png,Impacted,lyria,lyria:P0301,lyria:P0301,primary
crops/disease__train_699__t04.png,Implant,dentex,dentex:disease__train_699,dentex:disease__train_699,reviewed
Healthy/lyria__P0530__b2.png,Healthy,lyria,lyria:P0530,lyria:P0530,primary
Endodontics/lyria__P0422__b6.png,Endodontics,lyria,lyria:P0422,lyria:P0422,primary
Endodontics/lyria__P0692__b0.png,Endodontics,lyria,lyria:P0692,lyria:P0692,primary
Impacted/lyria__P0475__b0.png,Impacted,lyria,lyria:P0475,lyria:P0475,primary
Impacted/lyria__P0287__b1.png,Impacted,lyria,lyria:P0287,lyria:P0287,primary
Endodontics/lyria__P0785__b0.png,Endodontics,lyria,lyria:P0785,lyria:P0785,primary
Impacted/lyria__P0317__b0.png,Impacted,lyria,lyria:P0317,lyria:P0317,primary
Restored/lyria__P0519__b0.png,Restored,lyria,lyria:P0519,lyria:P0519,primary
Impacted/lyria__P0452__b0.png,Impacted,lyria,lyria:P0452,lyria:P0452,primary
crops/808__t20.png,Implant,tufts,tufts:808,tufts:808,reviewed
Impacted/lyria__P0028__b0.png,Impacted,lyria,lyria:P0028,lyria:P0028,primary
Endodontics/lyria__P0566__b4.png,Endodontics,lyria,lyria:P0566,lyria:P0566,primary
Endodontics/lyria__P0375__b5.png,Endodontics,lyria,lyria:P0375,lyria:P0375,primary
crops/808__t05.png,Implant,tufts,tufts:808,tufts:808,reviewed
Endodontics/lyria__P0305__b7.png,Endodontics,lyria,lyria:P0305,lyria:P0305,primary
Impacted/lyria__P0002__b2.png,Impacted,lyria,lyria:P0002,lyria:P0002,primary
Healthy/lyria__P0482__b10.png,Healthy,lyria,lyria:P0482,lyria:P0482,primary
Endodontics/lyria__P0292__b1.png,Endodontics,lyria,lyria:P0292,lyria:P0292,primary
Restored/lyria__P0595__b3.png,Restored,lyria,lyria:P0595,lyria:P0595,primary
Healthy/lyria__P0605__b1.png,Healthy,lyria,lyria:P0605,lyria:P0605,primary
Restored/lyria__P0744__b2.png,Restored,lyria,lyria:P0744,lyria:P0744,primary
Endodontics/lyria__P0286__b2.png,Endodontics,lyria,lyria:P0286,lyria:P0286,primary
crops/962__t01.png,Implant,tufts,tufts:962,tufts:962,reviewed
Impacted/lyria__P0459__b1.png,Impacted,lyria,lyria:P0459,lyria:P0459,primary
Impacted/lyria__P0542__b1.png,Impacted,lyria,lyria:P0542,lyria:P0542,primary
Healthy/lyria__P0473__b3.png,Healthy,lyria,lyria:P0473,lyria:P0473,primary
Healthy/lyria__P0681__b16.png,Healthy,lyria,lyria:P0681,lyria:P0681,primary
Endodontics/lyria__P0350__b5.png,Endodontics,lyria,lyria:P0350,lyria:P0350,primary
Impacted/lyria__P0416__b0.png,Impacted,lyria,lyria:P0416,lyria:P0416,primary
Restored/lyria__P0451__b0.png,Restored,lyria,lyria:P0451,lyria:P0451,primary
Healthy/lyria__P0383__b11.png,Healthy,lyria,lyria:P0383,lyria:P0383,primary
Impacted/lyria__P0383__b1.png,Impacted,lyria,lyria:P0383,lyria:P0383,primary
Healthy/lyria__P0108__b1.png,Healthy,lyria,lyria:P0108,lyria:P0108,primary
Impacted/lyria__P0503__b1.png,Impacted,lyria,lyria:P0503,lyria:P0503,primary
crops/634__t19.png,Implant,tufts,tufts:634,tufts:634,reviewed
Healthy/lyria__P0560__b1.png,Healthy,lyria,lyria:P0560,lyria:P0560,primary
crops/disease__train_265__t06.png,Implant,dentex,dentex:disease__train_265,dentex:disease__train_265,reviewed
Impacted/lyria__P0507__b0.png,Impacted,lyria,lyria:P0507,lyria:P0507,primary
Implant/lyria__P0071__b2.png,Implant,lyria,lyria:P0071,lyria:P0071,primary
crops/1013__t24.png,Implant,tufts,tufts:1013,tufts:1013,reviewed
Restored/lyria__P0700__b5.png,Restored,lyria,lyria:P0700,lyria:P0700,primary
Impacted/lyria__P0150__b0.png,Impacted,lyria,lyria:P0150,lyria:P0150,primary
Endodontics/lyria__P0003__b3.png,Endodontics,lyria,lyria:P0003,lyria:P0003,primary
Endodontics/lyria__P0263__b5.png,Endodontics,lyria,lyria:P0263,lyria:P0263,primary
Impacted/lyria__P0262__b0.png,Impacted,lyria,lyria:P0262,lyria:P0262,primary
crops/enum__train_365__t04.png,Implant,dentex,dentex:enum__train_365,dentex:enum__train_365,reviewed
Healthy/lyria__P0659__b13.png,Healthy,lyria,lyria:P0659,lyria:P0659,primary
Restored/lyria__P0062__b9.png,Restored,lyria,lyria:P0062,lyria:P0062,primary
crops/842__t02.png,Implant,tufts,tufts:842,tufts:842,reviewed
crops/enum__train_459__t19.png,Implant,dentex,dentex:enum__train_459,dentex:enum__train_459,reviewed
Healthy/lyria__P0448__b8.png,Healthy,lyria,lyria:P0448,lyria:P0448,primary
Healthy/lyria__P0452__b11.png,Healthy,lyria,lyria:P0452,lyria:P0452,primary
crops/disease__train_24__t13.png,Implant,dentex,dentex:disease__train_24,dentex:disease__train_24,reviewed
Restored/lyria__P0457__b0.png,Restored,lyria,lyria:P0457,lyria:P0457,primary
Impacted/lyria__P0187__b3.png,Impacted,lyria,lyria:P0187,lyria:P0187,primary
Endodontics/lyria__P0286__b4.png,Endodontics,lyria,lyria:P0286,lyria:P0286,primary
Impacted/lyria__P0577__b0.png,Impacted,lyria,lyria:P0577,lyria:P0577,primary
Restored/lyria__P0369__b4.png,Restored,lyria,lyria:P0369,lyria:P0369,primary
Restored/lyria__P0297__b8.png,Restored,lyria,lyria:P0297,lyria:P0297,primary
crops/658__t14.png,Implant,tufts,tufts:658,tufts:658,reviewed
Endodontics/lyria__P0752__b6.png,Endodontics,lyria,lyria:P0752,lyria:P0752,primary
Endodontics/lyria__P0269__b0.png,Endodontics,lyria,lyria:P0269,lyria:P0269,primary
Restored/lyria__P0025__b3.png,Restored,lyria,lyria:P0025,lyria:P0025,primary
Endodontics/lyria__P0213__b0.png,Endodontics,lyria,lyria:P0213,lyria:P0213,primary
Impacted/lyria__P0086__b0.png,Impacted,lyria,lyria:P0086,lyria:P0086,primary
Healthy/lyria__P0632__b0.png,Healthy,lyria,lyria:P0632,lyria:P0632,primary
Restored/lyria__P0656__b3.png,Restored,lyria,lyria:P0656,lyria:P0656,primary
Restored/lyria__P0248__b2.png,Restored,lyria,lyria:P0248,lyria:P0248,primary
Endodontics/lyria__P0759__b1.png,Endodontics,lyria,lyria:P0759,lyria:P0759,primary
Endodontics/lyria__P0186__b3.png,Endodontics,lyria,lyria:P0186,lyria:P0186,primary
Impacted/lyria__P0097__b0.png,Impacted,lyria,lyria:P0097,lyria:P0097,primary
Endodontics/lyria__P0668__b3.png,Endodontics,lyria,lyria:P0668,lyria:P0668,primary
crops/987__t04.png,Implant,tufts,tufts:987,tufts:987,reviewed
Restored/lyria__P0446__b2.png,Restored,lyria,lyria:P0446,lyria:P0446,primary
Implant/lyria__P0350__b3.png,Implant,lyria,lyria:P0350,lyria:P0350,primary
crops/enum__train_492__t18.png,Implant,dentex,dentex:enum__train_492,dentex:enum__train_492,reviewed
Restored/lyria__P0057__b4.png,Restored,lyria,lyria:P0057,lyria:P0057,primary
Endodontics/lyria__P0036__b3.png,Endodontics,lyria,lyria:P0036,lyria:P0036,primary
Implant/lyria__P0063__b1.png,Implant,lyria,lyria:P0063,lyria:P0063,primary
Impacted/lyria__P0392__b0.png,Impacted,lyria,lyria:P0392,lyria:P0392,primary
Impacted/lyria__P0504__b0.png,Impacted,lyria,lyria:P0504,lyria:P0504,primary
Impacted/lyria__P0087__b2.png,Impacted,lyria,lyria:P0087,lyria:P0087,primary
Endodontics/lyria__P0145__b1.png,Endodontics,lyria,lyria:P0145,lyria:P0145,primary
crops/869__t04.png,Implant,tufts,tufts:869,tufts:869,reviewed
Restored/lyria__P0600__b0.png,Restored,lyria,lyria:P0600,lyria:P0600,primary
Healthy/lyria__P0550__b0.png,Healthy,lyria,lyria:P0550,lyria:P0550,primary
Endodontics/lyria__P0078__b2.png,Endodontics,lyria,lyria:P0078,lyria:P0078,primary
crops/21__t21.png,Implant,tufts,tufts:21,tufts:21,reviewed
Healthy/lyria__P0389__b11.png,Healthy,lyria,lyria:P0389,lyria:P0389,primary
Healthy/lyria__P0542__b10.png,Healthy,lyria,lyria:P0542,lyria:P0542,primary
Healthy/lyria__P0057__b11.png,Healthy,lyria,lyria:P0057,lyria:P0057,primary
Restored/lyria__P0062__b1.png,Restored,lyria,lyria:P0062,lyria:P0062,primary
Restored/lyria__P0028__b4.png,Restored,lyria,lyria:P0028,lyria:P0028,primary
crops/561__t05.png,Implant,tufts,tufts:561,tufts:561,reviewed
Impacted/lyria__P0073__b0.png,Impacted,lyria,lyria:P0073,lyria:P0073,primary
Restored/lyria__P0243__b3.png,Restored,lyria,lyria:P0243,lyria:P0243,primary
Healthy/lyria__P0072__b4.png,Healthy,lyria,lyria:P0072,lyria:P0072,primary
crops/enum__train_459__t24.png,Implant,dentex,dentex:enum__train_459,dentex:enum__train_459,reviewed
Healthy/lyria__P0520__b2.png,Healthy,lyria,lyria:P0520,lyria:P0520,primary
crops/561__t03.png,Implant,tufts,tufts:561,tufts:561,reviewed
Endodontics/lyria__P0218__b1.png,Endodontics,lyria,lyria:P0218,lyria:P0218,primary
Restored/lyria__P0422__b1.png,Restored,lyria,lyria:P0422,lyria:P0422,primary
Endodontics/lyria__P0049__b2.png,Endodontics,lyria,lyria:P0049,lyria:P0049,primary
Endodontics/lyria__P0025__b0.png,Endodontics,lyria,lyria:P0025,lyria:P0025,primary
crops/290__t04.png,Implant,tufts,tufts:290,tufts:290,reviewed
Endodontics/lyria__P0759__b0.png,Endodontics,lyria,lyria:P0759,lyria:P0759,primary
Restored/lyria__P0151__b3.png,Restored,lyria,lyria:P0151,lyria:P0151,primary
Impacted/lyria__P0008__b2.png,Impacted,lyria,lyria:P0008,lyria:P0008,primary
Endodontics/lyria__P0422__b5.png,Endodontics,lyria,lyria:P0422,lyria:P0422,primary
Endodontics/lyria__P0375__b2.png,Endodontics,lyria,lyria:P0375,lyria:P0375,primary
Healthy/lyria__P0207__b5.png,Healthy,lyria,lyria:P0207,lyria:P0207,primary
Restored/lyria__P0533__b11.png,Restored,lyria,lyria:P0533,lyria:P0533,primary
Implant/lyria__P0096__b2.png,Implant,lyria,lyria:P0096,lyria:P0096,primary
Endodontics/lyria__P0167__b0.png,Endodontics,lyria,lyria:P0167,lyria:P0167,primary
Endodontics/lyria__P0675__b2.png,Endodontics,lyria,lyria:P0675,lyria:P0675,primary
Restored/lyria__P0360__b2.png,Restored,lyria,lyria:P0360,lyria:P0360,primary
Endodontics/lyria__P0305__b1.png,Endodontics,lyria,lyria:P0305,lyria:P0305,primary
Impacted/lyria__P0700__b0.png,Impacted,lyria,lyria:P0700,lyria:P0700,primary
Restored/lyria__P0025__b1.png,Restored,lyria,lyria:P0025,lyria:P0025,primary
Restored/lyria__P0647__b4.png,Restored,lyria,lyria:P0647,lyria:P0647,primary
crops/894__t08.png,Implant,tufts,tufts:894,tufts:894,reviewed
Impacted/lyria__P0186__b0.png,Impacted,lyria,lyria:P0186,lyria:P0186,primary
Restored/lyria__P0801__b5.png,Restored,lyria,lyria:P0801,lyria:P0801,primary
Endodontics/lyria__P0560__b6.png,Endodontics,lyria,lyria:P0560,lyria:P0560,primary
Healthy/lyria__P0341__b16.png,Healthy,lyria,lyria:P0341,lyria:P0341,primary
Impacted/lyria__P0072__b1.png,Impacted,lyria,lyria:P0072,lyria:P0072,primary
crops/disease__train_398__t00.png,Implant,dentex,dentex:disease__train_398,dentex:disease__train_398,reviewed
Endodontics/lyria__P0595__b0.png,Endodontics,lyria,lyria:P0595,lyria:P0595,primary
Restored/lyria__P0123__b8.png,Restored,lyria,lyria:P0123,lyria:P0123,primary
Restored/lyria__P0507__b5.png,Restored,lyria,lyria:P0507,lyria:P0507,primary
Impacted/lyria__P0669__b1.png,Impacted,lyria,lyria:P0669,lyria:P0669,primary
crops/155__t13.png,Implant,tufts,tufts:155,tufts:155,reviewed
Restored/lyria__P0647__b5.png,Restored,lyria,lyria:P0647,lyria:P0647,primary
Healthy/lyria__P0167__b8.png,Healthy,lyria,lyria:P0167,lyria:P0167,primary
Endodontics/lyria__P0329__b1.png,Endodontics,lyria,lyria:P0329,lyria:P0329,primary
crops/505__t21.png,Implant,tufts,tufts:505,tufts:505,reviewed
crops/enum__train_436__t15.png,Implant,dentex,dentex:enum__train_436,dentex:enum__train_436,reviewed
Restored/lyria__P0716__b11.png,Restored,lyria,lyria:P0716,lyria:P0716,primary
Restored/lyria__P0566__b3.png,Restored,lyria,lyria:P0566,lyria:P0566,primary
Endodontics/lyria__P0202__b1.png,Endodontics,lyria,lyria:P0202,lyria:P0202,primary
Healthy/lyria__P0474__b3.png,Healthy,lyria,lyria:P0474,lyria:P0474,primary
Endodontics/lyria__P0213__b9.png,Endodontics,lyria,lyria:P0213,lyria:P0213,primary
Endodontics/lyria__P0202__b0.png,Endodontics,lyria,lyria:P0202,lyria:P0202,primary
Endodontics/lyria__P0145__b3.png,Endodontics,lyria,lyria:P0145,lyria:P0145,primary
Restored/lyria__P0790__b1.png,Restored,lyria,lyria:P0790,lyria:P0790,primary
Endodontics/lyria__P0730__b1.png,Endodontics,lyria,lyria:P0730,lyria:P0730,primary
Restored/lyria__P0057__b0.png,Restored,lyria,lyria:P0057,lyria:P0057,primary
Restored/lyria__P0270__b4.png,Restored,lyria,lyria:P0270,lyria:P0270,primary
Healthy/lyria__P0533__b3.png,Healthy,lyria,lyria:P0533,lyria:P0533,primary
crops/197__t01.png,Implant,tufts,tufts:197,tufts:197,reviewed
Endodontics/lyria__P0086__b0.png,Endodontics,lyria,lyria:P0086,lyria:P0086,primary
Healthy/lyria__P0739__b11.png,Healthy,lyria,lyria:P0739,lyria:P0739,primary
Impacted/lyria__P0365__b0.png,Impacted,lyria,lyria:P0365,lyria:P0365,primary
Impacted/lyria__P0377__b0.png,Impacted,lyria,lyria:P0377,lyria:P0377,primary
crops/842__t00.png,Implant,tufts,tufts:842,tufts:842,reviewed
Healthy/lyria__P0750__b11.png,Healthy,lyria,lyria:P0750,lyria:P0750,primary
crops/enum__train_42__t12.png,Implant,dentex,dentex:enum__train_42,dentex:enum__train_42,reviewed
Healthy/lyria__P0369__b14.png,Healthy,lyria,lyria:P0369,lyria:P0369,primary
crops/343__t03.png,Implant,tufts,tufts:343,tufts:343,reviewed
crops/290__t00.png,Implant,tufts,tufts:290,tufts:290,reviewed
Restored/lyria__P0177__b2.png,Restored,lyria,lyria:P0177,lyria:P0177,primary
Impacted/lyria__P0750__b0.png,Impacted,lyria,lyria:P0750,lyria:P0750,primary
Endodontics/lyria__P0363__b3.png,Endodontics,lyria,lyria:P0363,lyria:P0363,primary
Impacted/lyria__P0484__b0.png,Impacted,lyria,lyria:P0484,lyria:P0484,primary
Endodontics/lyria__P0530__b5.png,Endodontics,lyria,lyria:P0530,lyria:P0530,primary
Impacted/lyria__P0270__b1.png,Impacted,lyria,lyria:P0270,lyria:P0270,primary
Endodontics/lyria__P0229__b0.png,Endodontics,lyria,lyria:P0229,lyria:P0229,primary
crops/540__t01.png,Implant,tufts,tufts:540,tufts:540,reviewed
Endodontics/lyria__P0531__b2.png,Endodontics,lyria,lyria:P0531,lyria:P0531,primary
Restored/lyria__P0443__b10.png,Restored,lyria,lyria:P0443,lyria:P0443,primary
Healthy/lyria__P0078__b0.png,Healthy,lyria,lyria:P0078,lyria:P0078,primary
Implant/lyria__P0750__b0.png,Implant,lyria,lyria:P0750,lyria:P0750,primary
Endodontics/lyria__P0730__b0.png,Endodontics,lyria,lyria:P0730,lyria:P0730,primary
Implant/lyria__P0358__b0.png,Implant,lyria,lyria:P0358,lyria:P0358,primary
Impacted/lyria__P0459__b0.png,Impacted,lyria,lyria:P0459,lyria:P0459,primary
Endodontics/lyria__P0287__b2.png,Endodontics,lyria,lyria:P0287,lyria:P0287,primary
Restored/lyria__P0656__b1.png,Restored,lyria,lyria:P0656,lyria:P0656,primary
Restored/lyria__P0377__b7.png,Restored,lyria,lyria:P0377,lyria:P0377,primary
Healthy/lyria__P0660__b12.png,Healthy,lyria,lyria:P0660,lyria:P0660,primary
Endodontics/lyria__P0304__b0.png,Endodontics,lyria,lyria:P0304,lyria:P0304,primary
Restored/lyria__P0020__b0.png,Restored,lyria,lyria:P0020,lyria:P0020,primary
Healthy/lyria__P0050__b2.png,Healthy,lyria,lyria:P0050,lyria:P0050,primary
Endodontics/lyria__P0350__b9.png,Endodontics,lyria,lyria:P0350,lyria:P0350,primary
Healthy/lyria__P0187__b17.png,Healthy,lyria,lyria:P0187,lyria:P0187,primary
Endodontics/lyria__P0530__b0.png,Endodontics,lyria,lyria:P0530,lyria:P0530,primary
Endodontics/lyria__P0003__b2.png,Endodontics,lyria,lyria:P0003,lyria:P0003,primary
crops/637__t19.png,Implant,tufts,tufts:637,tufts:637,reviewed
Impacted/lyria__P0499__b0.png,Impacted,lyria,lyria:P0499,lyria:P0499,primary
Restored/lyria__P0269__b0.png,Restored,lyria,lyria:P0269,lyria:P0269,primary
Impacted/lyria__P0341__b0.png,Impacted,lyria,lyria:P0341,lyria:P0341,primary
Healthy/lyria__P0003__b0.png,Healthy,lyria,lyria:P0003,lyria:P0003,primary
Impacted/lyria__P0262__b1.png,Impacted,lyria,lyria:P0262,lyria:P0262,primary
Implant/lyria__P0108__b1.png,Implant,lyria,lyria:P0108,lyria:P0108,primary
Impacted/lyria__P0468__b3.png,Impacted,lyria,lyria:P0468,lyria:P0468,primary
Implant/lyria__P0071__b1.png,Implant,lyria,lyria:P0071,lyria:P0071,primary
Impacted/lyria__P0508__b1.png,Impacted,lyria,lyria:P0508,lyria:P0508,primary
Endodontics/lyria__P0049__b4.png,Endodontics,lyria,lyria:P0049,lyria:P0049,primary
Endodontics/lyria__P0270__b1.png,Endodontics,lyria,lyria:P0270,lyria:P0270,primary
Endodontics/lyria__P0527__b2.png,Endodontics,lyria,lyria:P0527,lyria:P0527,primary
Healthy/lyria__P0301__b8.png,Healthy,lyria,lyria:P0301,lyria:P0301,primary
Impacted/lyria__P0498__b2.png,Impacted,lyria,lyria:P0498,lyria:P0498,primary
Restored/lyria__P0554__b4.png,Restored,lyria,lyria:P0554,lyria:P0554,primary
crops/enum__train_141__t04.png,Implant,dentex,dentex:enum__train_141,dentex:enum__train_141,reviewed
Endodontics/lyria__P0139__b2.png,Endodontics,lyria,lyria:P0139,lyria:P0139,primary
crops/441__t04.png,Implant,tufts,tufts:441,tufts:441,reviewed
Impacted/lyria__P0003__b0.png,Impacted,lyria,lyria:P0003,lyria:P0003,primary
Restored/lyria__P0331__b10.png,Restored,lyria,lyria:P0331,lyria:P0331,primary
crops/116__t01.png,Implant,tufts,tufts:116,tufts:116,reviewed
Healthy/lyria__P0785__b18.png,Healthy,lyria,lyria:P0785,lyria:P0785,primary
Restored/lyria__P0202__b1.png,Restored,lyria,lyria:P0202,lyria:P0202,primary
Endodontics/lyria__P0334__b0.png,Endodontics,lyria,lyria:P0334,lyria:P0334,primary
Restored/lyria__P0475__b2.png,Restored,lyria,lyria:P0475,lyria:P0475,primary
Impacted/lyria__P0072__b0.png,Impacted,lyria,lyria:P0072,lyria:P0072,primary
Healthy/lyria__P0504__b12.png,Healthy,lyria,lyria:P0504,lyria:P0504,primary
crops/842__t01.png,Implant,tufts,tufts:842,tufts:842,reviewed
Restored/lyria__P0218__b4.png,Restored,lyria,lyria:P0218,lyria:P0218,primary
crops/disease__train_664__t29.png,Implant,dentex,dentex:disease__train_664,dentex:disease__train_664,reviewed
Healthy/lyria__P0087__b15.png,Healthy,lyria,lyria:P0087,lyria:P0087,primary
Endodontics/lyria__P0442__b6.png,Endodontics,lyria,lyria:P0442,lyria:P0442,primary
Healthy/lyria__P0097__b27.png,Healthy,lyria,lyria:P0097,lyria:P0097,primary
Restored/lyria__P0301__b1.png,Restored,lyria,lyria:P0301,lyria:P0301,primary
Endodontics/lyria__P0605__b2.png,Endodontics,lyria,lyria:P0605,lyria:P0605,primary
Impacted/lyria__P0087__b0.png,Impacted,lyria,lyria:P0087,lyria:P0087,primary
crops/290__t01.png,Implant,tufts,tufts:290,tufts:290,reviewed
Healthy/lyria__P0338__b7.png,Healthy,lyria,lyria:P0338,lyria:P0338,primary
Restored/lyria__P0213__b0.png,Restored,lyria,lyria:P0213,lyria:P0213,primary
crops/338__t03.png,Implant,tufts,tufts:338,tufts:338,reviewed
Restored/lyria__P0063__b3.png,Restored,lyria,lyria:P0063,lyria:P0063,primary
Endodontics/lyria__P0207__b0.png,Endodontics,lyria,lyria:P0207,lyria:P0207,primary
crops/212__t05.png,Implant,tufts,tufts:212,tufts:212,reviewed
Impacted/lyria__P0504__b1.png,Impacted,lyria,lyria:P0504,lyria:P0504,primary
Restored/lyria__P0527__b17.png,Restored,lyria,lyria:P0527,lyria:P0527,primary
Endodontics/lyria__P0008__b0.png,Endodontics,lyria,lyria:P0008,lyria:P0008,primary
Impacted/lyria__P0297__b0.png,Impacted,lyria,lyria:P0297,lyria:P0297,primary
Impacted/lyria__P0090__b2.png,Impacted,lyria,lyria:P0090,lyria:P0090,primary
Healthy/lyria__P0498__b10.png,Healthy,lyria,lyria:P0498,lyria:P0498,primary
Healthy/lyria__P0063__b7.png,Healthy,lyria,lyria:P0063,lyria:P0063,primary
Restored/lyria__P0136__b1.png,Restored,lyria,lyria:P0136,lyria:P0136,primary
Implant/lyria__P0213__b0.png,Implant,lyria,lyria:P0213,lyria:P0213,primary
Restored/lyria__P0533__b12.png,Restored,lyria,lyria:P0533,lyria:P0533,primary
Healthy/lyria__P0457__b21.png,Healthy,lyria,lyria:P0457,lyria:P0457,primary
Healthy/lyria__P0036__b0.png,Healthy,lyria,lyria:P0036,lyria:P0036,primary
Healthy/lyria__P0499__b15.png,Healthy,lyria,lyria:P0499,lyria:P0499,primary
Endodontics/lyria__P0229__b1.png,Endodontics,lyria,lyria:P0229,lyria:P0229,primary
crops/903__t00.png,Implant,tufts,tufts:903,tufts:903,reviewed
Endodontics/lyria__P0759__b6.png,Endodontics,lyria,lyria:P0759,lyria:P0759,primary
Endodontics/lyria__P0071__b1.png,Endodontics,lyria,lyria:P0071,lyria:P0071,primary
crops/62__t20.png,Implant,tufts,tufts:62,tufts:62,reviewed
Healthy/lyria__P0446__b10.png,Healthy,lyria,lyria:P0446,lyria:P0446,primary
Healthy/lyria__P0752__b1.png,Healthy,lyria,lyria:P0752,lyria:P0752,primary
Impacted/lyria__P0144__b0.png,Impacted,lyria,lyria:P0144,lyria:P0144,primary
crops/537__t15.png,Implant,tufts,tufts:537,tufts:537,reviewed
crops/345__t04.png,Implant,tufts,tufts:345,tufts:345,reviewed
Restored/lyria__P0286__b0.png,Restored,lyria,lyria:P0286,lyria:P0286,primary
crops/309__t20.png,Implant,tufts,tufts:309,tufts:309,reviewed
Implant/lyria__P0122__b0.png,Implant,lyria,lyria:P0122,lyria:P0122,primary
Restored/lyria__P0292__b6.png,Restored,lyria,lyria:P0292,lyria:P0292,primary
Impacted/lyria__P0016__b0.png,Impacted,lyria,lyria:P0016,lyria:P0016,primary
Restored/lyria__P0108__b8.png,Restored,lyria,lyria:P0108,lyria:P0108,primary
Endodontics/lyria__P0780__b1.png,Endodontics,lyria,lyria:P0780,lyria:P0780,primary
Restored/lyria__P0398__b3.png,Restored,lyria,lyria:P0398,lyria:P0398,primary
Restored/lyria__P0363__b0.png,Restored,lyria,lyria:P0363,lyria:P0363,primary
Restored/lyria__P0605__b6.png,Restored,lyria,lyria:P0605,lyria:P0605,primary
crops/869__t11.png,Implant,tufts,tufts:869,tufts:869,reviewed
Restored/lyria__P0341__b2.png,Restored,lyria,lyria:P0341,lyria:P0341,primary
Impacted/lyria__P0692__b1.png,Impacted,lyria,lyria:P0692,lyria:P0692,primary
Endodontics/lyria__P0350__b3.png,Endodontics,lyria,lyria:P0350,lyria:P0350,primary
Restored/lyria__P0542__b0.png,Restored,lyria,lyria:P0542,lyria:P0542,primary
Endodontics/lyria__P0668__b6.png,Endodontics,lyria,lyria:P0668,lyria:P0668,primary
Endodontics/lyria__P0358__b0.png,Endodontics,lyria,lyria:P0358,lyria:P0358,primary
Impacted/lyria__P0498__b0.png,Impacted,lyria,lyria:P0498,lyria:P0498,primary
Healthy/lyria__P0790__b12.png,Healthy,lyria,lyria:P0790,lyria:P0790,primary
Impacted/lyria__P0701__b1.png,Impacted,lyria,lyria:P0701,lyria:P0701,primary
Endodontics/lyria__P0003__b5.png,Endodontics,lyria,lyria:P0003,lyria:P0003,primary
crops/564__t15.png,Implant,tufts,tufts:564,tufts:564,reviewed
Endodontics/lyria__P0071__b0.png,Endodontics,lyria,lyria:P0071,lyria:P0071,primary
Implant/lyria__P0655__b2.png,Implant,lyria,lyria:P0655,lyria:P0655,primary
Impacted/lyria__P0100__b1.png,Impacted,lyria,lyria:P0100,lyria:P0100,primary
Healthy/lyria__P0692__b1.png,Healthy,lyria,lyria:P0692,lyria:P0692,primary
Restored/lyria__P0291__b4.png,Restored,lyria,lyria:P0291,lyria:P0291,primary
Restored/lyria__P0389__b1.png,Restored,lyria,lyria:P0389,lyria:P0389,primary
Endodontics/lyria__P0050__b4.png,Endodontics,lyria,lyria:P0050,lyria:P0050,primary
Impacted/lyria__P0020__b3.png,Impacted,lyria,lyria:P0020,lyria:P0020,primary
Restored/lyria__P0327__b0.png,Restored,lyria,lyria:P0327,lyria:P0327,primary
Endodontics/lyria__P0375__b0.png,Endodontics,lyria,lyria:P0375,lyria:P0375,primary
Healthy/lyria__P0467__b19.png,Healthy,lyria,lyria:P0467,lyria:P0467,primary
Endodontics/lyria__P0531__b1.png,Endodontics,lyria,lyria:P0531,lyria:P0531,primary
Impacted/lyria__P0420__b0.png,Impacted,lyria,lyria:P0420,lyria:P0420,primary
crops/441__t07.png,Implant,tufts,tufts:441,tufts:441,reviewed
crops/124__t21.png,Implant,tufts,tufts:124,tufts:124,reviewed
Endodontics/lyria__P0442__b0.png,Endodontics,lyria,lyria:P0442,lyria:P0442,primary
Restored/lyria__P0577__b7.png,Restored,lyria,lyria:P0577,lyria:P0577,primary
Healthy/lyria__P0063__b4.png,Healthy,lyria,lyria:P0063,lyria:P0063,primary
Endodontics/lyria__P0701__b2.png,Endodontics,lyria,lyria:P0701,lyria:P0701,primary
Endodontics/lyria__P0752__b4.png,Endodontics,lyria,lyria:P0752,lyria:P0752,primary
Impacted/lyria__P0020__b0.png,Impacted,lyria,lyria:P0020,lyria:P0020,primary
Healthy/lyria__P0139__b1.png,Healthy,lyria,lyria:P0139,lyria:P0139,primary
crops/537__t14.png,Implant,tufts,tufts:537,tufts:537,reviewed
Endodontics/lyria__P0108__b3.png,Endodontics,lyria,lyria:P0108,lyria:P0108,primary
Endodontics/lyria__P0566__b2.png,Endodontics,lyria,lyria:P0566,lyria:P0566,primary
Endodontics/lyria__P0174__b1.png,Endodontics,lyria,lyria:P0174,lyria:P0174,primary
Impacted/lyria__P0503__b0.png,Impacted,lyria,lyria:P0503,lyria:P0503,primary
Impacted/lyria__P0604__b0.png,Impacted,lyria,lyria:P0604,lyria:P0604,primary
Restored/lyria__P0448__b2.png,Restored,lyria,lyria:P0448,lyria:P0448,primary
Endodontics/lyria__P0668__b2.png,Endodontics,lyria,lyria:P0668,lyria:P0668,primary
Restored/lyria__P0086__b3.png,Restored,lyria,lyria:P0086,lyria:P0086,primary
Restored/lyria__P0216__b4.png,Restored,lyria,lyria:P0216,lyria:P0216,primary
Healthy/lyria__P0464__b7.png,Healthy,lyria,lyria:P0464,lyria:P0464,primary
Restored/lyria__P0446__b0.png,Restored,lyria,lyria:P0446,lyria:P0446,primary
crops/505__t25.png,Implant,tufts,tufts:505,tufts:505,reviewed
Endodontics/lyria__P0752__b5.png,Endodontics,lyria,lyria:P0752,lyria:P0752,primary
Implant/lyria__P0350__b2.png,Implant,lyria,lyria:P0350,lyria:P0350,primary
Restored/lyria__P0329__b1.png,Restored,lyria,lyria:P0329,lyria:P0329,primary
Impacted/lyria__P0371__b1.png,Impacted,lyria,lyria:P0371,lyria:P0371,primary
Impacted/lyria__P0474__b1.png,Impacted,lyria,lyria:P0474,lyria:P0474,primary
Implant/lyria__P0071__b4.png,Implant,lyria,lyria:P0071,lyria:P0071,primary
Endodontics/lyria__P0049__b1.png,Endodontics,lyria,lyria:P0049,lyria:P0049,primary
Restored/lyria__P0584__b10.png,Restored,lyria,lyria:P0584,lyria:P0584,primary
crops/536__t15.png,Implant,tufts,tufts:536,tufts:536,reviewed
Impacted/lyria__P0150__b3.png,Impacted,lyria,lyria:P0150,lyria:P0150,primary
crops/441__t05.png,Implant,tufts,tufts:441,tufts:441,reviewed
crops/808__t07.png,Implant,tufts,tufts:808,tufts:808,reviewed
crops/enum__train_436__t17.png,Implant,dentex,dentex:enum__train_436,dentex:enum__train_436,reviewed
Restored/lyria__P0305__b6.png,Restored,lyria,lyria:P0305,lyria:P0305,primary
Impacted/lyria__P0187__b2.png,Impacted,lyria,lyria:P0187,lyria:P0187,primary
Impacted/lyria__P0444__b1.png,Impacted,lyria,lyria:P0444,lyria:P0444,primary
Impacted/lyria__P0229__b1.png,Impacted,lyria,lyria:P0229,lyria:P0229,primary
Restored/lyria__P0186__b11.png,Restored,lyria,lyria:P0186,lyria:P0186,primary
Healthy/lyria__P0716__b3.png,Healthy,lyria,lyria:P0716,lyria:P0716,primary
Healthy/lyria__P0255__b7.png,Healthy,lyria,lyria:P0255,lyria:P0255,primary
Restored/lyria__P0411__b2.png,Restored,lyria,lyria:P0411,lyria:P0411,primary
Endodontics/lyria__P0286__b6.png,Endodontics,lyria,lyria:P0286,lyria:P0286,primary
Impacted/lyria__P0183__b1.png,Impacted,lyria,lyria:P0183,lyria:P0183,primary
Endodontics/lyria__P0263__b3.png,Endodontics,lyria,lyria:P0263,lyria:P0263,primary
Healthy/lyria__P0446__b11.png,Healthy,lyria,lyria:P0446,lyria:P0446,primary
Endodontics/lyria__P0605__b1.png,Endodontics,lyria,lyria:P0605,lyria:P0605,primary
Healthy/lyria__P0291__b3.png,Healthy,lyria,lyria:P0291,lyria:P0291,primary
crops/1018__t03.png,Implant,tufts,tufts:1018,tufts:1018,reviewed
Impacted/lyria__P0444__b0.png,Impacted,lyria,lyria:P0444,lyria:P0444,primary
Restored/lyria__P0487__b0.png,Restored,lyria,lyria:P0487,lyria:P0487,primary
Restored/lyria__P0692__b4.png,Restored,lyria,lyria:P0692,lyria:P0692,primary
Impacted/lyria__P0073__b1.png,Impacted,lyria,lyria:P0073,lyria:P0073,primary
