,msthgr-clahe__aug__inception_v3,msthgr-clahe__aug__resnetv2_50,msthgr-clahe__aug__vgg16,msthgr-clahe__noaug__inception_v3,msthgr-clahe__noaug__resnetv2_50,msthgr-clahe__noaug__vgg16,msthgr__aug__inception_v3,msthgr__aug__resnetv2_50,msthgr__aug__vgg16,msthgr__noaug__inception_v3,msthgr__noaug__resnetv2_50,msthgr__noaug__vgg16,none__aug__inception_v3,none__aug__resnetv2_50,none__aug__vgg16,none__noaug__inception_v3,none__noaug__resnetv2_50,none__noaug__vgg16
msthgr-clahe__aug__inception_v3,1.0,0.9979497553711159,0.6898856422182349,0.018412718401678685,0.9999617623926084,0.13761466594656258,0.03365665594615985,0.018412718401678685,0.0010367503973520709,0.24837561516539497,0.9617120665982648,0.00014650312120301212,0.15065405128133114,0.9651125614251723,0.6388000756821718,1.4289058450245307e-05,0.30985995689313506,0.001409852237973963
msthgr-clahe__aug__resnetv2_50,0.9979497553711159,1.0,0.9999617623926084,0.559537361884567,0.9999999999974852,0.9359193841789729,0.6898856422182349,0.559537361884567,0.131425912871714,0.9829151775055156,0.9999999999485112,0.037780721493625435,0.9455975272559735,0.9999999999744851,0.9999011718267934,0.007396721774405313,0.9915849980411637,0.15751091422722407
msthgr-clahe__aug__vgg16,0.6898856422182349,0.9999617623926084,1.0,0.9915849980411638,0.9979497553711159,0.9999942860100665,0.9979497553711159,0.9915849980411638,0.7615107168458588,0.9999999633695984,0.9999999908399093,0.4540440851255376,0.9999968882886913,0.9999999852364693,1.0,0.17946182944917832,0.9999999980261834,0.8047195092773283
msthgr-clahe__noaug__inception_v3,0.018412718401678685,0.559537361884567,0.9915849980411638,1.0,0.3098599568931354,0.9999999435198025,1.0,1.0,0.9999997186907188,0.9999923458138471,0.843540581535454,0.999765392115631,0.999999870879988,0.8342732943847273,0.995034648842866,0.986365417695413,0.9999617623926084,0.9999999435198025
msthgr-clahe__noaug__resnetv2_50,0.9999617623926084,0.9999999999974852,0.9979497553711159,0.3098599568931354,1.0,0.7726933274230361,0.4284619225264633,0.3098599568931354,0.047360126318832685,0.8997935337934286,0.9999991657766388,0.01103713044133725,0.7943075566971585,0.9999994134105117,0.9962542365464607,0.0017689779309658649,0.9359193841789729,0.05895088303790552
msthgr-clahe__noaug__vgg16,0.13761466594656258,0.9359193841789729,0.9999942860100665,0.9999999435198025,0.7726933274230361,1.0,0.9999999996442919,0.9999999435198025,0.997604289112863,0.9999999999999936,0.995034648842866,0.9580689445256934,1.0,0.9943095337822723,0.9999983600425537,0.7615107168458588,0.9999999999974852,0.9987420830425403
msthgr__aug__inception_v3,0.03365665594615985,0.6898856422182349,0.9979497553711159,1.0,0.4284619225264633,0.9999999996442919,1.0,1.0,0.9999923458138471,0.9999997186907188,0.9192227599704782,0.9985142315764387,0.9999999988607621,0.9130550273030433,0.9989389876139053,0.9617120665982649,0.9999977313726301,0.9999977313726301
msthgr__aug__resnetv2_50,0.018412718401678685,0.559537361884567,0.9915849980411638,1.0,0.3098599568931354,0.9999999435198025,1.0,1.0,0.9999997186907188,0.9999923458138471,0.843540581535454,0.999765392115631,0.999999870879988,0.8342732943847273,0.995034648842866,0.986365417695413,0.9999617623926084,0.9999999435198025
msthgr__aug__vgg16,0.0010367503973520709,0.131425912871714,0.7615107168458588,0.9999997186907188,0.047360126318832685,0.997604289112863,0.9999923458138471,0.9999997186907188,1.0,0.9847181607328277,0.3435253452223582,0.9999999999485112,0.9967620608157203,0.33210088545949434,0.8047195092773283,0.9999942860100665,0.9712224638207091,1.0
msthgr__noaug__inception_v3,0.24837561516539497,0.9829151775055156,0.9999999633695984,0.9999923458138471,0.8997935337934286,0.9999999999999936,0.9999997186907188,0.9999923458138471,0.9847181607328277,1.0,0.9994837683183633,0.8775567382954879,0.9999999999999996,0.9993780969636649,0.999999994409497,0.5861450476328207,1.0,0.9904672783132429
msthgr__noaug__resnetv2_50,0.9617120665982648,0.9999999999485112,0.9999999908399093,0.843540581535454,0.9999991657766388,0.995034648842866,0.9192227599704782,0.843540581535454,0.3435253452223582,0.9994837683183633,1.0,0.131425912871714,0.9962542365464607,1.0,0.9999999435198025,0.03365665594615985,0.9998461976741346,0.39108303610556105
msthgr__noaug__vgg16,0.00014650312120301212,0.037780721493625435,0.4540440851255376,0.999765392115631,0.01103713044133725,0.9580689445256934,0.9985142315764387,0.999765392115631,0.9999999999485112,0.8775567382954879,0.131425912871714,1.0,0.9500199102123353,0.12545323387990803,0.5063718355147393,0.9999999998081506,0.8247097955180632,0.9999999993561912
none__aug__inception_v3,0.15065405128133114,0.9455975272559735,0.9999968882886913,0.999999870879988,0.7943075566971585,1.0,0.9999999988607621,0.999999870879988,0.9967620608157203,0.9999999999999996,0.9962542365464607,0.9500199102123353,1.0,0.9956805946477629,0.9999991657766388,0.7384490829758594,0.9999999999995658,0.9982515364151832
none__aug__resnetv2_50,0.9651125614251723,0.9999999999744851,0.9999999852364693,0.8342732943847273,0.9999994134105117,0.9943095337822723,0.9130550273030433,0.8342732943847273,0.33210088545949434,0.9993780969636649,1.0,0.12545323387990803,0.9956805946477629,1.0,0.9999999140618131,0.03174628857306183,0.9998095810970435,0.37893074529408455
none__aug__vgg16,0.6388000756821718,0.9999011718267934,1.0,0.995034648842866,0.9962542365464607,0.9999983600425537,0.9989389876139053,0.995034648842866,0.8047195092773283,0.999999994409497,0.9999999435198025,0.5063718355147393,0.9999991657766388,0.9999999140618131,1.0,0.21201895772118895,0.9999999998081506,0.8435405815354537
none__noaug__inception_v3,1.4289058450245307e-05,0.007396721774405313,0.17946182944917832,0.986365417695413,0.0017689779309658649,0.7615107168458588,0.9617120665982649,0.986365417695413,0.9999942860100665,0.5861450476328207,0.03365665594615985,0.9999999998081506,0.7384490829758594,0.03174628857306183,0.21201895772118895,1.0,0.50637183551474,0.9999823753731283
none__noaug__resnetv2_50,0.30985995689313506,0.9915849980411637,0.9999999980261834,0.9999617623926084,0.9359193841789729,0.9999999999974852,0.9999977313726301,0.9999617623926084,0.9712224638207091,1.0,0.9998461976741346,0.8247097955180632,0.9999999999995658,0.9998095810970435,0.9999999998081506,0.50637183551474,1.0,0.9809467773116891
none__noaug__vgg16,0.001409852237973963,0.15751091422722407,0.8047195092773283,0.9999999435198025,0.05895088303790552,0.9987420830425403,0.9999977313726301,0.9999999435198025,1.0,0.9904672783132429,0.39108303610556105,0.9999999993561912,0.9982515364151832,0.37893074529408455,0.8435405815354537,0.9999823753731283,0.9809467773116891,1.0
